"Time","EGRESS","EGRESS","EGRESS","INGRESS","INGRESS","INGRESS"
2023-03-21 20:30:00,174,83.2,158,217,101,202
2023-03-21 20:32:00,168,76.7,162,184,80.0,187
2023-03-21 20:34:00,175,88.4,161,204,92.0,190
2023-03-21 20:36:00,185,87.3,171,236,113,220
2023-03-21 20:38:00,170,73.9,166,198,91.9,203
2023-03-21 20:40:00,174,83.5,158,193,82.3,182
2023-03-21 20:42:00,170,77.8,168,207,103,208
2023-03-21 20:44:00,173,87.6,161,196,84.2,183
2023-03-21 20:46:00,178,85.2,168,207,90.9,196
2023-03-21 20:48:00,215,79.7,184,238,88.4,217
2023-03-21 20:50:00,173,81.8,158,204,91.0,190
2023-03-21 20:52:00,169,348,399,207,374,391
2023-03-21 20:54:00,184,141,219,206,139,232
2023-03-21 20:56:00,174,77.1,165,206,88.9,197
2023-03-21 20:58:00,170,84.7,159,210,101,197
2023-03-21 21:00:00,167,83,157,194,83.8,180
2023-03-21 21:02:00,166,67.7,162,184,75.2,181
2023-03-21 21:04:00,178,162,240,208,165,244
2023-03-21 21:06:00,174,70.3,167,190,73.9,188
2023-03-21 21:08:00,170,81.8,156,216,99.4,195
2023-03-21 21:10:00,173,78.7,156,193,81.4,174
2023-03-21 21:12:00,212,70.9,180,227,75.7,206
2023-03-21 21:14:00,182,199,271,206,198,272
2023-03-21 21:16:00,159,67.2,163,187,82.2,188
2023-03-21 21:18:00,175,82.7,165,213,98.2,200
2023-03-21 21:20:00,173,84.0,157,194,79.9,179
2023-03-21 21:22:00,163,79.4,154,175,75.1,176
2023-03-21 21:24:00,196,251,292,222,251,287
2023-03-21 21:26:00,161,68.9,151,173,69.4,172
2023-03-21 21:28:00,171,89.7,179,205,97.9,221
2023-03-21 21:30:00,168,75.6,163,186,78.8,190
2023-03-21 21:32:00,171,86.5,169,192,81.7,194
2023-03-21 21:34:00,180,255,345,205,253,333
2023-03-21 21:36:00,173,76.3,186,186,80.4,210
2023-03-21 21:38:00,226,88.0,197,261,103,245
2023-03-21 21:40:00,164,74.6,170,177,74.9,193
2023-03-21 21:42:00,171,84.9,170,194,83.4,193
2023-03-21 21:44:00,172,356,383,189,356,359
2023-03-21 21:46:00,179,370,439,199,373,399
2023-03-21 21:48:00,173,89.4,173,207,99.7,200
2023-03-21 21:50:00,164,72.8,171,180,75.9,197
2023-03-21 21:52:00,175,86.8,172,195,83.6,197
2023-03-21 21:54:00,168,76.2,170,192,79.5,194
2023-03-21 21:56:00,173,243,288,206,250,293
2023-03-21 21:58:00,169,85.7,167,211,96.8,202
2023-03-21 22:00:00,167,79.0,177,175,70.4,211
2023-03-21 22:02:00,168,83.3,165,188,80.1,191
2023-03-21 22:04:00,162,72.7,168,175,71.2,207
2023-03-21 22:06:00,179,210,262,199,205,265
2023-03-21 22:08:00,172,82.6,171,192,83.0,198
2023-03-21 22:10:00,168,76.0,177,181,79.6,200
2023-03-21 22:12:00,171,83.4,169,200,95.0,202
2023-03-21 22:14:00,162,73.6,172,180,83.9,202
2023-03-21 22:16:00,172,183,232,197,189,251
2023-03-21 22:18:00,172,84.2,171,194,80.2,195
2023-03-21 22:20:00,169,75.9,175,182,78.0,199
2023-03-21 22:22:00,169,84.6,168,193,82.7,191
2023-03-21 22:24:00,168,74.9,179,206,95.3,220
2023-03-21 22:26:00,175,154,212,194,150,228
2023-03-21 22:28:00,164,78.8,169,196,87.2,200
2023-03-21 22:30:00,162,82.7,167,191,89.3,194
2023-03-21 22:32:00,162,81.9,167,187,82.8,187
2023-03-21 22:34:00,158,71.5,173,190,88.8,206
2023-03-21 22:36:00,175,125,193,198,122,211
2023-03-21 22:38:00,163,67.7,165,198,81.8,196
2023-03-21 22:40:00,164,79.2,166,194,82.3,186
2023-03-21 22:42:00,165,79.6,168,189,85.8,189
2023-03-21 22:44:00,160,69.4,167,196,92.7,207
2023-03-21 22:46:00,171,92.9,174,199,98.0,199
2023-03-21 22:48:00,161,71.5,171,177,76.6,193
2023-03-21 22:50:00,217,78.6,169,239,85.4,191
2023-03-21 22:52:00,165,79.0,166,186,80.2,186
2023-03-21 22:54:00,159,69.3,165,188,87.0,197
2023-03-21 22:56:00,172,80.1,177,202,87.7,199
2023-03-21 22:58:00,157,67.7,166,190,89.8,213
2023-03-21 23:00:00,171,89.2,181,199,88.5,201
2023-03-21 23:02:00,163,80.2,166,190,81.8,185
2023-03-21 23:04:00,158,73.8,165,194,92.4,201
2023-03-21 23:06:00,177,82.6,180,205,81.5,199
2023-03-21 23:08:00,154,69.6,169,174,79.6,193
2023-03-21 23:10:00,176,84.0,177,195,88.7,195
2023-03-21 23:12:00,169,77.2,171,188,78.3,198
2023-03-21 23:14:00,170,198,168,201,269,203
2023-03-21 23:16:00,169,88.2,179,194,83.9,201
2023-03-21 23:18:00,163,75.0,176,183,80.6,202
2023-03-21 23:20:00,180,86.4,177,202,88.4,203
2023-03-21 23:22:00,163,71.8,171,182,79.2,199
2023-03-21 23:24:00,171,83.2,168,197,85.4,191
2023-03-21 23:26:00,173,85.5,180,194,83.9,204
2023-03-21 23:28:00,165,79.1,170,183,79.3,197
2023-03-21 23:30:00,178,87.5,176,201,86.3,203
2023-03-21 23:32:00,161,71.3,169,174,77.1,194
2023-03-21 23:34:00,172,83.4,170,203,86.6,198
2023-03-21 23:36:00,176,72.0,177,197,76.1,197
2023-03-21 23:38:00,167,80.8,167,191,83.3,192
2023-03-21 23:40:00,175,85.3,175,197,95.0,211
2023-03-21 23:42:00,163,75.6,174,178,80.2,203
2023-03-21 23:44:00,169,84.0,172,192,81.6,194
2023-03-21 23:46:00,166,75.1,181,184,79.3,206
2023-03-21 23:48:00,168,83.9,213,197,86.0,233
2023-03-21 23:50:00,173,83.9,170,214,98.8,210
2023-03-21 23:52:00,167,85.5,177,192,86.0,204
2023-03-21 23:54:00,169,83.1,167,192,81.3,189
2023-03-21 23:56:00,166,73.3,186,185,79.2,211
2023-03-21 23:58:00,171,116,235,209,130,253
2023-03-22 00:00:00,169,73.9,170,215,95.8,208
2023-03-22 00:02:00,168,80.1,171,191,82.1,190
2023-03-22 00:04:00,162,81.1,166,188,83.4,190
2023-03-22 00:06:00,171,72.5,185,189,79.1,207
2023-03-22 00:08:00,175,152,261,203,152,263
2023-03-22 00:10:00,158,66.0,163,186,83.7,191
2023-03-22 00:12:00,215,79.6,187,239,82.0,211
2023-03-22 00:14:00,170,87.0,167,210,103,208
2023-03-22 00:16:00,162,68.8,178,177,72.1,199
2023-03-22 00:18:00,169,180,289,206,190,296
2023-03-22 00:20:00,155,67.2,164,175,75.2,192
2023-03-22 00:22:00,167,82.1,169,189,79.4,196
2023-03-22 00:24:00,167,82.7,162,188,81.6,188
2023-03-22 00:26:00,166,85.5,179,183,82.2,205
2023-03-22 00:28:00,174,210,312,200,207,305
2023-03-22 00:30:00,162,73.3,168,191,90.5,207
2023-03-22 00:32:00,167,84.6,172,190,83.8,194
2023-03-22 00:34:00,162,69.7,162,175,71.2,184
2023-03-22 00:36:00,180,87.7,182,203,85.7,208
2023-03-22 00:38:00,186,244,346,224,249,344
2023-03-22 00:40:00,165,70.4,171,193,87.8,208
2023-03-22 00:42:00,173,87.3,273,194,87.8,349
2023-03-22 00:44:00,163,72.8,168,176,74.6,192
2023-03-22 00:46:00,175,86.6,180,194,88.8,205
2023-03-22 00:48:00,173,352,402,191,354,375
2023-03-22 00:50:00,183,385,429,211,399,396
2023-03-22 00:52:00,173,86.3,177,191,85.0,200
2023-03-22 00:54:00,213,72.4,188,219,72.5,216
2023-03-22 00:56:00,174,82.8,175,196,81.9,200
2023-03-22 00:58:00,164,73.0,168,183,83.2,200
2023-03-22 01:00:00,170,259,298,203,260,294
2023-03-22 01:02:00,174,89.3,175,196,85.8,198
2023-03-22 01:04:00,165,72.1,179,180,73.8,203
2023-03-22 01:06:00,181,86.7,183,206,87,217
2023-03-22 01:08:00,154,66.6,162,179,80.2,186
2023-03-22 01:10:00,175,233,266,205,228,267
2023-03-22 01:12:00,171,85.6,175,194,79.4,193
2023-03-22 01:14:00,163,78.6,169,181,79.5,195
2023-03-22 01:16:00,170,79.7,171,199,97,216
2023-03-22 01:18:00,211,70.8,188,220,84.3,225
2023-03-22 01:20:00,169,199,244,194,206,248
2023-03-22 01:22:00,165,74.5,163,192,79.6,186
2023-03-22 01:24:00,166,82.3,168,191,81.3,188
2023-03-22 01:26:00,167,82.6,175,209,98.1,213
2023-03-22 01:28:00,157,70.1,170,184,80.5,195
2023-03-22 01:30:00,176,175,227,201,177,239
2023-03-22 01:32:00,163,68.0,166,177,70.1,187
2023-03-22 01:34:00,296,88.6,172,391,81.7,193
2023-03-22 01:36:00,178,85.1,178,218,101,220
2023-03-22 01:38:00,159,69.4,171,183,80.7,195
2023-03-22 01:40:00,174,145,196,195,147,211
2023-03-22 01:42:00,161,71.8,167,180,77.7,191
2023-03-22 01:44:00,174,88.8,172,196,89.2,194
2023-03-22 01:46:00,174,82,174,213,98.1,214
2023-03-22 01:48:00,171,90.3,176,196,97.0,207
2023-03-22 01:50:00,174,121,177,202,121,203
2023-03-22 01:52:00,169,352,414,184,358,384
2023-03-22 01:54:00,170,85.4,164,194,87.8,187
2023-03-22 01:56:00,175,76.7,177,211,93.6,214
2023-03-22 01:58:00,229,88.3,194,261,98.0,234
2023-03-22 02:00:00,176,85.7,169,199,82.4,194
2023-03-22 02:02:00,168,71.7,165,179,74.7,194
2023-03-22 02:04:00,174,79.4,175,190,80.4,198
2023-03-22 02:06:00,188,146,423,216,173,509
2023-03-22 02:08:00,177,86.7,177,204,91.7,203
2023-03-22 02:10:00,242,122,229,273,132,267
2023-03-22 02:12:00,168,90.6,164,199,95.7,199
2023-03-22 02:14:00,171,84.8,169,207,93.1,204
2023-03-22 02:16:00,167,71.9,175,198,89.7,207
2023-03-22 02:18:00,173,87.6,168,194,88.0,195
2023-03-22 02:20:00,174,74.1,168,194,78.2,194
2023-03-22 02:22:00,170,83.1,160,192,82.4,185
2023-03-22 02:24:00,175,88,171,202,86.8,198
2023-03-22 02:26:00,168,72.6,170,200,83.1,194
2023-03-22 02:28:00,169,87.3,158,192,85.9,188
2023-03-22 02:30:00,170,78.6,167,190,82.8,198
2023-03-22 02:32:00,169,82.4,156,191,79.8,189
2023-03-22 02:34:00,175,85.0,167,199,85.7,192
2023-03-22 02:36:00,175,73.5,173,188,74.7,198
2023-03-22 02:38:00,172,86.1,160,196,83.7,185
2023-03-22 02:40:00,169,70.9,160,181,74.1,181
2023-03-22 02:42:00,171,86.3,156,189,88.1,195
2023-03-22 02:44:00,172,82.3,204,194,80.5,218
2023-03-22 02:46:00,168,86.4,174,209,101,210
2023-03-22 02:48:00,169,85.9,160,197,85.8,185
2023-03-22 02:50:00,165,69.2,159,178,67.5,178
2023-03-22 02:52:00,169,85.6,157,205,90.3,191
2023-03-22 02:54:00,168,110,224,189,113,243
2023-03-22 02:56:00,223,85.2,189,236,79.1,214
2023-03-22 02:58:00,171,80.1,160,206,89.4,191
2023-03-22 03:00:00,165,73.5,166,181,76,189
2023-03-22 03:02:00,166,80.9,158,204,97.2,193
2023-03-22 03:04:00,165,124,238,182,130,246
2023-03-22 03:06:00,181,84.6,175,207,87.9,196
2023-03-22 03:08:00,170,81.3,160,200,89.3,187
2023-03-22 03:10:00,170,71.9,172,191,81.1,200
2023-03-22 03:12:00,173,84.8,160,213,99.8,199
2023-03-22 03:14:00,172,149,261,190,154,266
2023-03-22 03:16:00,177,83.8,172,199,85.3,190
2023-03-22 03:18:00,173,82.3,159,197,83.4,186
2023-03-22 03:20:00,173,88,170,193,87.5,193
2023-03-22 03:22:00,173,86.6,162,215,103,200
2023-03-22 03:24:00,173,175,284,188,178,284
2023-03-22 03:26:00,184,85.6,170,205,84.7,199
2023-03-22 03:28:00,225,74.5,183,244,83.9,218
2023-03-22 03:30:00,176,89.8,167,201,90.5,192
2023-03-22 03:32:00,175,88.1,159,213,105,201
2023-03-22 03:34:00,169,191,298,187,200,289
2023-03-22 03:36:00,175,85.2,168,201,84.9,187
2023-03-22 03:38:00,163,69.8,164,185,79.4,183
2023-03-22 03:40:00,173,83.7,162,200,83.6,178
2023-03-22 03:42:00,169,83.2,160,204,96.6,193
2023-03-22 03:44:00,167,250,319,182,251,303
2023-03-22 03:46:00,172,81.6,173,191,83.0,194
2023-03-22 03:48:00,162,73.7,160,181,84.7,191
2023-03-22 03:50:00,177,82.8,161,200,80.5,184
2023-03-22 03:52:00,169,73.0,163,205,75.1,186
2023-03-22 03:54:00,163,359,394,185,356,363
2023-03-22 03:56:00,235,394,484,270,398,447
2023-03-22 03:58:00,168,72.4,165,192,86.1,200
2023-03-22 04:00:00,176,84.1,161,204,86.4,187
2023-03-22 04:02:00,170,74.4,162,207,74.2,185
2023-03-22 04:04:00,171,82.3,160,192,83.1,184
2023-03-22 04:06:00,195,254,324,216,262,317
2023-03-22 04:08:00,168,71.6,162,179,86.9,197
2023-03-22 04:10:00,175,86.1,160,197,82.7,183
2023-03-22 04:12:00,168,74.6,168,178,77.8,191
2023-03-22 04:14:00,172,85.0,161,196,83.3,186
2023-03-22 04:16:00,176,223,297,203,229,295
2023-03-22 04:18:00,161,81.1,160,196,106,203
2023-03-22 04:20:00,170,80.0,158,195,84.8,180
2023-03-22 04:22:00,156,66.5,157,182,80.5,185
2023-03-22 04:24:00,213,78.0,177,234,79.7,198
2023-03-22 04:26:00,170,187,267,195,192,262
2023-03-22 04:28:00,165,78.3,164,214,106,200
2023-03-22 04:30:00,171,81.6,157,199,83.2,180
2023-03-22 04:32:00,160,66.0,161,178,74.6,180
2023-03-22 04:34:00,172,83.5,162,190,82.7,183
2023-03-22 04:36:00,177,168,257,190,171,262
2023-03-22 04:38:00,174,84.6,164,221,102,208
2023-03-22 04:40:00,174,83.8,159,198,81.6,184
2023-03-22 04:42:00,167,83.9,172,180,81.6,193
2023-03-22 04:44:00,177,84.2,161,191,81.7,182
2023-03-22 04:46:00,165,148,229,175,151,238
2023-03-22 04:48:00,175,89.3,167,219,107,211
2023-03-22 04:50:00,176,71.9,166,196,75.0,186
2023-03-22 04:52:00,169,86.9,167,191,83.2,189
2023-03-22 04:54:00,173,85.2,161,195,80.1,183
2023-03-22 04:56:00,166,133,218,177,134,229
2023-03-22 04:58:00,183,403,451,223,416,430
2023-03-22 05:00:00,170,71.9,166,188,76.7,191
2023-03-22 05:02:00,180,89.6,171,199,85.0,194
2023-03-22 05:04:00,176,88.1,162,194,80.1,186
2023-03-22 05:06:00,183,87.1,182,195,82.0,206
2023-03-22 05:08:00,179,86.6,164,219,104,210
2023-03-22 05:10:00,173,74.3,163,186,79.7,193
2023-03-22 05:12:00,177,89.2,171,203,92.0,200
2023-03-22 05:14:00,174,83.7,165,191,80.9,191
2023-03-22 05:16:00,219,88.4,191,231,89.4,226
2023-03-22 05:18:00,178,88.6,165,210,101,198
2023-03-22 05:20:00,171,74.5,164,180,72.6,187
2023-03-22 05:22:00,178,86.1,165,196,81.0,186
2023-03-22 05:24:00,175,75,170,192,76.8,190
2023-03-22 05:26:00,179,83.8,174,193,83.8,192
2023-03-22 05:28:00,174,83.8,164,204,82.3,185
2023-03-22 05:30:00,175,74.9,168,210,74.9,192
2023-03-22 05:32:00,213,82.8,165,225,83.0,189
2023-03-22 05:34:00,167,74.3,166,183,77.1,190
2023-03-22 05:36:00,180,84.4,176,200,82.3,195
2023-03-22 05:38:00,174,84.2,169,197,89.4,196
2023-03-22 05:40:00,168,78.4,162,184,81.9,186
2023-03-22 05:42:00,174,82.3,161,195,87.2,186
2023-03-22 05:44:00,170,74.8,167,184,93.3,205
2023-03-22 05:46:00,179,82.6,171,195,81.6,191
2023-03-22 05:48:00,172,76.2,170,187,82.7,196
2023-03-22 05:50:00,174,79.1,159,194,81.8,181
2023-03-22 05:52:00,172,82.7,162,192,85.8,187
2023-03-22 05:54:00,161,68.6,160,196,93.7,197
2023-03-22 05:56:00,179,83.2,172,195,79.5,191
2023-03-22 05:58:00,168,76.7,169,185,83.8,197
2023-03-22 06:00:00,175,84.1,164,194,87.3,188
2023-03-22 06:02:00,174,82.1,163,194,83.3,187
2023-03-22 06:04:00,164,79.7,160,192,99.4,200
2023-03-22 06:06:00,184,86.6,177,199,87.3,197
2023-03-22 06:08:00,171,76.1,168,189,85.9,200
2023-03-22 06:10:00,178,84,167,196,84.6,190
2023-03-22 06:12:00,169,75.5,163,191,77.4,183
2023-03-22 06:14:00,172,84.9,158,212,102,199
2023-03-22 06:16:00,178,87.2,170,197,81.8,193
2023-03-22 06:18:00,169,77.1,165,180,82.1,193
2023-03-22 06:20:00,184,85.6,170,205,88.6,196
2023-03-22 06:22:00,167,72.7,162,189,87.2,198
2023-03-22 06:24:00,175,86.3,171,206,101,207
2023-03-22 06:26:00,229,88.5,190,241,83.3,222
2023-03-22 06:28:00,168,81.1,163,175,79.0,186
2023-03-22 06:30:00,186,87.2,172,209,89.0,194
2023-03-22 06:32:00,169,76.1,164,179,79.2,188
2023-03-22 06:34:00,182,87.3,168,214,103,208
2023-03-22 06:36:00,188,83.2,178,200,81.2,200
2023-03-22 06:38:00,175,83.0,164,219,111,215
2023-03-22 06:40:00,182,84.7,167,206,93.4,199
2023-03-22 06:42:00,170,75.1,165,178,75.6,189
2023-03-22 06:44:00,181,89.0,176,222,108,216
2023-03-22 06:46:00,173,76.2,170,184,76.2,193
2023-03-22 06:48:00,177,86.7,166,211,103,205
2023-03-22 06:50:00,179,82.5,163,199,87.2,192
2023-03-22 06:52:00,170,70.2,163,181,75.5,187
2023-03-22 06:54:00,181,89.6,170,220,106,212
2023-03-22 06:56:00,170,74.3,173,195,87.1,206
2023-03-22 06:58:00,172,86.3,161,201,91.4,191
2023-03-22 07:00:00,175,86.5,163,192,83.0,185
2023-03-22 07:02:00,167,84.2,162,189,85.9,186
2023-03-22 07:04:00,174,85.2,165,194,85.1,187
2023-03-22 07:06:00,179,75.5,180,194,80.3,204
2023-03-22 07:08:00,172,81.6,163,197,89.5,189
2023-03-22 07:10:00,175,74.0,164,198,82.9,194
2023-03-22 07:12:00,173,86.0,161,194,86.2,185
2023-03-22 07:14:00,173,84.4,159,192,83.7,181
2023-03-22 07:16:00,162,70.0,171,175,74.2,186
2023-03-22 07:18:00,169,82.9,162,192,86.8,184
2023-03-22 07:20:00,164,71.4,165,196,91.9,199
2023-03-22 07:22:00,168,79.5,158,189,78.4,177
2023-03-22 07:24:00,166,76.7,160,189,86.5,180
2023-03-22 07:26:00,161,66.1,149,177,73,166
2023-03-22 07:28:00,167,77.3,163,197,83.4,189
2023-03-22 07:30:00,161,93.1,233,195,116,257
2023-03-22 07:32:00,163,81.1,166,196,87.7,193
2023-03-22 07:34:00,174,85.2,164,192,85.1,196
2023-03-22 07:36:00,176,85.3,178,201,91.2,212
2023-03-22 07:38:00,174,85.9,171,196,86.2,200
2023-03-22 07:40:00,232,114,274,260,135,304
2023-03-22 07:42:00,175,85.2,171,204,97,207
2023-03-22 07:44:00,168,72.4,166,184,76.5,193
2023-03-22 07:46:00,174,88.8,177,196,86.4,203
2023-03-22 07:48:00,171,82.6,171,206,96.2,210
2023-03-22 07:50:00,178,130,253,206,147,273
2023-03-22 07:52:00,178,88.2,180,198,87.5,204
2023-03-22 07:54:00,168,75.1,168,181,79.5,196
2023-03-22 07:56:00,184,87.9,178,201,91.0,206
2023-03-22 07:58:00,174,82.9,172,201,92.6,203
2023-03-22 08:00:00,180,161,274,211,178,297
2023-03-22 08:02:00,179,86.2,176,205,90.5,208
2023-03-22 08:04:00,169,71.0,168,180,72.6,192
2023-03-22 08:06:00,186,87.8,192,218,103,224
2023-03-22 08:08:00,172,76.0,175,193,83.3,198
2023-03-22 08:10:00,234,174,307,272,189,327
2023-03-22 08:12:00,183,97.3,180,194,85.8,194
2023-03-22 08:14:00,171,73.4,173,186,72.0,189
2023-03-22 08:16:00,186,89.6,185,202,87.6,207
2023-03-22 08:18:00,171,74.6,174,184,78.5,199
2023-03-22 08:20:00,186,192,303,220,203,306
2023-03-22 08:22:00,174,83.2,174,193,77.0,193
2023-03-22 08:24:00,168,74.8,170,178,76.9,198
2023-03-22 08:26:00,182,86.7,185,208,86.3,210
2023-03-22 08:28:00,167,73.5,174,178,79.4,203
2023-03-22 08:30:00,186,209,309,225,207,308
2023-03-22 08:32:00,173,77.0,168,192,77.2,189
2023-03-22 08:34:00,168,85.0,168,196,104,220
2023-03-22 08:36:00,190,90.6,185,214,91.3,230
2023-03-22 08:38:00,166,71.3,177,185,78.9,201
2023-03-22 08:40:00,237,219,344,251,218,342
2023-03-22 08:42:00,169,75.2,169,185,77.8,190
2023-03-22 08:44:00,172,80.4,170,194,84.5,196
2023-03-22 08:46:00,177,84.8,173,201,94.4,208
2023-03-22 08:48:00,169,75.7,173,186,79.6,199
2023-03-22 08:50:00,186,228,338,206,234,325
2023-03-22 08:52:00,169,71.5,172,178,71.8,190
2023-03-22 08:54:00,165,86.0,161,191,84.8,185
2023-03-22 08:56:00,173,79.4,169,209,99.7,203
2023-03-22 08:58:00,161,73.7,170,189,92.8,199
2023-03-22 09:00:00,184,246,349,205,249,337
2023-03-22 09:02:00,169,73.7,172,180,78.4,197
2023-03-22 09:04:00,176,78.9,169,203,91.9,201
2023-03-22 09:06:00,185,82.2,182,211,92.2,213
2023-03-22 09:08:00,173,87.7,170,198,92.0,200
2023-03-22 09:10:00,184,256,358,202,258,340
2023-03-22 09:12:00,166,75.7,173,191,89.5,209
2023-03-22 09:14:00,172,82.6,168,199,93.1,195
2023-03-22 09:16:00,173,73.3,177,212,102,220
2023-03-22 09:18:00,171,81.8,168,195,88.2,193
2023-03-22 09:20:00,184,275,360,205,273,342
2023-03-22 09:22:00,168,75.5,170,179,76.3,193
2023-03-22 09:24:00,172,86.3,173,210,103,208
2023-03-22 09:26:00,221,74.4,196,232,82.0,229
2023-03-22 09:28:00,172,87.4,167,216,108,219
2023-03-22 09:30:00,181,287,360,203,288,354
2023-03-22 09:32:00,167,71.5,169,177,76.3,192
2023-03-22 09:34:00,174,81.2,170,195,88.2,198
2023-03-22 09:36:00,176,75.3,180,204,94.8,224
2023-03-22 09:38:00,176,87.6,173,202,85.0,197
2023-03-22 09:40:00,183,296,363,202,300,349
2023-03-22 09:42:00,173,85.5,188,185,83.6,217
2023-03-22 09:44:00,181,87.0,174,198,84.7,197
2023-03-22 09:46:00,168,72.9,178,191,86.6,207
2023-03-22 09:48:00,177,88.8,178,199,88.8,202
2023-03-22 09:50:00,183,289,367,203,293,346
2023-03-22 09:52:00,174,83.2,167,198,84.3,191
2023-03-22 09:54:00,175,88.2,172,190,86,195
2023-03-22 09:56:00,167,72.8,178,197,89.2,208
2023-03-22 09:58:00,177,84.3,172,208,101,208
2023-03-22 10:00:00,175,285,364,188,288,342
2023-03-22 10:02:00,175,76.9,168,194,86.2,195
2023-03-22 10:04:00,175,83.7,168,202,93.7,201
2023-03-22 10:06:00,169,69.8,199,227,114,266
2023-03-22 10:08:00,171,81.3,173,207,93.4,203
2023-03-22 10:10:00,170,282,361,189,286,340
2023-03-22 10:12:00,171,82.7,167,195,89.4,199
2023-03-22 10:14:00,163,77.6,160,283,166,269
2023-03-22 10:16:00,163,79.9,166,183,77.7,189
2023-03-22 10:18:00,166,84.9,160,220,107,206
2023-03-22 10:20:00,175,286,313,189,289,307
2023-03-22 10:22:00,175,84.6,170,213,102,212
2023-03-22 10:24:00,168,74.1,166,188,76.8,188
2023-03-22 10:26:00,167,82.3,169,196,81.2,189
2023-03-22 10:28:00,170,83.9,166,201,87.0,192
2023-03-22 10:30:00,162,235,282,190,245,282
2023-03-22 10:32:00,171,85.7,165,210,97.5,205
2023-03-22 10:34:00,166,73.2,169,179,74.0,190
2023-03-22 10:36:00,181,84.3,178,211,82,201
2023-03-22 10:38:00,167,80.1,164,193,84.9,187
2023-03-22 10:40:00,164,205,256,187,215,262
2023-03-22 10:42:00,165,83.6,161,209,99.0,201
2023-03-22 10:44:00,164,71.7,172,182,79.2,195
2023-03-22 10:46:00,170,82.9,174,198,86.6,194
2023-03-22 10:48:00,167,75.4,165,199,86.0,193
2023-03-22 10:50:00,170,191,227,206,203,246
2023-03-22 10:52:00,168,84.6,166,211,103,209
2023-03-22 10:54:00,209,70.8,191,225,78.8,214
2023-03-22 10:56:00,170,80.8,172,193,83.4,195
2023-03-22 10:58:00,157,66.0,165,188,87.7,201
2023-03-22 11:00:00,168,160,204,208,170,223
2023-03-22 11:02:00,164,80.0,162,205,97.2,195
2023-03-22 11:04:00,167,78.1,172,181,80.5,193
2023-03-22 11:06:00,177,88.5,181,197,87.1,205
2023-03-22 11:08:00,155,67.6,162,171,69.3,179
2023-03-22 11:10:00,165,133,175,187,129,192
2023-03-22 11:12:00,169,356,413,207,372,403
2023-03-22 11:14:00,165,77,159,187,75.6,181
2023-03-22 11:16:00,167,80,168,190,77.5,189
2023-03-22 11:18:00,161,71.8,163,186,78.8,188
2023-03-22 11:20:00,211,87.1,184,251,84.9,209
2023-03-22 11:22:00,162,70.3,164,193,89.1,190
2023-03-22 11:24:00,175,86.5,169,199,83.4,194
2023-03-22 11:26:00,173,86.0,174,201,84.7,195
2023-03-22 11:28:00,161,69.5,163,177,74.3,188
2023-03-22 11:30:00,171,86.1,169,203,85.5,195
2023-03-22 11:32:00,160,67.6,163,182,71.1,184
2023-03-22 11:34:00,171,87.9,163,192,90.1,187
2023-03-22 11:36:00,181,86.7,179,200,82.8,203
2023-03-22 11:38:00,224,82.8,186,236,83.5,224
2023-03-22 11:40:00,179,89.2,176,202,88.9,204
2023-03-22 11:42:00,166,73.8,171,178,77.2,194
2023-03-22 11:44:00,168,84.8,165,198,85.2,193
2023-03-22 11:46:00,166,69.5,170,179,78.8,197
2023-03-22 11:48:00,173,85.8,168,207,103,212
2023-03-22 11:50:00,180,91.3,177,207,94.9,206
2023-03-22 11:52:00,166,73.7,171,181,77.6,196
2023-03-22 11:54:00,170,85.5,168,193,87.7,194
2023-03-22 11:56:00,169,71.0,174,181,71.9,195
2023-03-22 11:58:00,168,80.2,166,211,102,210
2023-03-22 12:00:00,175,85.6,172,199,87.1,199
2023-03-22 12:02:00,170,82.3,172,192,88.2,210
2023-03-22 12:04:00,176,85.4,214,247,134,278
2023-03-22 12:06:00,235,152,438,247,169,526
2023-03-22 12:08:00,170,81.8,171,214,94.7,205
2023-03-22 12:10:00,302,138,219,327,175,248
2023-03-22 12:12:00,169,84.4,172,197,82.2,193
2023-03-22 12:14:00,169,283,370,192,289,349
2023-03-22 12:16:00,161,72.0,176,177,74.5,197
2023-03-22 12:18:00,166,82.3,169,207,96.2,206
2023-03-22 12:20:00,160,69.4,162,175,73.1,187
2023-03-22 12:22:00,167,87.6,168,191,88,192
2023-03-22 12:24:00,167,82.9,165,188,87.0,190
2023-03-22 12:26:00,164,70.7,179,179,75.6,198
2023-03-22 12:28:00,168,83.0,167,211,105,212
2023-03-22 12:30:00,166,72.0,165,180,76.0,188
2023-03-22 12:32:00,171,81.5,166,195,86.3,191
2023-03-22 12:34:00,171,80.9,162,189,79.7,184
2023-03-22 12:36:00,186,89.1,185,209,90.7,210
2023-03-22 12:38:00,170,84.2,170,208,103,212
2023-03-22 12:40:00,166,70.5,168,183,78.3,195
2023-03-22 12:42:00,169,85.5,164,197,88.3,194
2023-03-22 12:44:00,162,71.8,162,173,75.3,185
2023-03-22 12:46:00,175,86.2,171,193,93.1,205
2023-03-22 12:48:00,170,84.7,170,211,109,211
2023-03-22 12:50:00,164,71.0,162,183,79.6,192
2023-03-22 12:52:00,166,80.6,166,190,83.4,192
2023-03-22 12:54:00,162,72.6,164,181,80.5,193
2023-03-22 12:56:00,173,86.7,173,196,84.7,195
2023-03-22 12:58:00,172,86.2,169,211,104,203
2023-03-22 13:00:00,170,86.4,164,196,84.3,186
2023-03-22 13:02:00,174,85.1,169,199,85.7,192
2023-03-22 13:04:00,166,71.0,166,187,77.0,187
2023-03-22 13:06:00,184,88.5,179,210,85.1,202
2023-03-22 13:08:00,168,77.8,171,184,80.5,191
2023-03-22 13:10:00,174,87.5,166,195,85.0,192
2023-03-22 13:12:00,172,88.7,170,196,89.9,195
2023-03-22 13:14:00,163,73.4,163,178,82.0,204
2023-03-22 13:16:00,171,86.1,170,192,82.1,190
2023-03-22 13:18:00,164,74.9,166,184,84.5,194
2023-03-22 13:20:00,175,87.5,165,195,85.0,188
2023-03-22 13:22:00,174,87.1,172,196,93.7,200
2023-03-22 13:24:00,162,79.7,171,193,102,209
2023-03-22 13:26:00,177,85.5,174,198,91.9,207
2023-03-22 13:28:00,162,67.1,162,177,73.6,191
2023-03-22 13:30:00,173,85.5,165,210,86.8,190
2023-03-22 13:32:00,223,71,164,245,77.5,191
2023-03-22 13:34:00,173,90.7,166,214,110,214
2023-03-22 13:36:00,185,86.5,182,220,98.1,224
2023-03-22 13:38:00,166,74.2,167,186,87.3,200
2023-03-22 13:40:00,176,84.0,167,197,84.0,190
2023-03-22 13:42:00,174,74.5,168,198,75.6,190
2023-03-22 13:44:00,170,83.9,165,210,97.2,201
2023-03-22 13:46:00,173,81.7,172,190,78.2,192
2023-03-22 13:48:00,162,72.4,165,177,76.8,189
2023-03-22 13:50:00,171,84.4,167,208,84.9,190
2023-03-22 13:52:00,164,70.9,164,180,74.6,189
2023-03-22 13:54:00,181,97.5,172,214,106,212
2023-03-22 13:56:00,173,83,171,200,87.4,199
2023-03-22 13:58:00,164,86.2,171,197,103,211
2023-03-22 14:00:00,175,83.6,169,199,83.4,191
2023-03-22 14:02:00,165,68.8,163,194,80.4,193
2023-03-22 14:04:00,173,85.6,164,224,114,220
2023-03-22 14:06:00,178,168,177,195,187,198
2023-03-22 14:08:00,171,82.5,170,204,89.1,197
2023-03-22 14:10:00,173,81.6,165,200,88.5,196
2023-03-22 14:12:00,155,68.8,164,175,80.8,189
2023-03-22 14:14:00,167,80.9,162,210,98.7,202
2023-03-22 14:16:00,162,64.1,165,177,72.6,185
2023-03-22 14:18:00,168,86.9,171,197,90.3,195
2023-03-22 14:20:00,169,82.2,165,204,89.0,189
2023-03-22 14:22:00,155,81.2,159,178,86.5,189
2023-03-22 14:24:00,170,82.5,161,208,91.3,188
2023-03-22 14:26:00,164,69.3,172,179,71.3,194
2023-03-22 14:28:00,172,82.3,169,193,85.5,190
2023-03-22 14:30:00,172,70.8,165,190,79.2,193
2023-03-22 14:32:00,161,75.6,156,185,90.5,187
2023-03-22 14:34:00,165,78.9,162,202,89.6,187
2023-03-22 14:36:00,164,68.2,171,184,76.6,192
2023-03-22 14:38:00,173,85.1,165,200,87.6,193
2023-03-22 14:40:00,173,70.3,165,198,82.6,195
2023-03-22 14:42:00,173,89.0,161,245,140,245
2023-03-22 14:44:00,173,88.1,164,197,89.3,190
2023-03-22 14:46:00,167,77.7,169,185,79.7,195
2023-03-22 14:48:00,173,84.0,164,221,110,216
2023-03-22 14:50:00,167,72.5,162,187,90.7,202
2023-03-22 14:52:00,172,83.7,162,235,128,230
2023-03-22 14:54:00,173,77.3,169,222,112,220
2023-03-22 14:56:00,163,85.8,167,191,98.3,202
2023-03-22 14:58:00,231,93.6,171,264,124,228
2023-03-22 15:00:00,165,72.7,162,314,183,290
2023-03-22 15:02:00,172,83.8,161,221,114,214
2023-03-22 15:04:00,171,76,172,210,100,212
2023-03-22 15:06:00,180,87.6,181,226,111,227
2023-03-22 15:08:00,172,81.5,162,235,127,229
2023-03-22 15:10:00,162,70.2,163,210,108,216
2023-03-22 15:12:00,167,84.9,162,220,116,219
2023-03-22 15:14:00,168,72.3,164,216,103,218
2023-03-22 15:16:00,177,86.9,168,222,100,215
2023-03-22 15:18:00,169,85.4,161,235,128,229
2023-03-22 15:20:00,167,77.0,165,205,104,213
2023-03-22 15:22:00,168,84.9,158,211,114,213
2023-03-22 15:24:00,166,72.5,161,210,112,220
2023-03-22 15:26:00,175,86.7,169,235,118,228
2023-03-22 15:28:00,167,70.3,157,206,95.2,204
2023-03-22 15:30:00,171,81,164,223,101,208
2023-03-22 15:32:00,172,84.4,156,219,114,214
2023-03-22 15:34:00,165,70.6,159,207,98.2,207
2023-03-22 15:36:00,187,86.2,177,234,126,238
2023-03-22 15:38:00,166,70.9,161,213,102,210
2023-03-22 15:40:00,177,87.8,194,225,109,248
2023-03-22 15:42:00,157,85.5,163,206,111,212
2023-03-22 15:44:00,160,72.3,157,204,99.3,203
2023-03-22 15:46:00,173,84.3,168,221,109,218
2023-03-22 15:48:00,161,66.1,157,206,101,208
2023-03-22 15:50:00,179,87.4,167,229,119,225
2023-03-22 15:52:00,173,87.3,166,209,102,209
2023-03-22 15:54:00,175,84.9,162,219,105,204
2023-03-22 15:56:00,171,80.4,164,213,98.9,204
2023-03-22 15:58:00,165,70.0,163,202,97.9,207
2023-03-22 16:00:00,176,84.7,163,220,99.6,200
2023-03-22 16:02:00,161,70.8,160,198,93.4,197
2023-03-22 16:04:00,169,86.1,158,219,110,210
2023-03-22 16:06:00,180,86.6,176,217,95.3,211
2023-03-22 16:08:00,163,69.8,160,199,94.9,202
2023-03-22 16:10:00,179,86,166,225,104,208
2023-03-22 16:12:00,165,75.2,164,197,94.4,201
2023-03-22 16:14:00,174,88.7,162,213,101,203
2023-03-22 16:16:00,175,85.9,172,241,122,233
2023-03-22 16:18:00,172,88.7,164,229,120,225
2023-03-22 16:20:00,176,86.2,165,218,108,213
2023-03-22 16:22:00,216,74.3,188,262,110,247
2023-03-22 16:24:00,175,89.1,166,220,106,211
2023-03-22 16:26:00,172,73.5,171,261,147,261
2023-03-22 16:28:00,174,87.1,164,214,97.5,203
2023-03-22 16:30:00,176,85.0,163,226,111,211
2023-03-22 16:32:00,166,70.3,161,215,108,217
2023-03-22 16:34:00,174,86.3,161,216,116,216
2023-03-22 16:36:00,180,75.8,183,227,114,242
2023-03-22 16:38:00,177,87.4,165,233,122,225
2023-03-22 16:40:00,182,84.5,164,232,121,222
2023-03-22 16:42:00,172,82.8,165,214,98.6,204
2023-03-22 16:44:00,172,84.8,159,227,110,211
2023-03-22 16:46:00,170,73.5,173,216,107,226
2023-03-22 16:48:00,177,96.0,171,224,122,229
2023-03-22 16:50:00,176,75.5,185,232,127,266
2023-03-22 16:52:00,177,85.1,164,229,119,223
2023-03-22 16:54:00,178,88.0,164,220,107,211
2023-03-22 16:56:00,172,74.2,172,214,111,226
2023-03-22 16:58:00,179,87.7,168,234,122,225
2023-03-22 17:00:00,167,75.2,164,220,123,234
2023-03-22 17:02:00,178,86.8,168,223,109,219
2023-03-22 17:04:00,173,83.4,160,222,112,214
2023-03-22 17:06:00,177,75.8,180,227,113,238
2023-03-22 17:08:00,173,83.8,166,227,120,219
2023-03-22 17:10:00,168,70.5,162,207,99.2,210
2023-03-22 17:12:00,177,87.1,166,235,121,224
2023-03-22 17:14:00,175,88.1,162,228,118,218
2023-03-22 17:16:00,177,85.1,169,237,127,234
2023-03-22 17:18:00,221,82.5,182,278,118,240
2023-03-22 17:20:00,164,70.8,160,215,110,223
2023-03-22 17:22:00,174,88.7,169,226,125,227
2023-03-22 17:24:00,161,68.5,160,211,106,207
2023-03-22 17:26:00,173,79.8,169,241,125,222
2023-03-22 17:28:00,175,85.7,162,217,108,207
2023-03-22 17:30:00,165,71.6,170,202,102,230
2023-03-22 17:32:00,171,88,173,245,137,249
2023-03-22 17:34:00,169,76.2,177,225,118,244
2023-03-22 17:36:00,185,83.6,188,243,124,319
2023-03-22 17:38:00,175,89.9,178,242,130,240
2023-03-22 17:40:00,223,76.9,195,277,131,286
2023-03-22 17:42:00,171,86.2,175,246,143,261
2023-03-22 17:44:00,165,73.8,176,216,121,244
2023-03-22 17:46:00,178,82.4,179,257,141,262
2023-03-22 17:48:00,172,80.6,176,258,150,270
2023-03-22 17:50:00,177,83.9,170,223,108,231
2023-03-22 17:52:00,182,87.3,177,233,121,236
2023-03-22 17:54:00,170,75.1,176,219,116,244
2023-03-22 17:56:00,178,85.9,179,236,125,245
2023-03-22 17:58:00,169,76.2,176,240,127,250
2023-03-22 18:00:00,180,88.4,174,285,167,262
2023-03-22 18:02:00,174,83.4,171,242,124,245
2023-03-22 18:04:00,166,80.2,170,209,108,228
2023-03-22 18:06:00,184,89.4,185,288,166,283
2023-03-22 18:08:00,167,72.5,178,244,150,263
2023-03-22 18:10:00,228,87.4,201,283,133,279
2023-03-22 18:12:00,173,80.5,173,263,148,278
2023-03-22 18:14:00,185,86.0,170,240,118,230
2023-03-22 18:16:00,175,85.1,179,226,115,237
2023-03-22 18:18:00,170,76.7,177,223,120,240
2023-03-22 18:20:00,178,85.6,174,229,114,230
2023-03-22 18:22:00,166,71.7,169,215,110,222
2023-03-22 18:24:00,171,86.2,171,216,111,225
2023-03-22 18:26:00,172,83.5,177,219,101,224
2023-03-22 18:28:00,167,73.7,175,222,113,238
2023-03-22 18:30:00,176,88.4,176,232,112,231
2023-03-22 18:32:00,161,71.8,169,197,97.7,219
2023-03-22 18:34:00,175,85.6,176,233,126,246
2023-03-22 18:36:00,182,85.0,182,235,117,240
2023-03-22 18:38:00,164,79.0,170,211,116,234
2023-03-22 18:40:00,176,87.7,171,216,101,217
2023-03-22 18:42:00,162,72.6,172,205,104,225
2023-03-22 18:44:00,175,86.4,177,235,116,233
2023-03-22 18:46:00,172,76.2,175,203,92.0,208
2023-03-22 18:48:00,225,88.8,189,276,127,255
2023-03-22 18:50:00,177,86.5,170,230,115,228
2023-03-22 18:52:00,164,71.4,171,202,97.3,215
2023-03-22 18:54:00,174,88.0,170,222,108,221
2023-03-22 18:56:00,167,73.9,178,208,101,230
2023-03-22 18:58:00,173,84.9,169,222,108,216
2023-03-22 19:00:00,174,88.0,170,197,85.3,196
2023-03-22 19:02:00,167,71.4,169,210,104,221
2023-03-22 19:04:00,169,85.5,169,226,117,222
2023-03-22 19:06:00,177,76.8,187,196,94.5,232
2023-03-22 19:08:00,173,83.3,166,228,115,220
2023-03-22 19:10:00,174,83.3,166,237,119,226
2023-03-22 19:12:00,170,83.7,167,219,108,218
2023-03-22 19:14:00,169,83.8,167,191,80.6,189
2023-03-22 19:16:00,233,149,265,1235,1139,1226
2023-03-22 19:18:00,173,88.1,167,926,788,813
2023-03-22 19:20:00,181,81.4,176,901,763,804
2023-03-22 19:22:00,202,118,192,1028,907,976
2023-03-22 19:24:00,182,95.6,178,965,863,972
2023-03-22 19:26:00,220,76.7,201,875,748,962
2023-03-22 19:28:00,173,83.4,175,679,610,847
2023-03-22 19:30:00,169,78.3,175,186,81.6,200
2023-03-22 19:32:00,175,86.6,165,279,164,295
2023-03-22 19:34:00,175,81.0,174,270,143,260
2023-03-22 19:36:00,175,79.7,181,251,146,269
2023-03-22 19:38:00,172,85.1,166,263,159,259
2023-03-22 19:40:00,168,73.8,171,286,182,309
2023-03-22 19:42:00,172,79.6,168,226,120,229
2023-03-22 19:44:00,172,75.6,165,189,75.6,192
2023-03-22 19:46:00,175,87.7,176,319,220,337
2023-03-22 19:48:00,168,84.7,168,650,570,767
2023-03-22 19:50:00,167,250,297,321,400,430
2023-03-22 19:52:00,177,86.9,169,299,191,295
2023-03-22 19:54:00,158,68.5,157,307,196,264
2023-03-22 19:56:00,167,81.1,171,236,123,254
2023-03-22 19:58:00,172,83.1,161,328,235,358
2023-03-22 20:00:00,173,215,267,449,468,542
2023-03-22 20:02:00,175,85.0,170,286,176,275
2023-03-22 20:04:00,166,72.7,170,269,183,308
2023-03-22 20:06:00,183,88.3,183,290,178,297
2023-03-22 20:08:00,174,82.3,172,289,180,281
2023-03-22 20:10:00,175,196,239,338,351,394
2023-03-22 20:12:00,187,390,426,277,458,463
2023-03-22 20:14:00,168,74.3,169,249,146,264
2023-03-22 20:16:00,174,84.6,174,265,158,273
2023-03-22 20:18:00,172,75.4,171,276,166,279
2023-03-22 20:20:00,175,89.1,171,294,179,286
2023-03-22 20:22:00,172,86.9,161,281,174,276
2023-03-22 20:24:00,161,71.5,165,246,148,261
2023-03-22 20:26:00,173,85.9,172,278,173,279
2023-03-22 20:28:00,162,71.2,163,271,171,278
2023-03-22 20:30:00,176,87.3,163,307,190,301
2023-03-22 20:32:00,169,82.5,164,254,143,258
2023-03-22 20:34:00,162,71.1,162,235,134,257
2023-03-22 20:36:00,181,85.4,181,244,133,292
2023-03-22 20:38:00,165,71.6,168,220,99.3,218
2023-03-22 20:40:00,171,83.2,163,233,122,227
2023-03-22 20:42:00,160,75.8,163,265,157,268
2023-03-22 20:44:00,165,78.7,158,238,140,242
2023-03-22 20:46:00,176,83.7,171,258,149,262
2023-03-22 20:48:00,162,75.0,168,243,145,260
2023-03-22 20:50:00,177,84.1,171,254,144,256
2023-03-22 20:52:00,164,71.7,165,239,136,245
2023-03-22 20:54:00,172,83.6,168,246,131,241
2023-03-22 20:56:00,175,85.9,180,256,144,256
2023-03-22 20:58:00,162,68.9,168,232,135,255
2023-03-22 21:00:00,180,90.2,172,251,136,247
2023-03-22 21:02:00,161,70.3,169,227,126,235
2023-03-22 21:04:00,174,82.2,165,234,133,240
2023-03-22 21:06:00,183,84.5,190,282,142,264
2023-03-22 21:08:00,176,82.5,169,269,165,271
2023-03-22 21:10:00,169,79.2,164,246,129,235
2023-03-22 21:12:00,162,69.9,167,237,136,250
2023-03-22 21:14:00,171,83.8,192,233,123,252
2023-03-22 21:16:00,213,67.0,191,280,130,273
2023-03-22 21:18:00,168,82.4,160,244,140,245
2023-03-22 21:20:00,169,79.8,158,231,125,217
2023-03-22 21:22:00,168,69.8,171,238,134,248
2023-03-22 21:24:00,185,97.6,234,252,138,286
2023-03-22 21:26:00,166,72.1,175,261,155,274
2023-03-22 21:28:00,183,94.1,174,278,156,254
2023-03-22 21:30:00,173,77.8,171,220,113,230
2023-03-22 21:32:00,172,89.3,173,253,146,259
2023-03-22 21:34:00,182,136,246,282,217,339
2023-03-22 21:36:00,178,71.8,180,255,149,280
2023-03-22 21:38:00,173,81.0,165,292,171,282
2023-03-22 21:40:00,167,72.7,164,266,158,278
2023-03-22 21:42:00,174,82.5,171,293,181,296
2023-03-22 21:44:00,184,167,270,281,250,355
2023-03-22 21:46:00,168,71.9,172,263,162,285
2023-03-22 21:48:00,173,85.9,172,230,129,234
2023-03-22 21:50:00,167,70.4,164,253,145,251
2023-03-22 21:52:00,177,85.4,167,285,177,282
2023-03-22 21:54:00,181,185,292,323,304,386
2023-03-22 21:56:00,227,83.2,193,343,202,341
2023-03-22 21:58:00,176,83.8,169,232,125,233
2023-03-22 22:00:00,168,72,165,264,165,284
2023-03-22 22:02:00,176,85,165,285,187,284
2023-03-22 22:04:00,178,204,311,266,277,373
2023-03-22 22:06:00,196,157,427,306,255,578
2023-03-22 22:08:00,175,87.7,168,277,172,289
2023-03-22 22:10:00,236,107,223,312,184,304
2023-03-22 22:12:00,205,85.1,160,286,149,255
2023-03-22 22:14:00,173,232,340,265,319,417
2023-03-22 22:16:00,176,87.6,173,279,172,279
2023-03-22 22:18:00,169,87,170,236,140,261
2023-03-22 22:20:00,168,90.4,169,256,157,271
2023-03-22 22:22:00,166,81.3,158,244,145,255
2023-03-22 22:24:00,172,258,359,245,332,417
2023-03-22 22:26:00,174,85.3,170,269,166,278
2023-03-22 22:28:00,175,81.6,170,305,197,303
2023-03-22 22:30:00,176,88.2,165,250,145,242
2023-03-22 22:32:00,172,85.9,160,255,153,279
2023-03-22 22:34:00,175,286,361,243,352,405
2023-03-22 22:36:00,182,83.5,176,278,163,278
2023-03-22 22:38:00,164,70.6,161,207,106,218
2023-03-22 22:40:00,176,84.2,164,262,149,256
2023-03-22 22:42:00,172,85.7,186,238,127,261
2023-03-22 22:44:00,176,293,355,213,320,365
2023-03-22 22:46:00,176,81.6,171,216,112,218
2023-03-22 22:48:00,165,71.0,165,191,86.5,198
2023-03-22 22:50:00,171,84.3,164,213,98.7,201
2023-03-22 22:52:00,167,68.6,160,204,89.2,196
2023-03-22 22:54:00,175,299,346,209,313,345
2023-03-22 22:56:00,176,81.0,168,213,95.1,203
2023-03-22 22:58:00,168,69.6,166,191,86.6,198
2023-03-22 23:00:00,220,82.9,183,254,96.3,223
2023-03-22 23:02:00,168,69.1,158,203,87.1,196
2023-03-22 23:04:00,182,252,299,217,267,308
2023-03-22 23:06:00,184,86.7,180,223,101,216
2023-03-22 23:08:00,166,70.1,164,194,93.3,202
2023-03-22 23:10:00,177,86.5,164,212,99.3,205
2023-03-22 23:12:00,168,72,163,201,100,212
2023-03-22 23:14:00,178,227,285,211,237,294
2023-03-22 23:16:00,192,388,456,221,400,428
2023-03-22 23:18:00,166,78.5,169,197,96.5,208
2023-03-22 23:20:00,174,85.1,166,212,95.1,202
2023-03-22 23:22:00,166,68.7,165,195,91.0,203
2023-03-22 23:24:00,175,88.3,173,213,107,212
2023-03-22 23:26:00,175,93.2,183,205,108,218
2023-03-22 23:28:00,167,80.1,164,194,92.6,200
2023-03-22 23:30:00,177,86.7,169,211,98.8,204
2023-03-22 23:32:00,164,70.5,167,200,94.9,212
2023-03-22 23:34:00,172,83.2,167,211,94.0,200
2023-03-22 23:36:00,181,73.4,180,217,91.9,216
2023-03-22 23:38:00,170,83.2,167,218,98.7,200
2023-03-22 23:40:00,180,83.4,173,215,97.8,205
2023-03-22 23:42:00,164,70.4,164,196,90.1,199
2023-03-22 23:44:00,221,84.5,191,251,102,233
2023-03-22 23:46:00,169,74.6,172,192,88.8,206
2023-03-22 23:48:00,165,83.3,159,205,102,206
2023-03-22 23:50:00,171,80.5,166,210,93.7,201
2023-03-22 23:52:00,155,83.6,164,183,94.8,197
2023-03-22 23:54:00,174,84.8,162,207,98.7,201
2023-03-22 23:56:00,163,66.5,173,203,87.2,205
2023-03-22 23:58:00,169,79,162,210,104,202
2023-03-23 00:00:00,171,70.7,168,208,89.2,201
2023-03-23 00:02:00,165,80.9,164,208,98.7,199
2023-03-23 00:04:00,167,78.4,159,209,99.2,195
2023-03-23 00:06:00,169,68.2,178,208,98.1,219
2023-03-23 00:08:00,169,79.9,163,199,105,211
2023-03-23 00:10:00,163,68.1,162,193,86.4,198
2023-03-23 00:12:00,166,87.7,165,209,105,207
2023-03-23 00:14:00,171,80.9,163,210,101,202
2023-03-23 00:16:00,167,85.6,172,195,97.3,210
2023-03-23 00:18:00,164,81.7,163,241,128,228
2023-03-23 00:20:00,161,68.1,164,192,87.5,195
2023-03-23 00:22:00,171,82.5,163,204,90.1,199
2023-03-23 00:24:00,169,70.2,163,197,86.0,198
2023-03-23 00:26:00,174,84.3,175,235,122,235
2023-03-23 00:28:00,178,89.7,169,228,123,230
2023-03-23 00:30:00,171,78.9,171,205,108,222
2023-03-23 00:32:00,172,85.1,162,208,97,200
2023-03-23 00:34:00,163,70.2,163,210,109,222
2023-03-23 00:36:00,186,85.8,182,224,102,221
2023-03-23 00:38:00,191,103,185,216,102,210
2023-03-23 00:40:00,166,77.1,162,188,88.3,198
2023-03-23 00:42:00,170,83.6,162,204,95.3,197
2023-03-23 00:44:00,162,68.9,164,200,101,211
2023-03-23 00:46:00,178,86.0,176,202,92.7,206
2023-03-23 00:48:00,173,78.8,167,210,101,211
2023-03-23 00:50:00,171,83.1,162,214,108,210
2023-03-23 00:52:00,170,84.3,161,210,91.5,195
2023-03-23 00:54:00,159,71.2,166,200,101,213
2023-03-23 00:56:00,175,81.3,176,208,93.1,210
2023-03-23 00:58:00,166,72.3,163,208,101,213
2023-03-23 01:00:00,171,84.7,167,219,107,214
2023-03-23 01:02:00,172,84.1,161,218,101,207
2023-03-23 01:04:00,160,70.4,162,218,120,231
2023-03-23 01:06:00,179,87.4,178,215,100,216
2023-03-23 01:08:00,164,109,216,202,135,253
2023-03-23 01:10:00,172,87.0,163,206,97.7,200
2023-03-23 01:12:00,225,84.6,191,263,103,233
2023-03-23 01:14:00,163,81.8,163,221,129,229
2023-03-23 01:16:00,177,88.2,175,225,118,233
2023-03-23 01:18:00,160,132,235,199,161,270
2023-03-23 01:20:00,179,91.2,169,198,90,193
2023-03-23 01:22:00,173,72.8,170,212,91.1,209
2023-03-23 01:24:00,176,85.7,167,214,109,215
2023-03-23 01:26:00,174,86,170,210,99,209
2023-03-23 01:28:00,173,156,255,206,174,276
2023-03-23 01:30:00,172,84.5,177,209,99.7,223
2023-03-23 01:32:00,167,72.1,167,192,87.8,203
2023-03-23 01:34:00,179,90.1,171,210,101,210
2023-03-23 01:36:00,182,85.5,181,215,99.4,220
2023-03-23 01:38:00,181,179,277,220,196,296
2023-03-23 01:40:00,176,84.7,193,262,145,283
2023-03-23 01:42:00,170,76.4,176,200,97.7,214
2023-03-23 01:44:00,174,85,167,212,98.9,205
2023-03-23 01:46:00,172,82.9,172,210,99.4,210
2023-03-23 01:48:00,177,216,297,221,234,309
2023-03-23 01:50:00,175,82.2,165,226,110,214
2023-03-23 01:52:00,160,72.7,164,193,95.3,205
2023-03-23 01:54:00,170,84.5,171,208,102,205
2023-03-23 01:56:00,163,69.6,169,195,87.5,204
2023-03-23 01:58:00,182,235,313,221,253,320
2023-03-23 02:00:00,169,83.1,165,228,114,218
2023-03-23 02:02:00,160,73.4,163,222,124,232
2023-03-23 02:04:00,187,93.6,174,250,122,231
2023-03-23 02:06:00,179,73.2,176,185,73.5,199
2023-03-23 02:08:00,185,261,331,207,259,320
2023-03-23 02:10:00,182,81.9,163,233,107,213
2023-03-23 02:12:00,167,72.6,163,179,79.4,189
2023-03-23 02:14:00,177,83.4,162,198,85.8,187
2023-03-23 02:16:00,167,72.7,167,181,75.9,192
2023-03-23 02:18:00,185,285,357,219,293,345
2023-03-23 02:20:00,175,79.1,168,218,103,213
2023-03-23 02:22:00,170,85.2,164,194,85.1,188
2023-03-23 02:24:00,174,88.7,162,197,89.8,186
2023-03-23 02:26:00,167,71.5,170,178,74.2,192
2023-03-23 02:28:00,190,302,369,211,305,351
2023-03-23 02:30:00,175,75.9,169,206,97.8,213

