"Time","192.168.0.211:9796","192.168.0.221:9796","192.168.0.222:9796"
2023-03-13 12:00:00,0.0426,0.0356,0.0942
2023-03-13 12:02:00,0.0427,0.0390,0.0911
2023-03-13 12:04:00,0.0419,0.0412,0.0970
2023-03-13 12:06:00,0.0473,0.0433,0.0949
2023-03-13 12:08:00,0.0424,0.0412,0.0274
2023-03-13 12:10:00,0.0467,0.0329,0.0975
2023-03-13 12:12:00,0.0424,0.0433,0.0810
2023-03-13 12:14:00,0.0459,0.0388,0.0954
2023-03-13 12:16:00,0.0468,0.0411,0.0958
2023-03-13 12:18:00,0.0423,0.0419,0.0605
2023-03-13 12:20:00,0.0427,0.0313,0.0939
2023-03-13 12:22:00,0.0434,0.0402,0.0619
2023-03-13 12:24:00,0.0480,0.0428,0.0983
2023-03-13 12:26:00,0.0503,0.0416,0.0992
2023-03-13 12:28:00,0.0420,0.0393,0.0835
2023-03-13 12:30:00,0.0448,0.0424,0.0943
2023-03-13 12:32:00,0.0427,0.0429,0.0295
2023-03-13 12:34:00,0.0502,0.0346,0.0929
2023-03-13 12:36:00,0.0473,0.0406,0.0960
2023-03-13 12:38:00,0.0423,0.0405,0.0939
2023-03-13 12:40:00,0.0426,0.0413,0.0933
2023-03-13 12:42:00,0.0423,0.0425,0.0388
2023-03-13 12:44:00,0.0434,0.0331,0.0930
2023-03-13 12:46:00,0.0468,0.0418,0.0763
2023-03-13 12:48:00,0.0435,0.0451,0.0963
2023-03-13 12:50:00,0.0427,0.0415,0.0939
2023-03-13 12:52:00,0.0430,0.0395,0.0644
2023-03-13 12:54:00,0.0428,0.0355,0.0937
2023-03-13 12:56:00,0.0462,0.0425,0.0490
2023-03-13 12:58:00,0.0427,0.0398,0.0972
2023-03-13 13:00:00,0.0445,0.0420,0.0932
2023-03-13 13:02:00,0.0427,0.0440,0.0856
2023-03-13 13:04:00,0.0427,0.0443,0.0929
2023-03-13 13:06:00,0.0483,0.0449,0.0309
2023-03-13 13:08:00,0.0433,0.0305,0.0944
2023-03-13 13:10:00,0.0423,0.0405,0.0898
2023-03-13 13:12:00,0.0429,0.0412,0.0963
2023-03-13 13:14:00,0.0422,0.0425,0.0941
2023-03-13 13:16:00,0.0519,0.0457,0.0496
2023-03-13 13:18:00,0.0430,0.0341,0.0944
2023-03-13 13:20:00,0.0418,0.0407,0.0795
2023-03-13 13:22:00,0.0448,0.0387,0.0946
2023-03-13 13:24:00,0.0429,0.0414,0.0970
2023-03-13 13:26:00,0.0527,0.0414,0.0741
2023-03-13 13:28:00,0.0431,0.0323,0.0924
2023-03-13 13:30:00,0.0437,0.0414,0.0398
2023-03-13 13:32:00,0.0434,0.0376,0.0929
2023-03-13 13:34:00,0.0420,0.0413,0.0959
2023-03-13 13:36:00,0.0502,0.0463,0.0898
2023-03-13 13:38:00,0.0429,0.0402,0.0938
2023-03-13 13:40:00,0.0436,0.0413,0.0274
2023-03-13 13:42:00,0.0477,0.0344,0.0952
2023-03-13 13:44:00,0.0421,0.0397,0.0838
2023-03-13 13:46:00,0.0467,0.0422,0.0983
2023-03-13 13:48:00,0.0427,0.0483,0.0931
2023-03-13 13:50:00,0.0426,0.0419,0.0495
2023-03-13 13:52:00,0.0425,0.0328,0.0956
2023-03-13 13:54:00,0.0429,0.0416,0.0680
2023-03-13 13:56:00,0.0461,0.0420,0.0969
2023-03-13 13:58:00,0.0413,0.0450,0.0935
2023-03-13 14:00:00,0.0428,0.0418,0.0669
2023-03-13 14:02:00,0.0426,0.0317,0.0938
2023-03-13 14:04:00,0.0426,0.0435,0.0533
2023-03-13 14:06:00,0.0500,0.0405,0.0966
2023-03-13 14:08:00,0.0464,0.0412,0.102
2023-03-13 14:10:00,0.0425,0.0415,0.0928
2023-03-13 14:12:00,0.0447,0.0423,0.0956
2023-03-13 14:14:00,0.0426,0.0415,0.0391
2023-03-13 14:16:00,0.0520,0.0316,0.0947
2023-03-13 14:18:00,0.0480,0.0436,0.0777
2023-03-13 14:20:00,0.0432,0.0414,0.0941
2023-03-13 14:22:00,0.0431,0.0422,0.0948
2023-03-13 14:24:00,0.0433,0.0432,0.0592
2023-03-13 14:26:00,0.0471,0.0323,0.0956
2023-03-13 14:28:00,0.0453,0.0440,0.0515
2023-03-13 14:30:00,0.0699,0.0680,0.107
2023-03-13 14:32:00,0.0708,0.0581,0.110
2023-03-13 14:34:00,0.0741,0.0591,0.0967
2023-03-13 14:36:00,0.0730,0.0575,0.109
2023-03-13 14:38:00,0.0771,0.0613,0.0560
2023-03-13 14:40:00,0.0700,0.0562,0.109
2023-03-13 14:42:00,0.0680,0.0672,0.107
2023-03-13 14:44:00,0.0734,0.0634,0.108
2023-03-13 14:46:00,0.0734,0.0637,0.110
2023-03-13 14:48:00,0.0863,0.0632,0.0600
2023-03-13 14:50:00,0.0718,0.0548,0.108
2023-03-13 14:52:00,0.0738,0.0612,0.0976
2023-03-13 14:54:00,0.0764,0.0668,0.110
2023-03-13 14:56:00,0.0781,0.0593,0.111
2023-03-13 14:58:00,0.0830,0.0630,0.0697
2023-03-13 15:00:00,0.0833,0.0552,0.109
2023-03-13 15:02:00,0.0793,0.0621,0.0833
2023-03-13 15:04:00,0.0732,0.0660,0.108
2023-03-13 15:06:00,0.0814,0.0632,0.114
2023-03-13 15:08:00,0.0803,0.0589,0.0874
2023-03-13 15:10:00,0.0844,0.0550,0.110
2023-03-13 15:12:00,0.0769,0.0633,0.0648
2023-03-13 15:14:00,0.0728,0.0676,0.109
2023-03-13 15:16:00,0.0775,0.0628,0.113
2023-03-13 15:18:00,0.0793,0.0635,0.105
2023-03-13 15:20:00,0.0816,0.0671,0.108
2023-03-13 15:22:00,0.0793,0.0624,0.0515
2023-03-13 15:24:00,0.0741,0.0552,0.111
2023-03-13 15:26:00,0.0789,0.0618,0.113
2023-03-13 15:28:00,0.0749,0.0644,0.110
2023-03-13 15:30:00,0.0744,0.0668,0.110
2023-03-13 15:32:00,0.0844,0.0627,0.0598
2023-03-13 15:34:00,0.0717,0.0530,0.108
2023-03-13 15:36:00,0.0797,0.0637,0.0896
2023-03-13 15:38:00,0.0764,0.0649,0.111
2023-03-13 15:40:00,0.0712,0.0632,0.108
2023-03-13 15:42:00,0.0811,0.0694,0.0837
2023-03-13 15:44:00,0.0710,0.0486,0.107
2023-03-13 15:46:00,0.0806,0.0627,0.0708
2023-03-13 15:48:00,0.0719,0.0625,0.107
2023-03-13 15:50:00,0.0713,0.0598,0.109
2023-03-13 15:52:00,0.0868,0.0619,0.105
2023-03-13 15:54:00,0.0737,0.0636,0.109
2023-03-13 15:56:00,0.0786,0.0593,0.0494
2023-03-13 15:58:00,0.0720,0.0535,0.110
2023-03-13 16:00:00,0.0725,0.0623,0.105
2023-03-13 16:02:00,0.0870,0.0687,0.110
2023-03-13 16:04:00,0.0719,0.0628,0.109
2023-03-13 16:06:00,0.0853,0.0666,0.0600
2023-03-13 16:08:00,0.0711,0.0536,0.108
2023-03-13 16:10:00,0.0734,0.0624,0.0887
2023-03-13 16:12:00,0.0858,0.0715,0.109
2023-03-13 16:14:00,0.0726,0.0630,0.110
2023-03-13 16:16:00,0.0818,0.0681,0.0882
2023-03-13 16:18:00,0.0738,0.0529,0.109
2023-03-13 16:20:00,0.0752,0.0615,0.0656
2023-03-13 16:22:00,0.0747,0.0651,0.108
2023-03-13 16:24:00,0.0735,0.0641,0.109
2023-03-13 16:26:00,0.0814,0.0625,0.0990
2023-03-13 16:28:00,0.0724,0.0638,0.109
2023-03-13 16:30:00,0.0768,0.0660,0.0513
2023-03-13 16:32:00,0.0740,0.0593,0.108
2023-03-13 16:34:00,0.0748,0.0605,0.105
2023-03-13 16:36:00,0.0793,0.0667,0.110
2023-03-13 16:38:00,0.0759,0.0605,0.110
2023-03-13 16:40:00,0.0805,0.0654,0.0698
2023-03-13 16:42:00,0.0732,0.0554,0.109
2023-03-13 16:44:00,0.0841,0.0648,0.0902
2023-03-13 16:46:00,0.0756,0.0684,0.110
2023-03-13 16:48:00,0.0744,0.0632,0.111
2023-03-13 16:50:00,0.0807,0.0614,0.0811
2023-03-13 16:52:00,0.0693,0.0555,0.110
2023-03-13 16:54:00,0.0780,0.0660,0.0680
2023-03-13 16:56:00,0.0543,0.0554,0.0997
2023-03-13 16:58:00,0.0697,0.0625,0.106
2023-03-13 17:00:00,0.0747,0.0618,0.0952
2023-03-13 17:02:00,0.0711,0.0630,0.109
2023-03-13 17:04:00,0.0801,0.0636,0.0509
2023-03-13 17:06:00,0.0747,0.0588,0.108
2023-03-13 17:08:00,0.0726,0.0619,0.110
2023-03-13 17:10:00,0.0750,0.0633,0.108
2023-03-13 17:12:00,0.0750,0.0681,0.110
2023-03-13 17:14:00,0.0843,0.0653,0.0583
2023-03-13 17:16:00,0.0763,0.0531,0.110
2023-03-13 17:18:00,0.0754,0.0650,0.0944
2023-03-13 17:20:00,0.0727,0.0651,0.109
2023-03-13 17:22:00,0.0730,0.0615,0.108
2023-03-13 17:24:00,0.0831,0.0652,0.0772
2023-03-13 17:26:00,0.0801,0.0530,0.110
2023-03-13 17:28:00,0.0791,0.0692,0.0717
2023-03-13 17:30:00,0.0726,0.0672,0.107
2023-03-13 17:32:00,0.0788,0.0596,0.110
2023-03-13 17:34:00,0.0794,0.0615,0.0966
2023-03-13 17:36:00,0.0860,0.0608,0.109
2023-03-13 17:38:00,0.0780,0.0624,0.0590
2023-03-13 17:40:00,0.0738,0.0602,0.111
2023-03-13 17:42:00,0.0750,0.0609,0.108
2023-03-13 17:44:00,0.0757,0.0661,0.112
2023-03-13 17:46:00,0.0862,0.0656,0.110
2023-03-13 17:48:00,0.0849,0.0639,0.0722
2023-03-13 17:50:00,0.0730,0.0537,0.110
2023-03-13 17:52:00,0.0737,0.0630,0.0881
2023-03-13 17:54:00,0.0741,0.0718,0.110
2023-03-13 17:56:00,0.0808,0.0696,0.121
2023-03-13 17:58:00,0.0817,0.0615,0.0920
2023-03-13 18:00:00,0.0764,0.0532,0.108
2023-03-13 18:02:00,0.0807,0.0615,0.0586
2023-03-13 18:04:00,0.0754,0.0579,0.110
2023-03-13 18:06:00,0.0854,0.0696,0.118
2023-03-13 18:08:00,0.0759,0.0695,0.111
2023-03-13 18:10:00,0.0752,0.0626,0.109
2023-03-13 18:12:00,0.0850,0.0635,0.0537
2023-03-13 18:14:00,0.0731,0.0558,0.111
2023-03-13 18:16:00,0.0772,0.0597,0.0985
2023-03-13 18:18:00,0.0781,0.0656,0.111
2023-03-13 18:20:00,0.0740,0.0625,0.110
2023-03-13 18:22:00,0.0807,0.0602,0.0734
2023-03-13 18:24:00,0.0755,0.0567,0.110
2023-03-13 18:26:00,0.0800,0.0673,0.0770
2023-03-13 18:28:00,0.0830,0.0656,0.113
2023-03-13 18:30:00,0.0749,0.0629,0.109
2023-03-13 18:32:00,0.0783,0.0605,0.0930
2023-03-13 18:34:00,0.0776,0.0507,0.110
2023-03-13 18:36:00,0.0835,0.0614,0.0666
2023-03-13 18:38:00,0.0821,0.0636,0.113
2023-03-13 18:40:00,0.0735,0.0585,0.109
2023-03-13 18:42:00,0.0808,0.0656,0.107
2023-03-13 18:44:00,0.0728,0.0632,0.110
2023-03-13 18:46:00,0.0838,0.0627,0.0612
2023-03-13 18:48:00,0.0751,0.0596,0.117
2023-03-13 18:50:00,0.0796,0.0601,0.110
2023-03-13 18:52:00,0.0763,0.0641,0.110
2023-03-13 18:54:00,0.0717,0.0641,0.109
2023-03-13 18:56:00,0.0896,0.0584,0.0655
2023-03-13 18:58:00,0.0735,0.0534,0.109
2023-03-13 19:00:00,0.0771,0.0624,0.0875
2023-03-13 19:02:00,0.0748,0.0683,0.110
2023-03-13 19:04:00,0.0724,0.0622,0.110
2023-03-13 19:06:00,0.0872,0.0610,0.0896
2023-03-13 19:08:00,0.0762,0.0535,0.110
2023-03-13 19:10:00,0.0841,0.0616,0.0727
2023-03-13 19:12:00,0.0743,0.0635,0.109
2023-03-13 19:14:00,0.0708,0.0584,0.108
2023-03-13 19:16:00,0.0784,0.0600,0.105
2023-03-13 19:18:00,0.0719,0.0622,0.109
2023-03-13 19:20:00,0.0943,0.0650,0.0524
2023-03-13 19:22:00,0.0700,0.0583,0.109
2023-03-13 19:24:00,0.0740,0.0648,0.108
2023-03-13 19:26:00,0.0777,0.0677,0.110
2023-03-13 19:28:00,0.0722,0.0613,0.114
2023-03-13 19:30:00,0.0945,0.0653,0.0678
2023-03-13 19:32:00,0.0764,0.0525,0.111
2023-03-13 19:34:00,0.0766,0.0571,0.0859
2023-03-13 19:36:00,0.0770,0.0657,0.112
2023-03-13 19:38:00,0.0720,0.0618,0.115
2023-03-13 19:40:00,0.0767,0.0605,0.0845
2023-03-13 19:42:00,0.0760,0.0517,0.108
2023-03-13 19:44:00,0.0790,0.0612,0.0723
2023-03-13 19:46:00,0.0744,0.0610,0.110
2023-03-13 19:48:00,0.0712,0.0629,0.108
2023-03-13 19:50:00,0.0773,0.0592,0.104
2023-03-13 19:52:00,0.0765,0.0635,0.112
2023-03-13 19:54:00,0.0791,0.0699,0.0502
2023-03-13 19:56:00,0.0737,0.0550,0.111
2023-03-13 19:58:00,0.0725,0.0611,0.107
2023-03-13 20:00:00,0.0752,0.0649,0.111
2023-03-13 20:02:00,0.0855,0.0595,0.111
2023-03-13 20:04:00,0.0834,0.0615,0.0584
2023-03-13 20:06:00,0.0782,0.0593,0.110
2023-03-13 20:08:00,0.0755,0.0601,0.0980
2023-03-13 20:10:00,0.0732,0.0623,0.110
2023-03-13 20:12:00,0.0836,0.0670,0.109
2023-03-13 20:14:00,0.0803,0.0602,0.0756
2023-03-13 20:16:00,0.0780,0.0553,0.111
2023-03-13 20:18:00,0.0774,0.0631,0.0735
2023-03-13 20:20:00,0.0756,0.0644,0.111
2023-03-13 20:22:00,0.0767,0.0656,0.109
2023-03-13 20:24:00,0.0823,0.0722,0.0920
2023-03-13 20:26:00,0.0759,0.0507,0.116
2023-03-13 20:28:00,0.0757,0.0631,0.0692
2023-03-13 20:30:00,0.0743,0.0678,0.108
2023-03-13 20:32:00,0.0755,0.0688,0.122
2023-03-13 20:34:00,0.0779,0.0620,0.104
2023-03-13 20:36:00,0.0740,0.0614,0.107
2023-03-13 20:38:00,0.0801,0.0671,0.0542
2023-03-13 20:40:00,0.0735,0.0575,0.108
2023-03-13 20:42:00,0.0773,0.0656,0.110
2023-03-13 20:44:00,0.0779,0.0631,0.110
2023-03-13 20:46:00,0.0767,0.0628,0.110
2023-03-13 20:48:00,0.0835,0.0634,0.0538
2023-03-13 20:50:00,0.0748,0.0543,0.109
2023-03-13 20:52:00,0.0773,0.0660,0.0994
2023-03-13 20:54:00,0.0847,0.0686,0.112
2023-03-13 20:56:00,0.0767,0.0610,0.110
2023-03-13 20:58:00,0.0820,0.0617,0.0753
2023-03-13 21:00:00,0.0743,0.0530,0.109
2023-03-13 21:02:00,0.0819,0.0645,0.0671
2023-03-13 21:04:00,0.0952,0.0638,0.132
2023-03-13 21:06:00,0.0916,0.0842,0.101
2023-03-13 21:08:00,0.0843,0.0701,0.130
2023-03-13 21:10:00,0.0765,0.0636,0.111
2023-03-13 21:12:00,0.0797,0.0665,0.112
2023-03-13 21:14:00,0.0774,0.0650,0.109
2023-03-13 21:16:00,0.0880,0.0646,0.0645
2023-03-13 21:18:00,0.0730,0.0537,0.109
2023-03-13 21:20:00,0.0775,0.0646,0.0845
2023-03-13 21:22:00,0.0740,0.0649,0.110
2023-03-13 21:24:00,0.0751,0.0671,0.111
2023-03-13 21:26:00,0.0829,0.0615,0.0894
2023-03-13 21:28:00,0.0745,0.0516,0.109
2023-03-13 21:30:00,0.0785,0.0631,0.0610
2023-03-13 21:32:00,0.0733,0.0580,0.111
2023-03-13 21:34:00,0.0718,0.0629,0.112
2023-03-13 21:36:00,0.0801,0.0628,0.105
2023-03-13 21:38:00,0.0706,0.0593,0.110
2023-03-13 21:40:00,0.0773,0.0685,0.0497
2023-03-13 21:42:00,0.0715,0.0543,0.108
2023-03-13 21:44:00,0.0602,0.0565,0.0916
2023-03-13 21:46:00,0.0847,0.0657,0.110
2023-03-13 21:48:00,0.0708,0.0637,0.109
2023-03-13 21:50:00,0.0870,0.0611,0.0694
2023-03-13 21:52:00,0.0724,0.0511,0.110
2023-03-13 21:54:00,0.0744,0.0631,0.0734
2023-03-13 21:56:00,0.0925,0.0698,0.119
2023-03-13 21:58:00,0.0745,0.0636,0.110
2023-03-13 22:00:00,0.0751,0.0615,0.0855
2023-03-13 22:02:00,0.0733,0.0516,0.115
2023-03-13 22:04:00,0.0774,0.0641,0.0684
2023-03-13 22:06:00,0.0804,0.0720,0.111
2023-03-13 22:08:00,0.0725,0.0626,0.110
2023-03-13 22:10:00,0.0800,0.0624,0.0987
2023-03-13 22:12:00,0.0756,0.0605,0.110
2023-03-13 22:14:00,0.0796,0.0637,0.0579
2023-03-13 22:16:00,0.0740,0.0599,0.109
2023-03-13 22:18:00,0.0737,0.0680,0.108
2023-03-13 22:20:00,0.0785,0.0610,0.110
2023-03-13 22:22:00,0.0740,0.0632,0.108
2023-03-13 22:24:00,0.0792,0.0626,0.0487
2023-03-13 22:26:00,0.0736,0.0540,0.107
2023-03-13 22:28:00,0.0783,0.0590,0.0977
2023-03-13 22:30:00,0.0742,0.0711,0.109
2023-03-13 22:32:00,0.0712,0.0630,0.111
2023-03-13 22:34:00,0.0788,0.0618,0.0747
2023-03-13 22:36:00,0.0787,0.0573,0.108
2023-03-13 22:38:00,0.0738,0.0632,0.0636
2023-03-13 22:40:00,0.0686,0.0662,0.108
2023-03-13 22:42:00,0.0760,0.0655,0.111
2023-03-13 22:44:00,0.0801,0.0602,0.0998
2023-03-13 22:46:00,0.0786,0.0583,0.110
2023-03-13 22:48:00,0.0907,0.0675,0.0533
2023-03-13 22:50:00,0.0710,0.0592,0.113
2023-03-13 22:52:00,0.0738,0.0612,0.108
2023-03-13 22:54:00,0.0770,0.0660,0.108
2023-03-13 22:56:00,0.0734,0.0591,0.114
2023-03-13 22:58:00,0.0760,0.0678,0.0491
2023-03-13 23:00:00,0.0707,0.0597,0.107
2023-03-13 23:02:00,0.0712,0.0632,0.113
2023-03-13 23:04:00,0.0715,0.0687,0.108
2023-03-13 23:06:00,0.0775,0.0626,0.119
2023-03-13 23:08:00,0.0825,0.0631,0.0700
2023-03-13 23:10:00,0.0713,0.0520,0.110
2023-03-13 23:12:00,0.0727,0.0698,0.0904
2023-03-13 23:14:00,0.0742,0.0670,0.110
2023-03-13 23:16:00,0.0764,0.0592,0.109
2023-03-13 23:18:00,0.0757,0.0653,0.0896
2023-03-13 23:20:00,0.0827,0.0562,0.108
2023-03-13 23:22:00,0.0750,0.0592,0.0600
2023-03-13 23:24:00,0.0716,0.0592,0.108
2023-03-13 23:26:00,0.0774,0.0606,0.109
2023-03-13 23:28:00,0.0753,0.0667,0.108
2023-03-13 23:30:00,0.0843,0.0680,0.109
2023-03-13 23:32:00,0.0847,0.0619,0.0564
2023-03-13 23:34:00,0.0740,0.0564,0.111
2023-03-13 23:36:00,0.0785,0.0675,0.102
2023-03-13 23:38:00,0.0746,0.0627,0.110
2023-03-13 23:40:00,0.0813,0.0668,0.112
2023-03-13 23:42:00,0.0806,0.0706,0.0659
2023-03-13 23:44:00,0.0737,0.0565,0.117
2023-03-13 23:46:00,0.0817,0.0624,0.0961
2023-03-13 23:48:00,0.0768,0.0665,0.110
2023-03-13 23:50:00,0.0735,0.0653,0.110
2023-03-13 23:52:00,0.0827,0.0626,0.0906
2023-03-13 23:54:00,0.0753,0.0535,0.110
2023-03-13 23:56:00,0.0854,0.0638,0.0640
2023-03-13 23:58:00,0.0700,0.0589,0.110
2023-03-14 00:00:00,0.0717,0.0610,0.109
2023-03-14 00:02:00,0.0772,0.0643,0.115
2023-03-14 00:04:00,0.0729,0.0640,0.108
2023-03-14 00:06:00,0.0850,0.0638,0.0612
2023-03-14 00:08:00,0.0759,0.0539,0.109
2023-03-14 00:10:00,0.0740,0.0606,0.0996
2023-03-14 00:12:00,0.0802,0.0668,0.109
2023-03-14 00:14:00,0.0743,0.0673,0.110
2023-03-14 00:16:00,0.0862,0.0635,0.0754
2023-03-14 00:18:00,0.0726,0.0544,0.109
2023-03-14 00:20:00,0.0762,0.0635,0.0732
2023-03-14 00:22:00,0.0843,0.0737,0.109
2023-03-14 00:24:00,0.0728,0.0653,0.109
2023-03-14 00:26:00,0.0823,0.0633,0.0985
2023-03-14 00:28:00,0.0741,0.0517,0.111
2023-03-14 00:30:00,0.0800,0.0657,0.0602
2023-03-14 00:32:00,0.0812,0.0658,0.109
2023-03-14 00:34:00,0.0744,0.0599,0.113
2023-03-14 00:36:00,0.0807,0.0640,0.105
2023-03-14 00:38:00,0.0742,0.0665,0.110
2023-03-14 00:40:00,0.0803,0.0607,0.0512
2023-03-14 00:42:00,0.0772,0.0621,0.109
2023-03-14 00:44:00,0.0745,0.0646,0.104
2023-03-14 00:46:00,0.0771,0.0643,0.119
2023-03-14 00:48:00,0.0724,0.0666,0.110
2023-03-14 00:50:00,0.0866,0.0685,0.0702
2023-03-14 00:52:00,0.0748,0.0532,0.111
2023-03-14 00:54:00,0.0756,0.0655,0.0914
2023-03-14 00:56:00,0.0790,0.0669,0.117
2023-03-14 00:58:00,0.0752,0.0637,0.110
2023-03-14 01:00:00,0.0810,0.0638,0.0908
2023-03-14 01:02:00,0.0737,0.0557,0.111
2023-03-14 01:04:00,0.0948,0.0626,0.0603
2023-03-14 01:06:00,0.0763,0.0663,0.108
2023-03-14 01:08:00,0.0740,0.0588,0.111
2023-03-14 01:10:00,0.0784,0.0612,0.104
2023-03-14 01:12:00,0.0735,0.0640,0.110
2023-03-14 01:14:00,0.0970,0.0657,0.0538
2023-03-14 01:16:00,0.0797,0.0550,0.110
2023-03-14 01:18:00,0.0749,0.0626,0.106
2023-03-14 01:20:00,0.0780,0.0685,0.111
2023-03-14 01:22:00,0.0715,0.0620,0.108
2023-03-14 01:24:00,0.0858,0.0715,0.0785
2023-03-14 01:26:00,0.0801,0.0572,0.111
2023-03-14 01:28:00,0.0750,0.0612,0.0805
2023-03-14 01:30:00,0.0754,0.0683,0.110
2023-03-14 01:32:00,0.0748,0.0642,0.110
2023-03-14 01:34:00,0.0807,0.0589,0.0906
2023-03-14 01:36:00,0.0785,0.0564,0.110
2023-03-14 01:38:00,0.0791,0.0602,0.0750
2023-03-14 01:40:00,0.0730,0.0551,0.110
2023-03-14 01:42:00,0.0789,0.0646,0.109
2023-03-14 01:44:00,0.0820,0.0612,0.109
2023-03-14 01:46:00,0.0822,0.0609,0.111
2023-03-14 01:48:00,0.0788,0.0631,0.0510
2023-03-14 01:50:00,0.0717,0.0530,0.113
2023-03-14 01:52:00,0.0730,0.0624,0.0945
2023-03-14 01:54:00,0.0736,0.0659,0.109
2023-03-14 01:56:00,0.0925,0.0639,0.109
2023-03-14 01:58:00,0.0817,0.0632,0.0730
2023-03-14 02:00:00,0.0732,0.0571,0.109
2023-03-14 02:02:00,0.0779,0.0648,0.0794
2023-03-14 02:04:00,0.0730,0.0664,0.109
2023-03-14 02:06:00,0.0859,0.0699,0.112
2023-03-14 02:08:00,0.0803,0.0622,0.0900
2023-03-14 02:10:00,0.0745,0.0549,0.110
2023-03-14 02:12:00,0.0785,0.0715,0.0636
2023-03-14 02:14:00,0.0734,0.0608,0.110
2023-03-14 02:16:00,0.0814,0.0659,0.111
2023-03-14 02:18:00,0.0748,0.0622,0.105
2023-03-14 02:20:00,0.0740,0.0605,0.110
2023-03-14 02:22:00,0.0804,0.0648,0.0515
2023-03-14 02:24:00,0.0760,0.0603,0.109
2023-03-14 02:26:00,0.0793,0.0674,0.106
2023-03-14 02:28:00,0.0756,0.0629,0.113
2023-03-14 02:30:00,0.0744,0.0678,0.109
2023-03-14 02:32:00,0.0784,0.0586,0.0697
2023-03-14 02:34:00,0.0507,0.0371,0.0983
2023-03-14 02:36:00,0.0584,0.0522,0.0799
2023-03-14 02:38:00,0.0582,0.0493,0.102
2023-03-14 02:40:00,0.0532,0.0462,0.101
2023-03-14 02:42:00,0.0556,0.0497,0.0742
2023-03-14 02:44:00,0.0518,0.0387,0.0992
2023-03-14 02:46:00,0.0570,0.0545,0.0511
2023-03-14 02:48:00,0.0583,0.0506,0.0994
2023-03-14 02:50:00,0.0524,0.0466,0.0991
2023-03-14 02:52:00,0.0550,0.0533,0.0937
2023-03-14 02:54:00,0.0559,0.0500,0.0999
2023-03-14 02:56:00,0.0583,0.0514,0.0363
2023-03-14 02:58:00,0.0589,0.0433,0.0988
2023-03-14 03:00:00,0.0723,0.0663,0.103
2023-03-14 03:02:00,0.0725,0.0698,0.110
2023-03-14 03:04:00,0.0763,0.0623,0.108
2023-03-14 03:06:00,0.0815,0.0620,0.0566
2023-03-14 03:08:00,0.0750,0.0555,0.108
2023-03-14 03:10:00,0.0730,0.0621,0.0940
2023-03-14 03:12:00,0.0722,0.0690,0.110
2023-03-14 03:14:00,0.0735,0.0606,0.109
2023-03-14 03:16:00,0.0839,0.0638,0.0887
2023-03-14 03:18:00,0.0721,0.0593,0.109
2023-03-14 03:20:00,0.0772,0.0608,0.0656
2023-03-14 03:22:00,0.0758,0.0668,0.109
2023-03-14 03:24:00,0.0748,0.0630,0.110
2023-03-14 03:26:00,0.0831,0.0601,0.103
2023-03-14 03:28:00,0.0768,0.0625,0.119
2023-03-14 03:30:00,0.0894,0.0657,0.0477
2023-03-14 03:32:00,0.0749,0.0570,0.108
2023-03-14 03:34:00,0.0742,0.0650,0.108
2023-03-14 03:36:00,0.0809,0.0678,0.111
2023-03-14 03:38:00,0.0737,0.0621,0.110
2023-03-14 03:40:00,0.0958,0.0749,0.0721
2023-03-14 03:42:00,0.0740,0.0542,0.109
2023-03-14 03:44:00,0.0743,0.0597,0.0677
2023-03-14 03:46:00,0.0765,0.0707,0.109
2023-03-14 03:48:00,0.0723,0.0648,0.108
2023-03-14 03:50:00,0.0879,0.0658,0.0976
2023-03-14 03:52:00,0.0730,0.0610,0.109
2023-03-14 03:54:00,0.0844,0.0644,0.0513
2023-03-14 03:56:00,0.0768,0.0560,0.109
2023-03-14 03:58:00,0.0731,0.0625,0.109
2023-03-14 04:00:00,0.0790,0.0693,0.110
2023-03-14 04:02:00,0.0552,0.0592,0.0990
2023-03-14 04:04:00,0.0796,0.0623,0.0585
2023-03-14 04:06:00,0.0668,0.0676,0.110
2023-03-14 04:08:00,0.0690,0.0612,0.103
2023-03-14 04:10:00,0.0713,0.0677,0.108
2023-03-14 04:12:00,0.0746,0.0645,0.110
2023-03-14 04:14:00,0.0764,0.0605,0.0841
2023-03-14 04:16:00,0.0800,0.0533,0.109
2023-03-14 04:18:00,0.0802,0.0641,0.0630
2023-03-14 04:20:00,0.0735,0.0699,0.113
2023-03-14 04:22:00,0.0816,0.0579,0.107
2023-03-14 04:24:00,0.0775,0.0698,0.100
2023-03-14 04:26:00,0.0790,0.0626,0.110
2023-03-14 04:28:00,0.0772,0.0604,0.0531
2023-03-14 04:30:00,0.0719,0.0612,0.111
2023-03-14 04:32:00,0.0876,0.0644,0.109
2023-03-14 04:34:00,0.0758,0.0646,0.108
2023-03-14 04:36:00,0.0777,0.0646,0.111
2023-03-14 04:38:00,0.0844,0.0634,0.0558
2023-03-14 04:40:00,0.0734,0.0625,0.109
2023-03-14 04:42:00,0.0508,0.0488,0.0816
2023-03-14 04:44:00,0.0503,0.0449,0.0970
2023-03-14 04:46:00,0.0497,0.0434,0.0982
2023-03-14 04:48:00,0.0477,0.0477,0.0545
2023-03-14 04:50:00,0.0473,0.0403,0.0980
2023-03-14 04:52:00,0.0741,0.0549,0.0904
2023-03-14 04:54:00,0.0646,0.0652,0.105
2023-03-14 04:56:00,0.0529,0.0462,0.0997
2023-03-14 04:58:00,0.0517,0.0469,0.0784
2023-03-14 05:00:00,0.0512,0.0471,0.0978
2023-03-14 05:02:00,0.0540,0.0500,0.0525
2023-03-14 05:04:00,0.0516,0.0506,0.0980
2023-03-14 05:06:00,0.0561,0.0528,0.0991
2023-03-14 05:08:00,0.0461,0.0463,0.0815
2023-03-14 05:10:00,0.0506,0.0425,0.0976
2023-03-14 05:12:00,0.0537,0.0533,0.0429
2023-03-14 05:14:00,0.0581,0.0415,0.0990
2023-03-14 05:16:00,0.0554,0.0507,0.0986
2023-03-14 05:18:00,0.0522,0.0541,0.0975
2023-03-14 05:20:00,0.0465,0.0457,0.0950
2023-03-14 05:22:00,0.0476,0.0452,0.0401
2023-03-14 05:24:00,0.0540,0.0403,0.102
2023-03-14 05:26:00,0.0507,0.0467,0.0828
2023-03-14 05:28:00,0.0438,0.0418,0.0942
2023-03-14 05:30:00,0.0443,0.0428,0.0949
2023-03-14 05:32:00,0.0459,0.0437,0.0560
2023-03-14 05:34:00,0.0488,0.0370,0.0955
2023-03-14 05:36:00,0.0487,0.0512,0.0520
2023-03-14 05:38:00,0.0443,0.0439,0.0985
2023-03-14 05:40:00,0.0440,0.0414,0.0932
2023-03-14 05:42:00,0.0432,0.0518,0.0814
2023-03-14 05:44:00,0.0498,0.0407,0.0957
2023-03-14 05:46:00,0.0476,0.0437,0.0315
2023-03-14 05:48:00,0.0447,0.0405,0.0952
2023-03-14 05:50:00,0.0431,0.0408,0.0920
2023-03-14 05:52:00,0.0433,0.0475,0.0960
2023-03-14 05:54:00,0.0437,0.0495,0.0940
2023-03-14 05:56:00,0.0488,0.0440,0.0456
2023-03-14 05:58:00,0.0450,0.0354,0.0974
2023-03-14 06:00:00,0.0436,0.0447,0.0774
2023-03-14 06:02:00,0.0445,0.0436,0.0962
2023-03-14 06:04:00,0.0441,0.0417,0.0953
2023-03-14 06:06:00,0.0536,0.0462,0.0794
2023-03-14 06:08:00,0.0437,0.0364,0.0984
2023-03-14 06:10:00,0.0472,0.0433,0.0420
2023-03-14 06:12:00,0.0442,0.0402,0.0973
2023-03-14 06:14:00,0.0439,0.0414,0.0970
2023-03-14 06:16:00,0.0555,0.0430,0.0949
2023-03-14 06:18:00,0.0434,0.0447,0.0952
2023-03-14 06:20:00,0.0495,0.0435,0.0419
2023-03-14 06:22:00,0.0435,0.0353,0.0996
2023-03-14 06:24:00,0.0452,0.0490,0.0903
2023-03-14 06:26:00,0.0531,0.0453,0.0967
2023-03-14 06:28:00,0.0430,0.0427,0.0955
2023-03-14 06:30:00,0.0433,0.0447,0.0530
2023-03-14 06:32:00,0.0451,0.0363,0.0958
2023-03-14 06:34:00,0.0450,0.0445,0.0642
2023-03-14 06:36:00,0.0538,0.0590,0.0988
2023-03-14 06:38:00,0.0430,0.0433,0.0942
2023-03-14 06:40:00,0.0432,0.0436,0.0792
2023-03-14 06:42:00,0.0438,0.0393,0.0965
2023-03-14 06:44:00,0.0441,0.0435,0.0337
2023-03-14 06:46:00,0.0477,0.0356,0.0954
2023-03-14 06:48:00,0.0454,0.0460,0.0940
2023-03-14 06:50:00,0.0473,0.0436,0.0947
2023-03-14 06:52:00,0.0438,0.0433,0.0948
2023-03-14 06:54:00,0.0440,0.0452,0.0398
2023-03-14 06:56:00,0.0490,0.0368,0.0958
2023-03-14 06:58:00,0.0468,0.0428,0.0848
2023-03-14 07:00:00,0.0426,0.0441,0.0942
2023-03-14 07:02:00,0.0431,0.0442,0.0977
2023-03-14 07:04:00,0.0451,0.0472,0.0564
2023-03-14 07:06:00,0.0479,0.0352,0.0971
2023-03-14 07:08:00,0.0477,0.0438,0.0501
2023-03-14 07:10:00,0.0435,0.0437,0.0940
2023-03-14 07:12:00,0.0455,0.0457,0.0932
2023-03-14 07:14:00,0.0430,0.0474,0.0773
2023-03-14 07:16:00,0.0486,0.0403,0.0961
2023-03-14 07:18:00,0.0490,0.0500,0.0386
2023-03-14 07:20:00,0.0439,0.0330,0.0954
2023-03-14 07:22:00,0.0433,0.0443,0.0948
2023-03-14 07:24:00,0.0431,0.0435,0.0934
2023-03-14 07:26:00,0.0480,0.0439,0.0949
2023-03-14 07:28:00,0.0466,0.0448,0.0444
2023-03-14 07:30:00,0.0444,0.0343,0.0969
2023-03-14 07:32:00,0.0473,0.0425,0.0739
2023-03-14 07:34:00,0.0424,0.0403,0.0942
2023-03-14 07:36:00,0.0469,0.0455,0.0965
2023-03-14 07:38:00,0.0423,0.0439,0.0603
2023-03-14 07:40:00,0.0437,0.0347,0.0944
2023-03-14 07:42:00,0.0445,0.0442,0.0553
2023-03-14 07:44:00,0.0426,0.0427,0.0942
2023-03-14 07:46:00,0.0482,0.0421,0.0960
2023-03-14 07:48:00,0.0442,0.0471,0.0796
2023-03-14 07:50:00,0.0448,0.0379,0.0950
2023-03-14 07:52:00,0.0461,0.0441,0.0405
2023-03-14 07:54:00,0.0484,0.0379,0.0950
2023-03-14 07:56:00,0.0488,0.0427,0.0958
2023-03-14 07:58:00,0.0430,0.0437,0.0921
2023-03-14 08:00:00,0.0458,0.0445,0.0996
2023-03-14 08:02:00,0.0431,0.0441,0.0347
2023-03-14 08:04:00,0.0442,0.0353,0.0941
2023-03-14 08:06:00,0.0490,0.0455,0.0852
2023-03-14 08:08:00,0.0447,0.0424,0.0980
2023-03-14 08:10:00,0.0490,0.0441,0.0936
2023-03-14 08:12:00,0.0430,0.0458,0.0560
2023-03-14 08:14:00,0.0458,0.0350,0.0957
2023-03-14 08:16:00,0.0476,0.0436,0.0573
2023-03-14 08:18:00,0.0433,0.0444,0.0979
2023-03-14 08:20:00,0.0469,0.0434,0.0939
2023-03-14 08:22:00,0.0431,0.0425,0.0737
2023-03-14 08:24:00,0.0427,0.0409,0.0962
2023-03-14 08:26:00,0.0471,0.0445,0.0418
2023-03-14 08:28:00,0.0425,0.0349,0.0947
2023-03-14 08:30:00,0.0491,0.0507,0.0942
2023-03-14 08:32:00,0.0432,0.0465,0.0913
2023-03-14 08:34:00,0.0424,0.0408,0.0962
2023-03-14 08:36:00,0.0481,0.0476,0.0323
2023-03-14 08:38:00,0.0429,0.0347,0.0955
2023-03-14 08:40:00,0.0428,0.0453,0.0867
2023-03-14 08:42:00,0.0434,0.0476,0.0952
2023-03-14 08:44:00,0.0433,0.0436,0.0955
2023-03-14 08:46:00,0.0483,0.0449,0.0488
2023-03-14 08:48:00,0.0435,0.0374,0.0964
2023-03-14 08:50:00,0.0441,0.0442,0.0653
2023-03-14 08:52:00,0.0473,0.0440,0.0966
2023-03-14 08:54:00,0.0442,0.0458,0.0960
2023-03-14 08:56:00,0.0484,0.0450,0.0745
2023-03-14 08:58:00,0.0440,0.0387,0.0956
2023-03-14 09:00:00,0.0446,0.0495,0.0436
2023-03-14 09:02:00,0.0520,0.0425,0.0971
2023-03-14 09:04:00,0.0436,0.0455,0.0957
2023-03-14 09:06:00,0.0489,0.0511,0.0872
2023-03-14 09:08:00,0.0433,0.0469,0.0951
2023-03-14 09:10:00,0.0434,0.0441,0.0307
2023-03-14 09:12:00,0.0510,0.0365,0.0940
2023-03-14 09:14:00,0.0442,0.0432,0.0933
2023-03-14 09:16:00,0.0479,0.0439,0.0956
2023-03-14 09:18:00,0.0458,0.0461,0.0947
2023-03-14 09:20:00,0.0435,0.0452,0.0373
2023-03-14 09:22:00,0.0519,0.0356,0.0985
2023-03-14 09:24:00,0.0439,0.0457,0.0835
2023-03-14 09:26:00,0.0481,0.0429,0.0955
2023-03-14 09:28:00,0.0446,0.0414,0.0947
2023-03-14 09:30:00,0.0427,0.0458,0.0536
2023-03-14 09:32:00,0.0432,0.0342,0.0947
2023-03-14 09:34:00,0.0436,0.0479,0.0630
2023-03-14 09:36:00,0.0473,0.0462,0.0958
2023-03-14 09:38:00,0.0458,0.0420,0.0962
2023-03-14 09:40:00,0.0440,0.0435,0.0738
2023-03-14 09:42:00,0.0457,0.0411,0.0959
2023-03-14 09:44:00,0.0480,0.0446,0.0475
2023-03-14 09:46:00,0.0482,0.0422,0.0947
2023-03-14 09:48:00,0.0460,0.0473,0.0945
2023-03-14 09:50:00,0.0440,0.0430,0.0843
2023-03-14 09:52:00,0.0434,0.0383,0.0967
2023-03-14 09:54:00,0.0502,0.0458,0.0342
2023-03-14 09:56:00,0.0491,0.0359,0.0955
2023-03-14 09:58:00,0.0725,0.0619,0.107
2023-03-14 10:00:00,0.0793,0.0745,0.108
2023-03-14 10:02:00,0.0767,0.0626,0.118
2023-03-14 10:04:00,0.0975,0.0707,0.0743
2023-03-14 10:06:00,0.0770,0.0584,0.109
2023-03-14 10:08:00,0.0759,0.0637,0.0948
2023-03-14 10:10:00,0.0735,0.0712,0.108
2023-03-14 10:12:00,0.0758,0.0658,0.112
2023-03-14 10:14:00,0.0874,0.0685,0.0820
2023-03-14 10:16:00,0.0762,0.0578,0.111
2023-03-14 10:18:00,0.0730,0.0637,0.0739
2023-03-14 10:20:00,0.0734,0.0684,0.109
2023-03-14 10:22:00,0.0723,0.0663,0.112
2023-03-14 10:24:00,0.0779,0.0635,0.0946
2023-03-14 10:26:00,0.0773,0.0579,0.110
2023-03-14 10:28:00,0.0805,0.0640,0.0587
2023-03-14 10:30:00,0.0725,0.0600,0.108
2023-03-14 10:32:00,0.0715,0.0618,0.109
2023-03-14 10:34:00,0.0776,0.0643,0.112
2023-03-14 10:36:00,0.0850,0.0642,0.111
2023-03-14 10:38:00,0.0806,0.0639,0.0621
2023-03-14 10:40:00,0.0723,0.0594,0.106
2023-03-14 10:42:00,0.0703,0.0669,0.0990
2023-03-14 10:44:00,0.0742,0.0638,0.108
2023-03-14 10:46:00,0.0849,0.0642,0.109
2023-03-14 10:48:00,0.0793,0.0658,0.0687
2023-03-14 10:50:00,0.0731,0.0536,0.109
2023-03-14 10:52:00,0.0759,0.0692,0.0950
2023-03-14 10:54:00,0.0745,0.0731,0.112
2023-03-14 10:56:00,0.0855,0.0666,0.110
2023-03-14 10:58:00,0.0804,0.0644,0.0891
2023-03-14 11:00:00,0.0741,0.0585,0.109
2023-03-14 11:02:00,0.0805,0.0677,0.0606
2023-03-14 11:04:00,0.0745,0.0636,0.109
2023-03-14 11:06:00,0.0829,0.0680,0.110
2023-03-14 11:08:00,0.0779,0.0645,0.107
2023-03-14 11:10:00,0.0720,0.0640,0.109
2023-03-14 11:12:00,0.0790,0.0640,0.0638
2023-03-14 11:14:00,0.0734,0.0591,0.109
2023-03-14 11:16:00,0.0810,0.0678,0.113
2023-03-14 11:18:00,0.0738,0.0659,0.109
2023-03-14 11:20:00,0.0744,0.0655,0.116
2023-03-14 11:22:00,0.0794,0.0607,0.0770
2023-03-14 11:24:00,0.0735,0.0625,0.107
2023-03-14 11:26:00,0.0804,0.0678,0.0823
2023-03-14 11:28:00,0.0712,0.0675,0.108
2023-03-14 11:30:00,0.0747,0.0659,0.109
2023-03-14 11:32:00,0.0813,0.0638,0.0875
2023-03-14 11:34:00,0.0735,0.0539,0.107
2023-03-14 11:36:00,0.0832,0.0646,0.0633
2023-03-14 11:38:00,0.0810,0.0677,0.109
2023-03-14 11:40:00,0.0739,0.0641,0.109
2023-03-14 11:42:00,0.0738,0.0632,0.106
2023-03-14 11:44:00,0.0685,0.0628,0.107
2023-03-14 11:46:00,0.0837,0.0621,0.0507
2023-03-14 11:48:00,0.0838,0.0666,0.108
2023-03-14 11:50:00,0.0711,0.0626,0.104
2023-03-14 11:52:00,0.0728,0.0635,0.110
2023-03-14 11:54:00,0.0723,0.0660,0.110
2023-03-14 11:56:00,0.0833,0.0623,0.0634
2023-03-14 11:58:00,0.0716,0.0601,0.107
2023-03-14 12:00:00,0.0732,0.0725,0.0872
2023-03-14 12:02:00,0.0771,0.0687,0.115
2023-03-14 12:04:00,0.0717,0.0621,0.110
2023-03-14 12:06:00,0.0830,0.0622,0.0915
2023-03-14 12:08:00,0.0727,0.0523,0.109
2023-03-14 12:10:00,0.0782,0.0643,0.0595
2023-03-14 12:12:00,0.0726,0.0637,0.109
2023-03-14 12:14:00,0.0732,0.0616,0.107
2023-03-14 12:16:00,0.0811,0.0635,0.110
2023-03-14 12:18:00,0.0756,0.0632,0.109
2023-03-14 12:20:00,0.0862,0.0628,0.0503
2023-03-14 12:22:00,0.0691,0.0538,0.107
2023-03-14 12:24:00,0.0755,0.0662,0.0955
2023-03-14 12:26:00,0.0792,0.0665,0.111
2023-03-14 12:28:00,0.0743,0.0627,0.113
2023-03-14 12:30:00,0.0962,0.0698,0.0722
2023-03-14 12:32:00,0.0741,0.0540,0.109
2023-03-14 12:34:00,0.0740,0.0645,0.0784
2023-03-14 12:36:00,0.0793,0.0701,0.111
2023-03-14 12:38:00,0.0703,0.0635,0.109
2023-03-14 12:40:00,0.0908,0.0703,0.0893
2023-03-14 12:42:00,0.0745,0.0563,0.110
2023-03-14 12:44:00,0.0789,0.0638,0.0601
2023-03-14 12:46:00,0.0774,0.0578,0.111
2023-03-14 12:48:00,0.0734,0.0703,0.110
2023-03-14 12:50:00,0.0790,0.0689,0.109
2023-03-14 12:52:00,0.0759,0.0662,0.110
2023-03-14 12:54:00,0.0813,0.0634,0.0515
2023-03-14 12:56:00,0.0757,0.0552,0.110
2023-03-14 12:58:00,0.0743,0.0642,0.0970
2023-03-14 13:00:00,0.0707,0.0725,0.108
2023-03-14 13:02:00,0.0738,0.0637,0.110
2023-03-14 13:04:00,0.0814,0.0663,0.0723
2023-03-14 13:06:00,0.0778,0.0560,0.109
2023-03-14 13:08:00,0.0774,0.0611,0.0747
2023-03-14 13:10:00,0.0731,0.0666,0.112
2023-03-14 13:12:00,0.0842,0.0649,0.110
2023-03-14 13:14:00,0.0785,0.0614,0.0994
2023-03-14 13:16:00,0.0790,0.0571,0.111
2023-03-14 13:18:00,0.0768,0.0639,0.0538
2023-03-14 13:20:00,0.0727,0.0570,0.114
2023-03-14 13:22:00,0.0855,0.0681,0.108
2023-03-14 13:24:00,0.0730,0.0684,0.106
2023-03-14 13:26:00,0.0750,0.0675,0.108
2023-03-14 13:28:00,0.0808,0.0606,0.0669
2023-03-14 13:30:00,0.0735,0.0533,0.106
2023-03-14 13:32:00,0.0812,0.0710,0.0903
2023-03-14 13:34:00,0.0742,0.0650,0.111
2023-03-14 13:36:00,0.0758,0.0722,0.110
2023-03-14 13:38:00,0.0839,0.0610,0.0862
2023-03-14 13:40:00,0.0723,0.0508,0.107
2023-03-14 13:42:00,0.0751,0.0662,0.0807
2023-03-14 13:44:00,0.0730,0.0632,0.110
2023-03-14 13:46:00,0.0784,0.0593,0.111
2023-03-14 13:48:00,0.0749,0.0661,0.0999
2023-03-14 13:50:00,0.0714,0.0635,0.107
2023-03-14 13:52:00,0.0790,0.0600,0.0560
2023-03-14 13:54:00,0.0734,0.0617,0.108
2023-03-14 13:56:00,0.0775,0.0633,0.106
2023-03-14 13:58:00,0.0767,0.0625,0.110
2023-03-14 14:00:00,0.0739,0.0672,0.109
2023-03-14 14:02:00,0.0791,0.0636,0.0657
2023-03-14 14:04:00,0.0823,0.0573,0.110
2023-03-14 14:06:00,0.0840,0.0744,0.0910
2023-03-14 14:08:00,0.0776,0.0702,0.118
2023-03-14 14:10:00,0.0741,0.0631,0.110
2023-03-14 14:12:00,0.0813,0.0662,0.0904
2023-03-14 14:14:00,0.0849,0.0594,0.110
2023-03-14 14:16:00,0.0822,0.0634,0.0607
2023-03-14 14:18:00,0.0723,0.0634,0.108
2023-03-14 14:20:00,0.0740,0.0613,0.108
2023-03-14 14:22:00,0.0778,0.0627,0.107
2023-03-14 14:24:00,0.0765,0.0695,0.106
2023-03-14 14:26:00,0.0835,0.0611,0.0519
2023-03-14 14:28:00,0.0724,0.0551,0.109
2023-03-14 14:30:00,0.0746,0.0660,0.102
2023-03-14 14:32:00,0.0745,0.0629,0.109
2023-03-14 14:34:00,0.0735,0.0650,0.109
2023-03-14 14:36:00,0.0848,0.0635,0.0744
2023-03-14 14:38:00,0.0723,0.0527,0.108
2023-03-14 14:40:00,0.0758,0.0628,0.0813
2023-03-14 14:42:00,0.0707,0.0690,0.108
2023-03-14 14:44:00,0.0732,0.0620,0.110
2023-03-14 14:46:00,0.0842,0.0622,0.0880
2023-03-14 14:48:00,0.0708,0.0557,0.106
2023-03-14 14:50:00,0.0733,0.0638,0.0577
2023-03-14 14:52:00,0.0704,0.0631,0.107
2023-03-14 14:54:00,0.0724,0.0646,0.108
2023-03-14 14:56:00,0.0902,0.0637,0.108
2023-03-14 14:58:00,0.0728,0.0633,0.109
2023-03-14 15:00:00,0.0802,0.0650,0.0670
2023-03-14 15:02:00,0.0755,0.0573,0.110
2023-03-14 15:04:00,0.0728,0.0681,0.0937
2023-03-14 15:06:00,0.0922,0.0788,0.111
2023-03-14 15:08:00,0.0743,0.0642,0.110
2023-03-14 15:10:00,0.0815,0.0632,0.0733
2023-03-14 15:12:00,0.0695,0.0545,0.108
2023-03-14 15:14:00,0.0732,0.0640,0.0848
2023-03-14 15:16:00,0.0783,0.0691,0.109
2023-03-14 15:18:00,0.0699,0.0653,0.108
2023-03-14 15:20:00,0.0771,0.0613,0.0929
2023-03-14 15:22:00,0.0711,0.0586,0.109
2023-03-14 15:24:00,0.0757,0.0639,0.0573
2023-03-14 15:26:00,0.0752,0.0582,0.110
2023-03-14 15:28:00,0.0725,0.0628,0.113
2023-03-14 15:30:00,0.0728,0.0645,0.107
2023-03-14 15:32:00,0.0728,0.0628,0.109
2023-03-14 15:34:00,0.0825,0.0608,0.0548
2023-03-14 15:36:00,0.0777,0.0535,0.109
2023-03-14 15:38:00,0.0787,0.0637,0.0937
2023-03-14 15:40:00,0.0758,0.0654,0.112
2023-03-14 15:42:00,0.0725,0.0679,0.110
2023-03-14 15:44:00,0.0790,0.0617,0.0719
2023-03-14 15:46:00,0.0762,0.0545,0.111
2023-03-14 15:48:00,0.0868,0.0646,0.0690
2023-03-14 15:50:00,0.0726,0.0647,0.108
2023-03-14 15:52:00,0.0712,0.0599,0.110
2023-03-14 15:54:00,0.0760,0.0669,0.0977
2023-03-14 15:56:00,0.0784,0.0613,0.109
2023-03-14 15:58:00,0.0897,0.0662,0.0532
2023-03-14 16:00:00,0.0743,0.0612,0.108
2023-03-14 16:02:00,0.0711,0.0637,0.109
2023-03-14 16:04:00,0.0722,0.0655,0.110
2023-03-14 16:06:00,0.0721,0.0706,0.107
2023-03-14 16:08:00,0.0802,0.0685,0.0683
2023-03-14 16:10:00,0.0739,0.0554,0.108
2023-03-14 16:12:00,0.0777,0.0731,0.0807
2023-03-14 16:14:00,0.0739,0.0674,0.110
2023-03-14 16:16:00,0.0770,0.0605,0.111
2023-03-14 16:18:00,0.0783,0.0653,0.0885
2023-03-14 16:20:00,0.0739,0.0519,0.108
2023-03-14 16:22:00,0.0797,0.0644,0.0623
2023-03-14 16:24:00,0.0695,0.0617,0.112
2023-03-14 16:26:00,0.0778,0.0635,0.109
2023-03-14 16:28:00,0.0751,0.0658,0.109
2023-03-14 16:30:00,0.0796,0.0644,0.107
2023-03-14 16:32:00,0.0756,0.0672,0.0566
2023-03-14 16:34:00,0.0724,0.0563,0.109
2023-03-14 16:36:00,0.0762,0.0662,0.0998
2023-03-14 16:38:00,0.0703,0.0647,0.108
2023-03-14 16:40:00,0.0858,0.0647,0.110
2023-03-14 16:42:00,0.0817,0.0648,0.0819
2023-03-14 16:44:00,0.0725,0.0544,0.109
2023-03-14 16:46:00,0.0825,0.0627,0.0731
2023-03-14 16:48:00,0.0694,0.0680,0.111
2023-03-14 16:50:00,0.0814,0.0644,0.108
2023-03-14 16:52:00,0.0790,0.0638,0.0982
2023-03-14 16:54:00,0.0731,0.0625,0.110
2023-03-14 16:56:00,0.0814,0.0635,0.0570
2023-03-14 16:58:00,0.0729,0.0583,0.111
2023-03-14 17:00:00,0.0747,0.0715,0.110
2023-03-14 17:02:00,0.0775,0.0660,0.109
2023-03-14 17:04:00,0.0735,0.0675,0.110
2023-03-14 17:06:00,0.0820,0.0730,0.0507
2023-03-14 17:08:00,0.0732,0.0563,0.109
2023-03-14 17:10:00,0.0718,0.0666,0.103
2023-03-14 17:12:00,0.0752,0.0650,0.111
2023-03-14 17:14:00,0.0739,0.0623,0.113
2023-03-14 17:16:00,0.0861,0.0615,0.0628
2023-03-14 17:18:00,0.0716,0.0577,0.108
2023-03-14 17:20:00,0.0734,0.0630,0.0910
2023-03-14 17:22:00,0.0805,0.0722,0.111
2023-03-14 17:24:00,0.0739,0.0696,0.108
2023-03-14 17:26:00,0.0838,0.0670,0.0776
2023-03-14 17:28:00,0.0709,0.0525,0.110
2023-03-14 17:30:00,0.0738,0.0652,0.0811
2023-03-14 17:32:00,0.0844,0.0716,0.112
2023-03-14 17:34:00,0.0737,0.0632,0.108
2023-03-14 17:36:00,0.0797,0.0655,0.0940
2023-03-14 17:38:00,0.0756,0.0599,0.111
2023-03-14 17:40:00,0.0777,0.0618,0.0570
2023-03-14 17:42:00,0.0817,0.0668,0.111
2023-03-14 17:44:00,0.0737,0.0630,0.110
2023-03-14 17:46:00,0.0809,0.0652,0.110
2023-03-14 17:48:00,0.0729,0.0674,0.111
2023-03-14 17:50:00,0.0829,0.0632,0.0572
2023-03-14 17:52:00,0.0720,0.0614,0.110
2023-03-14 17:54:00,0.0737,0.0645,0.0987
2023-03-14 17:56:00,0.0772,0.0646,0.109
2023-03-14 17:58:00,0.0740,0.0623,0.110
2023-03-14 18:00:00,0.0804,0.0648,0.0765

