"Time","Load[5m] (192.168.0.211:9796)","Load[5m] (192.168.0.221:9796)","Load[5m] (192.168.0.222:9796)","Load[1m] (192.168.0.211:9796)","Load[1m] (192.168.0.221:9796)","Load[1m] (192.168.0.222:9796)","Load[15m] (192.168.0.211:9796)","Load[15m] (192.168.0.221:9796)","Load[15m] (192.168.0.222:9796)"
2023-03-13 12:00:00,0.340,0.0800,0.250,0.290,0.0400,0.150,0.260,0.0900,0.310
2023-03-13 12:02:00,0.240,0.160,0.240,0.0500,0.330,0.250,0.230,0.110,0.300
2023-03-13 12:04:00,0.250,0.380,0.220,0.220,0.510,0.180,0.240,0.200,0.280
2023-03-13 12:06:00,0.310,0.300,0.240,0.440,0.240,0.340,0.260,0.190,0.280
2023-03-13 12:08:00,0.290,0.400,0.210,0.230,0.820,0.150,0.260,0.230,0.260
2023-03-13 12:10:00,0.290,0.420,0.230,0.340,0.680,0.260,0.270,0.250,0.270
2023-03-13 12:12:00,0.240,0.350,0.230,0.120,0.380,0.260,0.250,0.240,0.260
2023-03-13 12:14:00,0.190,0.260,0.230,0.0500,0.160,0.250,0.230,0.220,0.260
2023-03-13 12:16:00,0.170,0.200,0.250,0.180,0.0700,0.260,0.220,0.200,0.270
2023-03-13 12:18:00,0.120,0.220,0.280,0.0400,0.180,0.300,0.190,0.200,0.270
2023-03-13 12:20:00,0.230,0.220,0.320,0.360,0.250,0.470,0.210,0.200,0.290
2023-03-13 12:22:00,0.300,0.220,0.270,0.490,0.220,0.220,0.240,0.190,0.270
2023-03-13 12:24:00,0.360,0.190,0.350,0.400,0.160,0.370,0.270,0.180,0.300
2023-03-13 12:26:00,0.250,0.190,0.330,0.0700,0.170,0.380,0.240,0.180,0.290
2023-03-13 12:28:00,0.160,0.180,0.300,0.0100,0.180,0.210,0.200,0.180,0.280
2023-03-13 12:30:00,0.180,0.150,0.370,0.220,0.0800,0.500,0.200,0.170,0.300
2023-03-13 12:32:00,0.160,0.140,0.280,0.150,0.0900,0.150,0.180,0.160,0.270
2023-03-13 12:34:00,0.170,0.140,0.700,0.240,0.0900,0.940,0.180,0.160,0.440
2023-03-13 12:36:00,0.190,0.140,0.580,0.290,0.0900,0.490,0.190,0.160,0.420
2023-03-13 12:38:00,0.340,0.130,0.470,0.370,0.140,0.280,0.250,0.160,0.400
2023-03-13 12:40:00,0.290,0.250,0.500,0.250,0.390,0.580,0.240,0.190,0.420
2023-03-13 12:42:00,0.290,0.300,0.420,0.200,0.500,0.260,0.250,0.210,0.400
2023-03-13 12:44:00,0.310,0.220,0.540,0.330,0.100,0.670,0.260,0.190,0.440
2023-03-13 12:46:00,0.300,0.200,0.580,0.290,0.0900,0.890,0.260,0.180,0.470
2023-03-13 12:48:00,0.210,0.450,0.460,0.0600,1.29,0.280,0.230,0.270,0.430
2023-03-13 12:50:00,0.170,0.430,0.390,0.0800,0.390,0.260,0.220,0.280,0.410
2023-03-13 12:52:00,0.160,0.310,0.300,0.100,0.170,0.120,0.200,0.250,0.370
2023-03-13 12:54:00,0.180,0.230,0.320,0.200,0.0800,0.290,0.200,0.230,0.360
2023-03-13 12:56:00,0.130,0.150,0.480,0.0600,0.0100,0.990,0.170,0.190,0.410
2023-03-13 12:58:00,0.0800,0.100,0.570,0.0100,0,0.630,0.150,0.170,0.460
2023-03-13 13:00:00,0.120,0.0600,0.470,0.140,0,0.350,0.150,0.140,0.430
2023-03-13 13:02:00,0.120,0.160,0.330,0.220,0.420,0.110,0.150,0.160,0.390
2023-03-13 13:04:00,0.0900,0.110,0.280,0.0800,0.0800,0.150,0.130,0.150,0.360
2023-03-13 13:06:00,0.140,0.100,0.250,0.210,0.0600,0.250,0.140,0.130,0.340
2023-03-13 13:08:00,0.320,0.100,0.270,0.870,0.0500,0.260,0.200,0.130,0.340
2023-03-13 13:10:00,0.260,0.0900,0.300,0.300,0.0800,0.420,0.180,0.120,0.340
2023-03-13 13:12:00,0.210,0.100,0.310,0.150,0.0900,0.310,0.180,0.110,0.330
2023-03-13 13:14:00,0.220,0.0800,0.300,0.140,0.0500,0.360,0.180,0.0900,0.330
2023-03-13 13:16:00,0.200,0.140,0.330,0.190,0.270,0.360,0.180,0.110,0.330
2023-03-13 13:18:00,0.230,0.0900,0.330,0.270,0.0300,0.340,0.190,0.0900,0.330
2023-03-13 13:20:00,0.230,0.0700,0.310,0.210,0.0200,0.300,0.190,0.0800,0.320
2023-03-13 13:22:00,0.190,0.0700,0.300,0.150,0.130,0.280,0.180,0.0800,0.320
2023-03-13 13:24:00,0.150,0.0800,0.280,0.0400,0.0800,0.280,0.160,0.0900,0.310
2023-03-13 13:26:00,0.190,0.0900,0.310,0.330,0.0900,0.470,0.170,0.0900,0.300
2023-03-13 13:28:00,0.230,0.0600,0.380,0.250,0.0100,0.530,0.190,0.0800,0.330
2023-03-13 13:30:00,0.300,0.110,0.700,0.340,0.160,1.01,0.220,0.0900,0.460
2023-03-13 13:32:00,0.240,0.130,0.590,0.160,0.180,0.430,0.200,0.100,0.450
2023-03-13 13:34:00,0.200,0.110,0.480,0.200,0.0800,0.320,0.180,0.0900,0.420
2023-03-13 13:36:00,0.190,0.190,0.390,0.240,0.420,0.250,0.180,0.120,0.390
2023-03-13 13:38:00,0.210,0.150,0.320,0.240,0.170,0.190,0.190,0.110,0.360
2023-03-13 13:40:00,0.140,0.100,0.280,0.0300,0.0200,0.150,0.160,0.0900,0.350
2023-03-13 13:42:00,0.330,0.0600,0.310,0.740,0,0.320,0.220,0.0700,0.350
2023-03-13 13:44:00,0.380,0.0600,0.290,0.400,0.0400,0.340,0.260,0.0700,0.340
2023-03-13 13:46:00,0.290,0.210,0.290,0.0900,0.720,0.240,0.240,0.120,0.330
2023-03-13 13:48:00,0.310,0.330,0.360,0.330,0.420,0.450,0.260,0.180,0.360
2023-03-13 13:50:00,0.220,0.380,0.270,0.0600,0.480,0.120,0.230,0.210,0.320
2023-03-13 13:52:00,0.220,0.400,0.250,0.270,0.590,0.200,0.220,0.230,0.310
2023-03-13 13:54:00,0.180,0.420,0.220,0.120,0.670,0.180,0.210,0.250,0.280
2023-03-13 13:56:00,0.120,0.270,0.210,0.0100,0.0900,0.170,0.170,0.220,0.270
2023-03-13 13:58:00,0.0700,0.190,0.250,0,0.0400,0.370,0.150,0.190,0.280
2023-03-13 14:00:00,0.170,0.150,0.250,0.220,0.0900,0.220,0.180,0.180,0.270
2023-03-13 14:02:00,0.130,0.170,0.390,0.0600,0.140,0.730,0.160,0.180,0.320
2023-03-13 14:04:00,0.170,0.210,0.310,0.230,0.270,0.190,0.180,0.190,0.290
2023-03-13 14:06:00,0.120,0.180,0.260,0.0500,0.140,0.130,0.160,0.180,0.270
2023-03-13 14:08:00,0.130,0.260,0.300,0.170,0.400,0.420,0.160,0.200,0.280
2023-03-13 14:10:00,0.100,0.240,0.250,0.0300,0.220,0.190,0.140,0.200,0.270
2023-03-13 14:12:00,0.0600,0.260,0.370,0,0.200,0.430,0.120,0.200,0.310
2023-03-13 14:14:00,0.0500,0.320,0.350,0.0300,0.380,0.300,0.100,0.230,0.310
2023-03-13 14:16:00,0.0700,0.250,0.340,0.0900,0.140,0.270,0.0900,0.210,0.310
2023-03-13 14:18:00,0.100,0.200,0.530,0.180,0.130,0.640,0.100,0.200,0.380
2023-03-13 14:20:00,0.110,0.200,0.470,0.240,0.100,0.380,0.100,0.190,0.370
2023-03-13 14:22:00,0.480,0.180,0.420,1.04,0.140,0.320,0.240,0.180,0.360
2023-03-13 14:24:00,0.380,0.180,0.390,0.280,0.240,0.370,0.220,0.180,0.360
2023-03-13 14:26:00,0.430,0.240,0.370,0.440,0.530,0.310,0.260,0.200,0.360
2023-03-13 14:28:00,0.370,0.250,0.410,0.240,0.240,0.630,0.260,0.210,0.370
2023-03-13 14:30:00,0.390,0.270,0.400,0.320,0.290,0.400,0.280,0.220,0.370
2023-03-13 14:32:00,0.270,0.530,0.370,0.0700,1.59,0.340,0.250,0.300,0.360
2023-03-13 14:34:00,0.200,0.650,0.310,0.0700,0.780,0.200,0.230,0.380,0.340
2023-03-13 14:36:00,0.230,0.470,0.320,0.160,0.170,0.310,0.240,0.340,0.340
2023-03-13 14:38:00,0.270,0.480,0.370,0.210,0.340,0.490,0.250,0.360,0.360
2023-03-13 14:40:00,0.340,0.320,0.510,0.330,0.0400,0.720,0.280,0.310,0.410
2023-03-13 14:42:00,0.280,0.240,0.810,0.160,0.140,1.45,0.260,0.280,0.530
2023-03-13 14:44:00,0.260,0.210,0.600,0.250,0.120,0.330,0.260,0.260,0.490
2023-03-13 14:46:00,0.270,0.150,0.540,0.320,0.0400,0.440,0.260,0.230,0.470
2023-03-13 14:48:00,0.220,0.220,0.510,0.180,0.300,0.460,0.240,0.250,0.470
2023-03-13 14:50:00,0.220,0.170,0.510,0.250,0.130,0.500,0.240,0.220,0.460
2023-03-13 14:52:00,0.190,0.160,0.450,0.0900,0.130,0.430,0.220,0.210,0.450
2023-03-13 14:54:00,0.180,0.300,0.350,0.120,0.450,0.190,0.220,0.250,0.410
2023-03-13 14:56:00,0.180,0.290,0.320,0.190,0.360,0.270,0.210,0.250,0.390
2023-03-13 14:58:00,0.140,0.210,0.340,0.0800,0.0800,0.400,0.180,0.230,0.380
2023-03-13 15:00:00,0.120,0.170,0.330,0.110,0.0500,0.300,0.170,0.210,0.370
2023-03-13 15:02:00,0.330,0.170,0.360,0.650,0.120,0.520,0.240,0.200,0.370
2023-03-13 15:04:00,0.420,0.300,0.290,0.670,0.850,0.220,0.280,0.230,0.350
2023-03-13 15:06:00,0.330,0.400,0.260,0.260,0.620,0.270,0.270,0.270,0.330
2023-03-13 15:08:00,0.300,0.330,0.240,0.170,0.250,0.230,0.260,0.260,0.310
2023-03-13 15:10:00,0.250,0.300,0.260,0.160,0.170,0.270,0.250,0.260,0.300
2023-03-13 15:12:00,0.250,0.270,0.310,0.250,0.130,0.490,0.250,0.260,0.310
2023-03-13 15:14:00,0.210,0.490,0.500,0.110,0.870,0.820,0.240,0.340,0.380
2023-03-13 15:16:00,0.220,0.440,0.430,0.270,0.390,0.380,0.240,0.340,0.360
2023-03-13 15:18:00,0.150,0.340,0.340,0.0300,0.140,0.200,0.200,0.320,0.340
2023-03-13 15:20:00,0.320,0.360,0.340,0.610,0.200,0.300,0.260,0.330,0.340
2023-03-13 15:22:00,0.380,0.380,0.320,0.520,0.480,0.250,0.280,0.340,0.340
2023-03-13 15:24:00,0.390,0.370,0.320,0.610,0.250,0.260,0.290,0.340,0.340
2023-03-13 15:26:00,0.390,0.400,0.400,0.490,0.290,0.630,0.300,0.360,0.360
2023-03-13 15:28:00,0.580,0.320,0.330,0.790,0.190,0.230,0.380,0.330,0.340
2023-03-13 15:30:00,0.420,0.240,0.480,0.160,0.170,0.730,0.350,0.300,0.390
2023-03-13 15:32:00,0.360,0.440,0.370,0.180,0.700,0.220,0.330,0.370,0.360
2023-03-13 15:34:00,0.260,0.320,0.380,0.100,0.170,0.350,0.300,0.330,0.360
2023-03-13 15:36:00,0.270,0.420,0.340,0.340,0.470,0.280,0.290,0.370,0.350
2023-03-13 15:38:00,0.320,0.370,0.300,0.510,0.240,0.210,0.300,0.350,0.340
2023-03-13 15:40:00,0.290,0.260,0.320,0.260,0.0600,0.410,0.280,0.310,0.340
2023-03-13 15:42:00,0.230,0.200,0.270,0.110,0.0600,0.170,0.260,0.280,0.320
2023-03-13 15:44:00,0.250,0.190,0.260,0.140,0.130,0.220,0.260,0.260,0.300
2023-03-13 15:46:00,0.170,0.200,0.290,0.0300,0.240,0.260,0.230,0.260,0.310
2023-03-13 15:48:00,0.210,0.350,0.350,0.240,0.420,0.400,0.240,0.310,0.330
2023-03-13 15:50:00,0.150,0.400,0.360,0.0500,0.360,0.510,0.210,0.340,0.330
2023-03-13 15:52:00,0.230,0.370,0.350,0.390,0.450,0.300,0.230,0.330,0.330
2023-03-13 15:54:00,0.260,0.330,0.330,0.330,0.290,0.290,0.240,0.320,0.330
2023-03-13 15:56:00,0.390,0.310,0.290,0.730,0.290,0.170,0.290,0.310,0.310
2023-03-13 15:58:00,0.320,0.390,0.310,0.300,0.590,0.290,0.270,0.330,0.320
2023-03-13 16:00:00,0.300,0.340,0.260,0.400,0.250,0.240,0.270,0.320,0.300
2023-03-13 16:02:00,0.380,0.330,0.570,0.490,0.380,1.04,0.300,0.310,0.400
2023-03-13 16:04:00,0.330,0.260,0.450,0.330,0.170,0.300,0.280,0.280,0.370
2023-03-13 16:06:00,0.640,0.210,0.440,1.11,0.150,0.450,0.400,0.260,0.370
2023-03-13 16:08:00,0.560,0.200,0.510,0.550,0.180,0.430,0.400,0.250,0.420
2023-03-13 16:10:00,0.560,0.180,0.500,0.530,0.140,0.460,0.410,0.240,0.430
2023-03-13 16:12:00,0.500,0.590,0.510,0.480,1.33,0.680,0.400,0.380,0.430
2023-03-13 16:14:00,0.580,0.470,0.430,0.790,0.380,0.310,0.440,0.360,0.410
2023-03-13 16:16:00,0.480,0.440,0.420,0.270,0.550,0.260,0.420,0.360,0.410
2023-03-13 16:18:00,0.380,0.700,0.380,0.260,0.850,0.310,0.390,0.470,0.400
2023-03-13 16:20:00,0.310,0.540,0.360,0.210,0.290,0.270,0.360,0.440,0.390
2023-03-13 16:22:00,0.280,0.580,0.330,0.190,0.770,0.240,0.340,0.460,0.370
2023-03-13 16:24:00,0.240,0.410,0.400,0.130,0.150,0.670,0.320,0.410,0.390
2023-03-13 16:26:00,0.210,0.310,0.870,0.170,0.130,1.78,0.300,0.370,0.550
2023-03-13 16:28:00,0.280,0.200,0.700,0.340,0.0200,0.520,0.310,0.320,0.530
2023-03-13 16:30:00,0.290,0.230,0.500,0.500,0.130,0.150,0.300,0.320,0.480
2023-03-13 16:32:00,0.490,0.200,0.440,1.23,0.160,0.220,0.360,0.300,0.450
2023-03-13 16:34:00,0.470,0.140,0.400,0.690,0.0400,0.350,0.370,0.260,0.440
2023-03-13 16:36:00,0.430,0.140,0.350,0.300,0.140,0.330,0.360,0.240,0.420
2023-03-13 16:38:00,0.350,0.190,0.420,0.210,0.300,0.620,0.340,0.250,0.430
2023-03-13 16:40:00,0.310,0.240,0.330,0.310,0.380,0.190,0.320,0.260,0.390
2023-03-13 16:42:00,0.270,0.180,0.290,0.210,0.140,0.170,0.310,0.230,0.370
2023-03-13 16:44:00,0.210,0.160,0.280,0.140,0.120,0.310,0.270,0.220,0.350
2023-03-13 16:46:00,0.310,0.100,0.280,0.360,0.0100,0.330,0.300,0.180,0.350
2023-03-13 16:48:00,0.370,0.0800,0.270,0.480,0.0400,0.280,0.320,0.160,0.330
2023-03-13 16:50:00,0.410,0.0700,0.220,0.420,0.0800,0.120,0.340,0.150,0.310
2023-03-13 16:52:00,0.450,0.0800,0.260,0.330,0.0700,0.340,0.370,0.140,0.310
2023-03-13 16:54:00,0.480,0.250,0.280,0.570,0.740,0.370,0.380,0.190,0.300
2023-03-13 16:56:00,0.370,0.230,0.250,0.210,0.290,0.190,0.350,0.180,0.290
2023-03-13 16:58:00,0.330,0.310,0.400,0.190,0.550,0.750,0.340,0.210,0.330
2023-03-13 17:00:00,0.240,0.270,0.350,0.0700,0.330,0.280,0.300,0.200,0.320
2023-03-13 17:02:00,0.260,0.240,0.370,0.280,0.150,0.430,0.300,0.200,0.330
2023-03-13 17:04:00,0.180,0.210,0.340,0.0500,0.150,0.280,0.260,0.180,0.320
2023-03-13 17:06:00,0.170,0.180,0.340,0.120,0.100,0.320,0.250,0.170,0.320
2023-03-13 17:08:00,0.120,0.180,0.320,0.0500,0.0800,0.350,0.220,0.170,0.320
2023-03-13 17:10:00,0.170,0.300,0.240,0.290,0.580,0.120,0.220,0.220,0.280
2023-03-13 17:12:00,0.300,0.350,0.310,0.460,0.510,0.540,0.260,0.240,0.300
2023-03-13 17:14:00,0.240,0.230,0.320,0.200,0.0700,0.340,0.240,0.200,0.300
2023-03-13 17:16:00,0.240,0.510,0.360,0.260,0.900,0.370,0.240,0.310,0.320
2023-03-13 17:18:00,0.300,0.420,0.380,0.480,0.200,0.420,0.260,0.300,0.330
2023-03-13 17:20:00,0.330,0.430,0.330,0.620,0.290,0.230,0.270,0.320,0.320
2023-03-13 17:22:00,0.270,0.370,0.270,0.170,0.260,0.200,0.260,0.310,0.290
2023-03-13 17:24:00,0.360,0.340,0.240,0.350,0.210,0.180,0.290,0.300,0.270
2023-03-13 17:26:00,0.330,0.310,0.330,0.200,0.260,0.500,0.290,0.290,0.300
2023-03-13 17:28:00,0.260,0.230,0.330,0.130,0.140,0.410,0.260,0.260,0.300
2023-03-13 17:30:00,0.270,0.260,0.310,0.330,0.230,0.240,0.270,0.270,0.290
2023-03-13 17:32:00,0.300,0.330,0.380,0.290,0.380,0.510,0.280,0.290,0.320
2023-03-13 17:34:00,0.340,0.320,0.320,0.360,0.290,0.250,0.290,0.290,0.300
2023-03-13 17:36:00,0.250,0.320,0.350,0.130,0.460,0.350,0.260,0.290,0.310
2023-03-13 17:38:00,0.240,0.370,0.300,0.200,0.380,0.220,0.260,0.310,0.290
2023-03-13 17:40:00,0.230,0.420,0.320,0.190,0.600,0.300,0.260,0.330,0.300
2023-03-13 17:42:00,0.220,0.380,0.310,0.150,0.440,0.340,0.250,0.320,0.290
2023-03-13 17:44:00,0.220,0.350,0.270,0.220,0.370,0.210,0.240,0.310,0.270
2023-03-13 17:46:00,0.200,0.430,0.690,0.160,0.780,1.51,0.230,0.330,0.420
2023-03-13 17:48:00,0.180,0.340,0.590,0.100,0.240,0.460,0.220,0.310,0.420
2023-03-13 17:50:00,0.490,0.280,0.490,1.24,0.210,0.280,0.320,0.280,0.400
2023-03-13 17:52:00,0.430,0.230,0.430,0.320,0.160,0.320,0.320,0.260,0.390
2023-03-13 17:54:00,0.530,0.190,0.420,0.680,0.0900,0.260,0.370,0.240,0.390
2023-03-13 17:56:00,0.550,0.250,0.410,0.610,0.220,0.500,0.390,0.260,0.390
2023-03-13 17:58:00,0.470,0.270,0.380,0.440,0.330,0.310,0.370,0.270,0.370
2023-03-13 18:00:00,0.430,0.240,0.370,0.350,0.170,0.300,0.370,0.260,0.370
2023-03-13 18:02:00,0.360,0.670,0.340,0.260,0.890,0.230,0.350,0.430,0.360
2023-03-13 18:04:00,0.360,0.550,0.340,0.350,0.340,0.280,0.350,0.410,0.360
2023-03-13 18:06:00,0.410,0.490,0.370,0.520,0.350,0.410,0.370,0.400,0.370
2023-03-13 18:08:00,0.420,0.420,0.330,0.500,0.350,0.280,0.370,0.380,0.350
2023-03-13 18:10:00,0.360,0.290,0.560,0.200,0.0600,0.920,0.350,0.340,0.430
2023-03-13 18:12:00,0.260,0.300,0.540,0.0600,0.140,0.460,0.320,0.340,0.440
2023-03-13 18:14:00,0.280,0.360,0.540,0.460,0.380,0.520,0.310,0.350,0.450
2023-03-13 18:16:00,0.300,0.260,0.520,0.290,0.0800,0.520,0.310,0.320,0.460
2023-03-13 18:18:00,0.310,0.230,0.380,0.270,0.200,0.180,0.320,0.290,0.410
2023-03-13 18:20:00,0.220,0.150,0.400,0.0600,0.0200,0.350,0.280,0.250,0.420
2023-03-13 18:22:00,0.210,0.350,0.320,0.190,0.910,0.160,0.270,0.310,0.380
2023-03-13 18:24:00,0.240,0.290,0.310,0.260,0.310,0.240,0.270,0.290,0.370
2023-03-13 18:26:00,0.360,0.370,0.370,0.540,0.580,0.620,0.310,0.310,0.380
2023-03-13 18:28:00,0.410,0.260,0.350,0.600,0.140,0.310,0.330,0.270,0.370
2023-03-13 18:30:00,0.350,0.290,0.320,0.340,0.340,0.300,0.310,0.270,0.350
2023-03-13 18:32:00,0.300,0.220,0.300,0.220,0.120,0.290,0.290,0.250,0.340
2023-03-13 18:34:00,0.310,0.170,0.310,0.350,0.160,0.310,0.290,0.230,0.340
2023-03-13 18:36:00,0.310,0.120,0.290,0.240,0.0300,0.270,0.290,0.200,0.330
2023-03-13 18:38:00,0.380,0.290,0.290,0.620,0.410,0.280,0.310,0.260,0.320
2023-03-13 18:40:00,0.320,0.320,0.390,0.250,0.250,0.680,0.290,0.270,0.350
2023-03-13 18:42:00,0.290,0.480,0.450,0.200,0.940,0.680,0.280,0.330,0.380
2023-03-13 18:44:00,0.230,0.480,0.380,0.120,0.360,0.290,0.260,0.350,0.360
2023-03-13 18:46:00,0.190,0.390,0.300,0.0600,0.180,0.140,0.240,0.340,0.330
2023-03-13 18:48:00,0.240,0.370,0.350,0.270,0.290,0.410,0.260,0.340,0.350
2023-03-13 18:50:00,0.180,0.380,0.380,0.120,0.560,0.420,0.230,0.340,0.360
2023-03-13 18:52:00,0.140,0.310,0.380,0.0400,0.190,0.410,0.210,0.320,0.360
2023-03-13 18:54:00,0.150,0.220,0.350,0.210,0.0600,0.360,0.200,0.280,0.350
2023-03-13 18:56:00,0.430,0.210,0.260,0.810,0.150,0.110,0.290,0.270,0.320
2023-03-13 18:58:00,0.340,0.210,0.260,0.340,0.210,0.180,0.280,0.260,0.310
2023-03-13 19:00:00,0.410,0.420,0.240,0.400,0.880,0.190,0.310,0.330,0.290
2023-03-13 19:02:00,0.310,0.410,0.240,0.100,0.320,0.260,0.280,0.340,0.280
2023-03-13 19:04:00,0.380,0.380,0.370,0.600,0.300,0.710,0.300,0.340,0.320
2023-03-13 19:06:00,0.390,0.340,0.330,0.380,0.300,0.280,0.310,0.330,0.310
2023-03-13 19:08:00,0.300,0.270,0.320,0.170,0.130,0.270,0.280,0.300,0.310
2023-03-13 19:10:00,0.230,0.190,0.290,0.0800,0.0500,0.260,0.260,0.270,0.290
2023-03-13 19:12:00,0.210,0.270,0.410,0.140,0.310,0.590,0.250,0.280,0.330
2023-03-13 19:14:00,0.210,0.260,0.430,0.240,0.270,0.490,0.240,0.270,0.360
2023-03-13 19:16:00,0.150,0.250,0.430,0.110,0.300,0.350,0.210,0.270,0.360
2023-03-13 19:18:00,0.150,0.270,0.430,0.120,0.280,0.440,0.200,0.270,0.370
2023-03-13 19:20:00,0.130,0.220,0.320,0.0800,0.190,0.140,0.180,0.250,0.340
2023-03-13 19:22:00,0.160,0.290,0.300,0.180,0.440,0.210,0.180,0.270,0.330
2023-03-13 19:24:00,0.120,0.440,0.330,0.0800,0.810,0.360,0.160,0.330,0.340
2023-03-13 19:26:00,0.100,0.550,0.300,0.0800,1,0.250,0.150,0.370,0.320
2023-03-13 19:28:00,0.0900,0.470,0.310,0.0600,0.490,0.390,0.140,0.360,0.320
2023-03-13 19:30:00,0.110,0.340,0.750,0.160,0.150,1.79,0.140,0.330,0.470
2023-03-13 19:32:00,0.200,0.320,0.770,0.390,0.360,0.670,0.170,0.310,0.520
2023-03-13 19:34:00,0.460,0.240,0.610,1.19,0.170,0.370,0.260,0.280,0.490
2023-03-13 19:36:00,0.400,0.240,0.510,0.420,0.180,0.320,0.270,0.270,0.470
2023-03-13 19:38:00,0.580,0.220,0.520,0.870,0.150,0.430,0.350,0.260,0.470
2023-03-13 19:40:00,0.550,0.340,0.430,0.540,0.420,0.370,0.370,0.300,0.440
2023-03-13 19:42:00,0.550,0.280,0.500,0.730,0.260,0.460,0.380,0.280,0.470
2023-03-13 19:44:00,0.540,0.220,0.390,0.500,0.100,0.210,0.400,0.250,0.430
2023-03-13 19:46:00,0.460,0.800,0.320,0.210,1.70,0.180,0.390,0.460,0.400
2023-03-13 19:48:00,0.360,0.610,0.370,0.190,0.400,0.390,0.350,0.430,0.410
2023-03-13 19:50:00,0.440,0.640,0.310,0.650,0.710,0.200,0.380,0.470,0.380
2023-03-13 19:52:00,0.410,0.480,0.270,0.580,0.160,0.180,0.370,0.420,0.360
2023-03-13 19:54:00,0.370,0.310,0.550,0.290,0.0200,1.20,0.360,0.370,0.440
2023-03-13 19:56:00,0.310,0.240,0.480,0.200,0.160,0.390,0.340,0.330,0.430
2023-03-13 19:58:00,0.250,0.180,0.440,0.170,0.100,0.450,0.310,0.290,0.420
2023-03-13 20:00:00,0.310,0.120,0.440,0.430,0.0100,0.350,0.320,0.250,0.430
2023-03-13 20:02:00,0.280,0.140,0.520,0.160,0.170,0.790,0.310,0.250,0.450
2023-03-13 20:04:00,0.340,0.0900,0.380,0.380,0.0200,0.180,0.330,0.210,0.410
2023-03-13 20:06:00,0.330,0.0600,0.320,0.330,0,0.170,0.320,0.180,0.380
2023-03-13 20:08:00,0.310,0.0800,0.330,0.300,0.160,0.370,0.320,0.170,0.370
2023-03-13 20:10:00,0.260,0.160,0.290,0.160,0.330,0.360,0.290,0.190,0.350
2023-03-13 20:12:00,0.350,0.190,0.320,0.460,0.370,0.460,0.320,0.190,0.360
2023-03-13 20:14:00,0.510,0.210,0.310,0.800,0.240,0.300,0.380,0.190,0.350
2023-03-13 20:16:00,0.540,0.150,0.360,0.550,0.0700,0.310,0.410,0.170,0.360
2023-03-13 20:18:00,0.520,0.200,0.300,0.340,0.340,0.210,0.420,0.180,0.340
2023-03-13 20:20:00,0.400,0.180,0.250,0.180,0.180,0.140,0.390,0.180,0.320
2023-03-13 20:22:00,0.360,0.130,0.260,0.210,0.0600,0.250,0.370,0.160,0.310
2023-03-13 20:24:00,0.320,0.210,0.270,0.280,0.270,0.230,0.350,0.180,0.310
2023-03-13 20:26:00,0.280,0.290,0.460,0.170,0.600,1,0.340,0.210,0.360
2023-03-13 20:28:00,0.220,0.330,0.430,0.110,0.370,0.370,0.310,0.240,0.360
2023-03-13 20:30:00,0.240,0.320,0.350,0.310,0.300,0.200,0.300,0.240,0.340
2023-03-13 20:32:00,0.220,0.240,0.350,0.260,0.100,0.370,0.280,0.220,0.340
2023-03-13 20:34:00,0.290,0.190,0.310,0.450,0.0800,0.280,0.290,0.200,0.330
2023-03-13 20:36:00,0.230,0.220,0.390,0.120,0.170,0.550,0.260,0.210,0.360
2023-03-13 20:38:00,0.160,0.190,0.340,0.0500,0.120,0.300,0.230,0.190,0.350
2023-03-13 20:40:00,0.380,0.200,0.350,0.670,0.160,0.330,0.310,0.190,0.350
2023-03-13 20:42:00,0.330,0.240,0.350,0.230,0.270,0.440,0.290,0.200,0.350
2023-03-13 20:44:00,0.300,0.530,0.300,0.200,0.980,0.290,0.290,0.310,0.330
2023-03-13 20:46:00,0.220,0.520,0.360,0.0900,0.410,0.330,0.250,0.340,0.350
2023-03-13 20:48:00,0.220,0.440,0.290,0.330,0.280,0.140,0.250,0.330,0.330
2023-03-13 20:50:00,0.440,0.540,0.450,0.670,0.680,0.670,0.330,0.380,0.380
2023-03-13 20:52:00,0.330,0.480,0.420,0.200,0.550,0.470,0.300,0.370,0.370
2023-03-13 20:54:00,0.420,0.380,0.400,0.460,0.210,0.380,0.330,0.350,0.370
2023-03-13 20:56:00,0.340,0.410,0.400,0.140,0.520,0.390,0.310,0.360,0.370
2023-03-13 20:58:00,0.280,0.390,0.340,0.260,0.440,0.210,0.290,0.360,0.350
2023-03-13 21:00:00,0.180,0.510,0.360,0.0300,0.870,0.310,0.250,0.400,0.360
2023-03-13 21:02:00,0.230,0.470,0.280,0.310,0.470,0.170,0.260,0.400,0.330
2023-03-13 21:04:00,0.350,0.370,0.510,0.380,0.220,0.900,0.300,0.360,0.410
2023-03-13 21:06:00,0.330,0.350,0.590,0.240,0.350,0.640,0.300,0.360,0.450
2023-03-13 21:08:00,0.240,0.500,0.460,0.110,1.08,0.250,0.270,0.410,0.420
2023-03-13 21:10:00,0.180,0.380,0.390,0.0800,0.230,0.320,0.240,0.370,0.400
2023-03-13 21:12:00,0.200,0.430,0.330,0.230,0.580,0.180,0.240,0.380,0.370
2023-03-13 21:14:00,0.240,0.410,0.560,0.300,0.250,1.27,0.250,0.380,0.440
2023-03-13 21:16:00,0.240,0.280,0.580,0.210,0.0500,0.490,0.250,0.340,0.470
2023-03-13 21:18:00,0.460,0.200,0.490,1.24,0.0300,0.290,0.320,0.300,0.450
2023-03-13 21:20:00,0.480,0.190,0.430,0.410,0.170,0.300,0.350,0.270,0.430
2023-03-13 21:22:00,0.540,0.330,0.380,0.820,0.530,0.260,0.390,0.310,0.410
2023-03-13 21:24:00,0.580,0.380,0.340,0.640,0.470,0.300,0.420,0.330,0.390
2023-03-13 21:26:00,0.590,0.390,0.460,0.690,0.510,0.540,0.440,0.340,0.430
2023-03-13 21:28:00,0.420,0.270,0.420,0.160,0.0800,0.360,0.390,0.300,0.420
2023-03-13 21:30:00,0.300,0.650,0.390,0.0600,1.33,0.380,0.350,0.430,0.400
2023-03-13 21:32:00,0.320,0.660,0.390,0.350,0.760,0.310,0.350,0.460,0.400
2023-03-13 21:34:00,0.360,0.490,0.360,0.310,0.240,0.360,0.360,0.420,0.380
2023-03-13 21:36:00,0.330,0.380,0.290,0.320,0.130,0.190,0.350,0.380,0.350
2023-03-13 21:38:00,0.230,0.250,0.550,0.0600,0.0100,1.19,0.310,0.330,0.430
2023-03-13 21:40:00,0.200,0.300,0.570,0.250,0.540,0.520,0.280,0.340,0.460
2023-03-13 21:42:00,0.360,0.230,0.490,0.490,0.170,0.340,0.330,0.300,0.440
2023-03-13 21:44:00,0.330,0.220,0.400,0.270,0.210,0.280,0.330,0.280,0.410
2023-03-13 21:46:00,0.230,0.190,0.410,0.0500,0.190,0.400,0.290,0.260,0.420
2023-03-13 21:48:00,0.270,0.210,0.410,0.280,0.150,0.380,0.290,0.260,0.420
2023-03-13 21:50:00,0.290,0.180,0.420,0.270,0.240,0.290,0.290,0.240,0.420
2023-03-13 21:52:00,0.210,0.130,0.380,0.0900,0.0700,0.280,0.260,0.210,0.410
2023-03-13 21:54:00,0.220,0.230,0.350,0.190,0.310,0.260,0.260,0.240,0.390
2023-03-13 21:56:00,0.210,0.260,0.360,0.220,0.450,0.280,0.250,0.250,0.390
2023-03-13 21:58:00,0.370,0.210,0.370,0.550,0.160,0.430,0.300,0.230,0.380
2023-03-13 22:00:00,0.330,0.250,0.420,0.280,0.430,0.490,0.290,0.230,0.400
2023-03-13 22:02:00,0.310,0.170,0.390,0.200,0.0800,0.360,0.290,0.200,0.390
2023-03-13 22:04:00,0.260,0.180,0.380,0.160,0.130,0.460,0.270,0.200,0.370
2023-03-13 22:06:00,0.330,0.110,0.370,0.410,0.0200,0.430,0.290,0.170,0.370
2023-03-13 22:08:00,0.330,0.130,0.340,0.330,0.110,0.340,0.290,0.170,0.360
2023-03-13 22:10:00,0.220,0.160,0.410,0.0400,0.360,0.500,0.250,0.170,0.380
2023-03-13 22:12:00,0.220,0.210,0.450,0.140,0.250,0.390,0.250,0.180,0.400
2023-03-13 22:14:00,0.200,0.220,0.380,0.200,0.230,0.350,0.240,0.190,0.370
2023-03-13 22:16:00,0.180,0.310,0.350,0.130,0.400,0.290,0.230,0.220,0.360
2023-03-13 22:18:00,0.190,0.330,0.350,0.220,0.330,0.360,0.220,0.240,0.360
2023-03-13 22:20:00,0.180,0.270,0.310,0.130,0.140,0.280,0.210,0.230,0.340
2023-03-13 22:22:00,0.180,0.250,0.260,0.160,0.160,0.190,0.200,0.220,0.320
2023-03-13 22:24:00,0.320,0.240,0.210,0.560,0.190,0.110,0.250,0.220,0.290
2023-03-13 22:26:00,0.350,0.170,0.260,0.440,0.0800,0.320,0.270,0.190,0.300
2023-03-13 22:28:00,0.240,0.290,0.240,0.0800,0.630,0.260,0.240,0.230,0.280
2023-03-13 22:30:00,0.210,0.330,0.280,0.130,0.310,0.320,0.230,0.260,0.280
2023-03-13 22:32:00,0.290,0.400,0.290,0.380,0.580,0.350,0.250,0.280,0.280
2023-03-13 22:34:00,0.310,0.310,0.220,0.350,0.250,0.110,0.270,0.260,0.250
2023-03-13 22:36:00,0.410,0.200,0.280,0.500,0.0300,0.430,0.310,0.230,0.270
2023-03-13 22:38:00,0.290,0.290,0.360,0.140,0.450,0.420,0.270,0.250,0.300
2023-03-13 22:40:00,0.230,0.190,0.310,0.160,0.0600,0.210,0.250,0.220,0.290
2023-03-13 22:42:00,0.440,0.160,0.300,0.600,0.0900,0.260,0.330,0.200,0.280
2023-03-13 22:44:00,0.350,0.230,0.340,0.300,0.270,0.510,0.310,0.220,0.290
2023-03-13 22:46:00,0.280,0.230,0.400,0.140,0.250,0.470,0.280,0.210,0.320
2023-03-13 22:48:00,0.230,0.230,0.340,0.130,0.200,0.220,0.260,0.210,0.310
2023-03-13 22:50:00,0.250,0.290,0.360,0.230,0.380,0.350,0.270,0.240,0.320
2023-03-13 22:52:00,0.190,0.260,0.360,0.120,0.210,0.420,0.240,0.230,0.320
2023-03-13 22:54:00,0.180,0.330,0.280,0.180,0.400,0.160,0.230,0.260,0.290
2023-03-13 22:56:00,0.130,0.320,0.310,0.0500,0.360,0.320,0.200,0.270,0.290
2023-03-13 22:58:00,0.160,0.480,0.630,0.280,0.810,1.58,0.190,0.330,0.400
2023-03-13 23:00:00,0.200,0.340,0.790,0.310,0.180,0.880,0.200,0.290,0.500
2023-03-13 23:02:00,0.300,0.270,0.630,0.650,0.0900,0.430,0.230,0.270,0.470
2023-03-13 23:04:00,0.490,0.220,0.510,0.610,0.120,0.290,0.310,0.250,0.440
2023-03-13 23:06:00,0.510,0.210,0.550,0.730,0.140,0.560,0.330,0.240,0.470
2023-03-13 23:08:00,0.460,0.240,0.420,0.380,0.270,0.240,0.340,0.250,0.430
2023-03-13 23:10:00,0.610,0.220,0.490,0.810,0.200,0.490,0.410,0.240,0.450
2023-03-13 23:12:00,0.480,0.200,0.470,0.290,0.200,0.450,0.380,0.230,0.450
2023-03-13 23:14:00,0.380,0.590,0.460,0.190,1.44,0.660,0.350,0.360,0.450
2023-03-13 23:16:00,0.280,0.470,0.430,0.110,0.360,0.400,0.320,0.350,0.440
2023-03-13 23:18:00,0.240,0.340,0.340,0.110,0.110,0.180,0.290,0.310,0.400
2023-03-13 23:20:00,0.230,0.260,0.410,0.110,0.0600,0.510,0.280,0.280,0.420
2023-03-13 23:22:00,0.170,0.260,0.500,0.0600,0.260,0.730,0.250,0.270,0.450
2023-03-13 23:24:00,0.180,0.180,0.520,0.220,0.0600,0.430,0.250,0.240,0.470
2023-03-13 23:26:00,0.130,0.290,0.510,0.0500,0.570,0.660,0.220,0.270,0.460
2023-03-13 23:28:00,0.130,0.190,0.420,0.130,0.0700,0.320,0.200,0.240,0.440
2023-03-13 23:30:00,0.200,0.280,0.530,0.280,0.350,0.700,0.220,0.260,0.470
2023-03-13 23:32:00,0.280,0.240,0.440,0.370,0.180,0.280,0.240,0.250,0.440
2023-03-13 23:34:00,0.250,0.200,0.460,0.130,0.110,0.340,0.240,0.230,0.450
2023-03-13 23:36:00,0.290,0.160,0.490,0.360,0.0600,0.680,0.250,0.220,0.460
2023-03-13 23:38:00,0.280,0.230,0.400,0.260,0.250,0.280,0.250,0.240,0.430
2023-03-13 23:40:00,0.320,0.170,0.450,0.390,0.0600,0.410,0.270,0.210,0.450
2023-03-13 23:42:00,0.400,0.140,0.420,0.570,0.0700,0.210,0.300,0.190,0.440
2023-03-13 23:44:00,0.340,0.120,0.480,0.320,0.0600,0.430,0.290,0.170,0.460
2023-03-13 23:46:00,0.350,0.100,0.440,0.210,0.110,0.390,0.300,0.160,0.450
2023-03-13 23:48:00,0.450,0.140,0.340,0.480,0.260,0.170,0.340,0.170,0.410
2023-03-13 23:50:00,0.320,0.340,0.340,0.130,0.660,0.420,0.310,0.240,0.400
2023-03-13 23:52:00,0.330,0.550,0.350,0.280,0.970,0.490,0.310,0.330,0.380
2023-03-13 23:54:00,0.230,0.410,0.320,0.0900,0.270,0.250,0.270,0.300,0.370
2023-03-13 23:56:00,0.220,0.290,0.340,0.150,0.0600,0.310,0.260,0.260,0.370
2023-03-13 23:58:00,0.260,0.250,0.310,0.310,0.150,0.200,0.270,0.250,0.350
2023-03-14 00:00:00,0.250,0.310,0.410,0.240,0.500,0.750,0.270,0.270,0.380
2023-03-14 00:02:00,0.310,0.390,0.330,0.520,0.570,0.250,0.290,0.300,0.350
2023-03-14 00:04:00,0.400,0.430,0.390,0.410,0.460,0.450,0.320,0.330,0.370
2023-03-14 00:06:00,0.350,0.340,0.310,0.310,0.150,0.160,0.310,0.310,0.340
2023-03-14 00:08:00,0.480,0.240,0.320,0.760,0.0400,0.340,0.360,0.270,0.340
2023-03-14 00:10:00,0.420,0.370,0.410,0.340,0.530,0.560,0.350,0.310,0.370
2023-03-14 00:12:00,0.360,0.490,0.410,0.220,1.03,0.430,0.340,0.350,0.380
2023-03-14 00:14:00,0.330,0.620,0.410,0.200,0.700,0.510,0.340,0.420,0.370
2023-03-14 00:16:00,0.260,0.520,0.350,0.160,0.480,0.290,0.310,0.400,0.360
2023-03-14 00:18:00,0.350,0.390,0.380,0.400,0.240,0.440,0.330,0.360,0.360
2023-03-14 00:20:00,0.290,0.360,0.340,0.240,0.330,0.290,0.310,0.350,0.350
2023-03-14 00:22:00,0.340,0.390,0.350,0.400,0.640,0.370,0.320,0.360,0.360
2023-03-14 00:24:00,0.320,0.300,0.300,0.230,0.220,0.260,0.310,0.330,0.340
2023-03-14 00:26:00,0.220,0.410,0.290,0.0700,0.730,0.210,0.270,0.370,0.330
2023-03-14 00:28:00,0.290,0.350,0.260,0.400,0.290,0.220,0.290,0.350,0.320
2023-03-14 00:30:00,0.260,0.340,0.380,0.280,0.340,0.460,0.270,0.350,0.360
2023-03-14 00:32:00,0.270,0.310,0.360,0.240,0.260,0.300,0.270,0.330,0.350
2023-03-14 00:34:00,0.290,0.290,0.460,0.440,0.240,0.750,0.280,0.320,0.390
2023-03-14 00:36:00,0.420,0.310,0.390,0.530,0.310,0.310,0.330,0.330,0.360
2023-03-14 00:38:00,0.310,0.310,0.370,0.160,0.250,0.310,0.290,0.320,0.360
2023-03-14 00:40:00,0.300,0.290,0.290,0.330,0.230,0.150,0.290,0.320,0.330
2023-03-14 00:42:00,0.260,0.250,0.440,0.210,0.140,0.920,0.270,0.290,0.380
2023-03-14 00:44:00,0.200,0.310,0.600,0.0800,0.300,0.810,0.250,0.310,0.450
2023-03-14 00:46:00,0.270,0.270,0.520,0.310,0.180,0.500,0.270,0.290,0.440
2023-03-14 00:48:00,0.400,0.260,0.440,0.410,0.210,0.320,0.320,0.280,0.420
2023-03-14 00:50:00,0.390,0.220,0.560,0.480,0.170,0.760,0.320,0.260,0.460
2023-03-14 00:52:00,0.390,0.530,0.460,0.270,1.10,0.320,0.340,0.370,0.440
2023-03-14 00:54:00,0.390,0.370,0.560,0.360,0.210,0.600,0.340,0.330,0.480
2023-03-14 00:56:00,0.400,0.380,0.510,0.530,0.290,0.460,0.350,0.340,0.460
2023-03-14 00:58:00,0.260,0.790,0.730,0.0700,2.10,0.850,0.310,0.480,0.550
2023-03-14 01:00:00,0.310,0.800,0.680,0.370,0.780,0.710,0.310,0.530,0.550
2023-03-14 01:02:00,0.310,0.610,0.670,0.330,0.390,0.620,0.310,0.480,0.560
2023-03-14 01:04:00,0.450,0.620,0.510,0.650,0.720,0.230,0.360,0.500,0.520
2023-03-14 01:06:00,0.330,0.480,0.540,0.150,0.270,0.600,0.330,0.460,0.530
2023-03-14 01:08:00,0.370,0.460,0.610,0.310,0.490,0.630,0.350,0.450,0.550
2023-03-14 01:10:00,0.390,0.380,0.490,0.470,0.330,0.260,0.360,0.420,0.520
2023-03-14 01:12:00,0.370,0.280,0.420,0.350,0.180,0.350,0.350,0.370,0.490
2023-03-14 01:14:00,0.390,0.200,0.350,0.460,0.0400,0.210,0.360,0.330,0.450
2023-03-14 01:16:00,0.330,0.160,0.410,0.260,0.0900,0.610,0.350,0.290,0.450
2023-03-14 01:18:00,0.250,0.160,0.400,0.120,0.160,0.460,0.310,0.270,0.450
2023-03-14 01:20:00,0.190,0.220,0.410,0.120,0.470,0.510,0.270,0.280,0.450
2023-03-14 01:22:00,0.270,0.160,0.360,0.280,0.0800,0.360,0.290,0.250,0.420
2023-03-14 01:24:00,0.280,0.200,0.280,0.380,0.200,0.130,0.290,0.260,0.380
2023-03-14 01:26:00,0.270,0.130,0.280,0.270,0.0200,0.220,0.270,0.220,0.360
2023-03-14 01:28:00,0.230,0.100,0.350,0.150,0.0300,0.560,0.260,0.190,0.380
2023-03-14 01:30:00,0.300,0.0600,0.340,0.340,0,0.310,0.280,0.170,0.360
2023-03-14 01:32:00,0.260,0.0800,0.290,0.180,0.120,0.240,0.270,0.160,0.350
2023-03-14 01:34:00,0.260,0.140,0.260,0.280,0.170,0.180,0.270,0.170,0.330
2023-03-14 01:36:00,0.310,0.130,0.310,0.530,0.170,0.390,0.280,0.170,0.340
2023-03-14 01:38:00,0.260,0.0800,0.320,0.230,0.0200,0.320,0.270,0.140,0.340
2023-03-14 01:40:00,0.190,0.260,0.380,0.0600,0.490,0.380,0.240,0.200,0.360
2023-03-14 01:42:00,0.270,0.190,0.330,0.260,0.120,0.260,0.260,0.180,0.350
2023-03-14 01:44:00,0.210,0.230,0.250,0.150,0.320,0.100,0.240,0.190,0.310
2023-03-14 01:46:00,0.320,0.200,0.350,0.510,0.130,0.640,0.270,0.180,0.340
2023-03-14 01:48:00,0.320,0.220,0.340,0.320,0.200,0.420,0.280,0.190,0.330
2023-03-14 01:50:00,0.270,0.160,0.320,0.210,0.0600,0.310,0.260,0.170,0.330
2023-03-14 01:52:00,0.520,0.270,0.310,0.890,0.540,0.260,0.360,0.200,0.320
2023-03-14 01:54:00,0.510,0.230,0.300,0.380,0.260,0.330,0.380,0.190,0.310
2023-03-14 01:56:00,0.490,0.300,0.280,0.500,0.520,0.240,0.380,0.210,0.300
2023-03-14 01:58:00,0.480,0.560,0.240,0.540,0.820,0.200,0.380,0.320,0.280
2023-03-14 02:00:00,0.410,0.590,0.240,0.310,0.830,0.230,0.360,0.360,0.270
2023-03-14 02:02:00,0.480,0.460,0.280,0.600,0.260,0.270,0.390,0.340,0.280
2023-03-14 02:04:00,0.430,0.400,0.260,0.380,0.350,0.210,0.380,0.330,0.270
2023-03-14 02:06:00,0.370,0.290,0.310,0.310,0.0800,0.420,0.360,0.300,0.280
2023-03-14 02:08:00,0.280,0.280,0.370,0.140,0.360,0.490,0.330,0.290,0.300
2023-03-14 02:10:00,0.210,0.270,0.330,0.0500,0.400,0.290,0.300,0.280,0.290
2023-03-14 02:12:00,0.180,0.230,0.340,0.120,0.170,0.390,0.270,0.260,0.290
2023-03-14 02:14:00,0.240,0.250,0.300,0.220,0.270,0.240,0.280,0.270,0.280
2023-03-14 02:16:00,0.230,0.190,0.290,0.210,0.110,0.320,0.270,0.240,0.270
2023-03-14 02:18:00,0.190,0.140,0.280,0.130,0.0700,0.270,0.250,0.210,0.270
2023-03-14 02:20:00,0.200,0.190,0.300,0.240,0.200,0.330,0.240,0.220,0.280
2023-03-14 02:22:00,0.140,0.260,0.250,0.0400,0.380,0.140,0.210,0.240,0.260
2023-03-14 02:24:00,0.0900,0.610,0.310,0,0.890,0.390,0.180,0.370,0.280
2023-03-14 02:26:00,0.120,0.440,0.290,0.140,0.180,0.340,0.180,0.340,0.270
2023-03-14 02:28:00,0.180,0.420,0.560,0.290,0.270,0.770,0.190,0.350,0.380
2023-03-14 02:30:00,0.270,0.330,0.580,0.470,0.180,0.700,0.220,0.320,0.400
2023-03-14 02:32:00,0.600,0.230,0.480,1.04,0.0400,0.270,0.350,0.280,0.380
2023-03-14 02:34:00,0.510,0.220,0.500,0.410,0.250,0.440,0.350,0.270,0.400
2023-03-14 02:36:00,0.460,0.290,0.460,0.260,0.580,0.490,0.350,0.290,0.400
2023-03-14 02:38:00,0.460,0.340,0.440,0.310,0.420,0.340,0.360,0.300,0.390
2023-03-14 02:40:00,0.450,0.270,0.400,0.540,0.130,0.410,0.370,0.280,0.380
2023-03-14 02:42:00,0.350,0.520,0.330,0.160,1.33,0.200,0.340,0.360,0.350
2023-03-14 02:44:00,0.250,0.430,0.320,0.0600,0.360,0.300,0.300,0.350,0.350
2023-03-14 02:46:00,0.240,0.320,0.290,0.220,0.0800,0.230,0.290,0.320,0.330
2023-03-14 02:48:00,0.280,0.340,0.290,0.420,0.220,0.260,0.290,0.330,0.330
2023-03-14 02:50:00,0.210,0.240,0.380,0.140,0.0400,0.660,0.260,0.290,0.360
2023-03-14 02:52:00,0.160,0.190,0.550,0.0600,0.140,0.690,0.240,0.260,0.420
2023-03-14 02:54:00,0.150,0.130,0.450,0.120,0.0500,0.340,0.220,0.230,0.400
2023-03-14 02:56:00,0.130,0.150,0.380,0.160,0.0900,0.260,0.200,0.230,0.380
2023-03-14 02:58:00,0.210,0.0900,0.340,0.280,0.0100,0.240,0.220,0.190,0.360
2023-03-14 03:00:00,0.180,0.100,0.490,0.220,0.110,0.730,0.200,0.180,0.410
2023-03-14 03:02:00,0.180,0.220,0.400,0.220,0.590,0.240,0.190,0.210,0.390
2023-03-14 03:04:00,0.250,0.430,0.380,0.470,1.01,0.350,0.210,0.280,0.380
2023-03-14 03:06:00,0.310,0.470,0.320,0.450,0.420,0.240,0.230,0.320,0.350
2023-03-14 03:08:00,0.420,0.390,0.450,0.540,0.230,0.510,0.280,0.310,0.400
2023-03-14 03:10:00,0.390,0.420,0.430,0.390,0.370,0.440,0.280,0.330,0.390
2023-03-14 03:12:00,0.440,0.380,0.350,0.610,0.330,0.220,0.310,0.320,0.360
2023-03-14 03:14:00,0.350,0.290,0.360,0.250,0.140,0.340,0.290,0.290,0.360
2023-03-14 03:16:00,0.350,0.320,0.300,0.370,0.280,0.170,0.290,0.300,0.340
2023-03-14 03:18:00,0.290,0.260,0.380,0.140,0.130,0.550,0.270,0.270,0.370
2023-03-14 03:20:00,0.380,0.410,0.320,0.490,0.540,0.240,0.300,0.330,0.350
2023-03-14 03:22:00,0.380,0.290,0.290,0.430,0.0900,0.190,0.310,0.290,0.330
2023-03-14 03:24:00,0.330,0.330,0.470,0.260,0.370,0.720,0.290,0.300,0.390
2023-03-14 03:26:00,0.310,0.360,0.350,0.400,0.490,0.190,0.280,0.310,0.350
2023-03-14 03:28:00,0.260,0.330,0.410,0.170,0.360,0.470,0.270,0.300,0.370
2023-03-14 03:30:00,0.410,0.320,0.330,0.570,0.280,0.180,0.320,0.300,0.350
2023-03-14 03:32:00,0.310,0.270,0.280,0.200,0.170,0.160,0.290,0.280,0.330
2023-03-14 03:34:00,0.230,0.200,0.280,0.0900,0.0800,0.260,0.260,0.250,0.320
2023-03-14 03:36:00,0.350,0.130,0.290,0.650,0.0100,0.230,0.300,0.220,0.320
2023-03-14 03:38:00,0.410,0.190,0.370,0.470,0.410,0.460,0.330,0.220,0.350
2023-03-14 03:40:00,0.310,0.240,0.270,0.120,0.330,0.120,0.300,0.240,0.320
2023-03-14 03:42:00,0.300,0.400,0.320,0.280,0.560,0.350,0.300,0.300,0.330
2023-03-14 03:44:00,0.220,0.320,0.320,0.0600,0.240,0.270,0.260,0.270,0.330
2023-03-14 03:46:00,0.340,0.490,0.290,0.650,1.03,0.180,0.300,0.330,0.320
2023-03-14 03:48:00,0.340,0.410,0.340,0.420,0.380,0.500,0.300,0.320,0.330
2023-03-14 03:50:00,0.300,0.300,0.320,0.320,0.0800,0.310,0.280,0.290,0.320
2023-03-14 03:52:00,0.190,0.280,0.350,0.0400,0.200,0.360,0.240,0.280,0.330
2023-03-14 03:54:00,0.240,0.210,0.310,0.300,0.0900,0.250,0.250,0.250,0.320
2023-03-14 03:56:00,0.200,0.190,0.430,0.170,0.140,0.650,0.240,0.240,0.360
2023-03-14 03:58:00,0.220,0.200,0.390,0.270,0.170,0.360,0.240,0.230,0.350
2023-03-14 04:00:00,0.250,0.610,0.280,0.500,1.08,0.120,0.240,0.390,0.320
2023-03-14 04:02:00,0.220,0.480,0.310,0.180,0.380,0.320,0.230,0.360,0.320
2023-03-14 04:04:00,0.210,0.420,0.270,0.160,0.230,0.160,0.220,0.350,0.310
2023-03-14 04:06:00,0.160,0.490,0.270,0.0600,0.520,0.220,0.200,0.380,0.300
2023-03-14 04:08:00,0.130,0.510,0.280,0.0700,0.550,0.360,0.180,0.400,0.290
2023-03-14 04:10:00,0.210,0.410,0.260,0.310,0.180,0.240,0.200,0.370,0.280
2023-03-14 04:12:00,0.160,0.280,0.750,0.0800,0.0400,1.31,0.180,0.330,0.460
2023-03-14 04:14:00,0.360,0.200,0.540,0.720,0.0600,0.270,0.240,0.290,0.420
2023-03-14 04:16:00,0.700,0.140,0.500,1.31,0.0600,0.500,0.380,0.250,0.420
2023-03-14 04:18:00,0.510,0.170,0.550,0.330,0.210,0.670,0.350,0.250,0.440
2023-03-14 04:20:00,0.560,0.230,0.500,0.500,0.560,0.300,0.390,0.260,0.440
2023-03-14 04:22:00,0.530,0.430,0.630,0.440,0.730,0.850,0.390,0.330,0.490
2023-03-14 04:24:00,0.630,0.560,0.470,0.690,1.08,0.230,0.450,0.380,0.450
2023-03-14 04:26:00,0.520,0.560,0.410,0.450,0.920,0.280,0.430,0.390,0.430
2023-03-14 04:28:00,0.390,0.660,0.330,0.200,0.560,0.200,0.390,0.460,0.390
2023-03-14 04:30:00,0.300,0.450,0.450,0.160,0.0900,0.620,0.350,0.400,0.430
2023-03-14 04:32:00,0.340,0.350,0.420,0.400,0.110,0.440,0.360,0.370,0.420
2023-03-14 04:34:00,0.340,0.280,0.490,0.330,0.140,0.810,0.360,0.340,0.440
2023-03-14 04:36:00,0.410,0.190,0.660,0.350,0.0200,0.920,0.380,0.290,0.510
2023-03-14 04:38:00,0.310,0.170,0.480,0.150,0.130,0.200,0.350,0.270,0.460
2023-03-14 04:40:00,0.360,0.160,0.410,0.560,0.0900,0.220,0.360,0.260,0.440
2023-03-14 04:42:00,0.290,0.210,0.370,0.250,0.280,0.330,0.330,0.270,0.420
2023-03-14 04:44:00,0.330,0.200,0.330,0.580,0.220,0.270,0.340,0.250,0.390
2023-03-14 04:46:00,0.260,0.170,0.320,0.170,0.170,0.330,0.310,0.230,0.380
2023-03-14 04:48:00,0.190,0.170,0.250,0.0600,0.210,0.130,0.270,0.220,0.340
2023-03-14 04:50:00,0.160,0.180,0.270,0.100,0.180,0.310,0.250,0.220,0.340
2023-03-14 04:52:00,0.140,0.130,0.290,0.130,0.0700,0.380,0.230,0.190,0.340
2023-03-14 04:54:00,0.230,0.210,0.230,0.410,0.320,0.140,0.250,0.200,0.310
2023-03-14 04:56:00,0.270,0.180,0.230,0.290,0.150,0.270,0.260,0.190,0.300
2023-03-14 04:58:00,0.220,0.240,0.210,0.170,0.480,0.160,0.250,0.200,0.270
2023-03-14 05:00:00,0.170,0.170,0.270,0.0700,0.120,0.310,0.220,0.180,0.280
2023-03-14 05:02:00,0.180,0.110,0.280,0.0900,0.0100,0.290,0.220,0.150,0.280
2023-03-14 05:04:00,0.170,0.100,0.310,0.0900,0.0600,0.360,0.210,0.140,0.290
2023-03-14 05:06:00,0.240,0.0700,0.390,0.250,0.0200,0.520,0.230,0.120,0.320
2023-03-14 05:08:00,0.220,0.220,0.630,0.220,0.320,0.980,0.220,0.180,0.410
2023-03-14 05:10:00,0.140,0.190,0.530,0.0300,0.170,0.400,0.180,0.170,0.400
2023-03-14 05:12:00,0.160,0.180,0.410,0.140,0.160,0.210,0.180,0.170,0.370
2023-03-14 05:14:00,0.130,0.170,0.380,0.0600,0.120,0.330,0.170,0.170,0.360
2023-03-14 05:16:00,0.210,0.160,0.370,0.360,0.130,0.320,0.190,0.170,0.360
2023-03-14 05:18:00,0.170,0.190,0.290,0.120,0.280,0.150,0.180,0.180,0.330
2023-03-14 05:20:00,0.220,0.240,0.310,0.380,0.220,0.260,0.190,0.200,0.340
2023-03-14 05:22:00,0.270,0.190,0.290,0.250,0.0800,0.240,0.210,0.180,0.330
2023-03-14 05:24:00,0.390,0.150,0.330,0.750,0.110,0.330,0.260,0.170,0.340
2023-03-14 05:26:00,0.340,0.290,0.290,0.360,0.450,0.270,0.260,0.220,0.320
2023-03-14 05:28:00,0.270,0.240,0.290,0.130,0.210,0.290,0.240,0.200,0.310
2023-03-14 05:30:00,0.290,0.240,0.250,0.380,0.220,0.200,0.250,0.200,0.290
2023-03-14 05:32:00,0.300,0.290,0.190,0.390,0.290,0.0900,0.250,0.220,0.260
2023-03-14 05:34:00,0.300,0.200,0.230,0.490,0.0500,0.300,0.260,0.190,0.270
2023-03-14 05:36:00,0.230,0.190,0.220,0.110,0.110,0.260,0.230,0.180,0.260
2023-03-14 05:38:00,0.150,0.220,0.330,0.0100,0.270,0.470,0.200,0.190,0.290
2023-03-14 05:40:00,0.110,0.270,0.290,0.0300,0.290,0.320,0.170,0.210,0.280
2023-03-14 05:42:00,0.170,0.260,0.250,0.300,0.210,0.200,0.190,0.210,0.260
2023-03-14 05:44:00,0.140,0.250,0.260,0.100,0.200,0.260,0.170,0.210,0.270
2023-03-14 05:46:00,0.240,0.210,0.210,0.380,0.140,0.110,0.200,0.190,0.250
2023-03-14 05:48:00,0.210,0.280,0.220,0.170,0.430,0.190,0.190,0.210,0.250
2023-03-14 05:50:00,0.230,0.240,0.280,0.230,0.180,0.500,0.190,0.200,0.270
2023-03-14 05:52:00,0.150,0.190,0.290,0.0300,0.160,0.360,0.170,0.180,0.270
2023-03-14 05:54:00,0.110,0.150,0.290,0.0300,0.100,0.300,0.150,0.170,0.270
2023-03-14 05:56:00,0.140,0.100,0.600,0.250,0.0100,0.950,0.150,0.150,0.390
2023-03-14 05:58:00,0.160,0.150,0.600,0.170,0.340,0.580,0.160,0.160,0.420
2023-03-14 06:00:00,0.330,0.200,0.520,0.550,0.340,0.390,0.220,0.170,0.410
2023-03-14 06:02:00,0.340,0.140,0.500,0.270,0.0600,0.500,0.240,0.150,0.410
2023-03-14 06:04:00,0.460,0.100,0.460,0.640,0.0200,0.420,0.300,0.140,0.410
2023-03-14 06:06:00,0.350,0.180,0.460,0.220,0.170,0.550,0.270,0.160,0.410
2023-03-14 06:08:00,0.470,0.180,0.400,0.550,0.140,0.290,0.320,0.170,0.390
2023-03-14 06:10:00,0.340,0.140,0.330,0.110,0.0600,0.220,0.290,0.160,0.360
2023-03-14 06:12:00,0.240,0.480,0.280,0.0700,0.600,0.160,0.250,0.290,0.340
2023-03-14 06:14:00,0.150,0.410,0.340,0.0100,0.200,0.480,0.220,0.290,0.360
2023-03-14 06:16:00,0.130,0.330,0.310,0.0600,0.190,0.300,0.200,0.270,0.350
2023-03-14 06:18:00,0.160,0.210,0.400,0.170,0.0200,0.740,0.200,0.230,0.370
2023-03-14 06:20:00,0.130,0.140,0.520,0.110,0,0.630,0.180,0.200,0.420
2023-03-14 06:22:00,0.130,0.0900,0.450,0.130,0,0.340,0.170,0.170,0.410
2023-03-14 06:24:00,0.160,0.150,0.400,0.250,0.190,0.320,0.180,0.180,0.390
2023-03-14 06:26:00,0.110,0.110,0.350,0.0800,0.0700,0.340,0.160,0.160,0.370
2023-03-14 06:28:00,0.140,0.140,0.390,0.210,0.210,0.440,0.160,0.170,0.370
2023-03-14 06:30:00,0.190,0.210,0.290,0.230,0.410,0.150,0.180,0.190,0.340
2023-03-14 06:32:00,0.240,0.270,0.260,0.450,0.320,0.160,0.200,0.210,0.320
2023-03-14 06:34:00,0.180,0.260,0.420,0.140,0.250,0.790,0.180,0.210,0.370
2023-03-14 06:36:00,0.150,0.180,0.380,0.140,0.0600,0.360,0.160,0.180,0.360
2023-03-14 06:38:00,0.140,0.120,0.410,0.110,0.0100,0.420,0.160,0.160,0.370
2023-03-14 06:40:00,0.350,0.120,0.330,0.710,0.0700,0.220,0.230,0.150,0.350
2023-03-14 06:42:00,0.350,0.0800,0.320,0.400,0.0100,0.270,0.240,0.130,0.350
2023-03-14 06:44:00,0.280,0.100,0.250,0.150,0.180,0.110,0.230,0.120,0.320
2023-03-14 06:46:00,0.220,0.0600,0.220,0.0700,0.0200,0.120,0.210,0.100,0.290
2023-03-14 06:48:00,0.260,0.0900,0.210,0.440,0.110,0.220,0.220,0.100,0.280
2023-03-14 06:50:00,0.250,0.0700,0.230,0.260,0.0300,0.290,0.220,0.0900,0.270
2023-03-14 06:52:00,0.190,0.150,0.570,0.140,0.370,1.27,0.190,0.110,0.390
2023-03-14 06:54:00,0.130,0.120,0.430,0.0300,0.110,0.280,0.170,0.100,0.350
2023-03-14 06:56:00,0.110,0.160,0.430,0.0300,0.190,0.360,0.160,0.110,0.360
2023-03-14 06:58:00,0.0800,0.170,0.360,0.0300,0.160,0.300,0.140,0.120,0.340
2023-03-14 07:00:00,0.0800,0.270,0.370,0.0700,0.400,0.360,0.130,0.160,0.350
2023-03-14 07:02:00,0.100,0.230,0.350,0.0800,0.180,0.360,0.130,0.160,0.350
2023-03-14 07:04:00,0.140,0.190,0.270,0.290,0.0800,0.140,0.130,0.150,0.320
2023-03-14 07:06:00,0.300,0.150,0.300,0.490,0.110,0.320,0.200,0.140,0.320
2023-03-14 07:08:00,0.230,0.120,0.260,0.160,0.0400,0.150,0.180,0.130,0.300
2023-03-14 07:10:00,0.190,0.410,0.290,0.160,0.720,0.230,0.170,0.240,0.310
2023-03-14 07:12:00,0.150,0.360,0.270,0.0800,0.290,0.300,0.160,0.240,0.300
2023-03-14 07:14:00,0.170,0.290,0.230,0.250,0.170,0.160,0.160,0.230,0.270
2023-03-14 07:16:00,0.160,0.250,0.270,0.110,0.190,0.380,0.160,0.220,0.280
2023-03-14 07:18:00,0.150,0.180,0.230,0.170,0.0400,0.170,0.160,0.190,0.260
2023-03-14 07:20:00,0.190,0.260,0.250,0.220,0.270,0.240,0.170,0.220,0.270
2023-03-14 07:22:00,0.190,0.200,0.270,0.230,0.110,0.370,0.180,0.190,0.270
2023-03-14 07:24:00,0.180,0.250,0.230,0.140,0.230,0.170,0.180,0.210,0.260
2023-03-14 07:26:00,0.210,0.210,0.240,0.410,0.140,0.230,0.180,0.200,0.260
2023-03-14 07:28:00,0.190,0.280,0.210,0.160,0.280,0.160,0.180,0.220,0.250
2023-03-14 07:30:00,0.120,0.360,0.220,0.0200,0.620,0.210,0.150,0.250,0.250
2023-03-14 07:32:00,0.150,0.360,0.230,0.120,0.310,0.320,0.170,0.270,0.250
2023-03-14 07:34:00,0.100,0.540,0.250,0.0100,1.33,0.290,0.140,0.330,0.260
2023-03-14 07:36:00,0.0600,0.440,0.220,0,0.400,0.200,0.120,0.320,0.240
2023-03-14 07:38:00,0.0400,0.320,0.190,0,0.120,0.160,0.100,0.280,0.230
2023-03-14 07:40:00,0.0800,0.330,0.510,0.0800,0.470,0.920,0.100,0.290,0.340
2023-03-14 07:42:00,0.140,0.250,0.430,0.170,0.150,0.380,0.120,0.260,0.340
2023-03-14 07:44:00,0.360,0.200,0.350,0.830,0.120,0.200,0.190,0.240,0.320
2023-03-14 07:46:00,0.330,0.140,0.320,0.360,0.0200,0.290,0.200,0.210,0.310
2023-03-14 07:48:00,0.470,0.160,0.340,0.810,0.160,0.370,0.260,0.210,0.310
2023-03-14 07:50:00,0.410,0.230,0.400,0.430,0.250,0.600,0.260,0.230,0.330
2023-03-14 07:52:00,0.330,0.220,0.320,0.200,0.140,0.180,0.250,0.220,0.320
2023-03-14 07:54:00,0.250,0.210,0.300,0.0900,0.210,0.230,0.230,0.220,0.300
2023-03-14 07:56:00,0.200,0.460,0.330,0.0900,0.700,0.570,0.210,0.310,0.310
2023-03-14 07:58:00,0.140,0.320,0.320,0.0700,0.110,0.340,0.180,0.270,0.300
2023-03-14 08:00:00,0.110,0.360,0.340,0.0600,0.340,0.390,0.160,0.290,0.310
2023-03-14 08:02:00,0.0800,0.240,0.320,0.0400,0.0400,0.350,0.140,0.250,0.300
2023-03-14 08:04:00,0.160,0.240,0.610,0.210,0.210,1.05,0.170,0.250,0.410
2023-03-14 08:06:00,0.110,0.180,0.530,0.0600,0.100,0.590,0.150,0.230,0.400
2023-03-14 08:08:00,0.130,0.130,0.540,0.240,0.0600,0.540,0.150,0.200,0.410
2023-03-14 08:10:00,0.120,0.0800,0.450,0.130,0,0.330,0.140,0.170,0.390
2023-03-14 08:12:00,0.170,0.140,0.380,0.280,0.220,0.220,0.150,0.180,0.370
2023-03-14 08:14:00,0.180,0.150,0.360,0.220,0.170,0.250,0.160,0.180,0.360
2023-03-14 08:16:00,0.170,0.140,0.380,0.150,0.100,0.520,0.160,0.170,0.370
2023-03-14 08:18:00,0.170,0.130,0.310,0.220,0.160,0.200,0.160,0.160,0.340
2023-03-14 08:20:00,0.130,0.110,0.270,0.0600,0.100,0.210,0.140,0.150,0.320
2023-03-14 08:22:00,0.150,0.0800,0.260,0.190,0.0200,0.190,0.150,0.130,0.310
2023-03-14 08:24:00,0.220,0.0700,0.260,0.360,0.0400,0.240,0.170,0.120,0.310
2023-03-14 08:26:00,0.260,0.0400,0.280,0.310,0,0.250,0.190,0.0900,0.310
2023-03-14 08:28:00,0.210,0.0200,0.270,0.140,0,0.250,0.180,0.0800,0.290
2023-03-14 08:30:00,0.310,0.0700,0.270,0.480,0.0900,0.310,0.210,0.0900,0.290
2023-03-14 08:32:00,0.280,0.100,0.260,0.220,0.190,0.260,0.210,0.100,0.280
2023-03-14 08:34:00,0.320,0.0800,0.270,0.260,0.0400,0.330,0.240,0.0800,0.280
2023-03-14 08:36:00,0.260,0.140,0.360,0.210,0.210,0.670,0.220,0.100,0.300
2023-03-14 08:38:00,0.180,0.130,0.340,0.0600,0.100,0.310,0.190,0.100,0.300
2023-03-14 08:40:00,0.160,0.140,0.420,0.0800,0.110,0.720,0.180,0.100,0.330
2023-03-14 08:42:00,0.130,0.170,0.390,0.0500,0.230,0.330,0.170,0.110,0.330
2023-03-14 08:44:00,0.180,0.170,0.430,0.440,0.180,0.500,0.180,0.110,0.350
2023-03-14 08:46:00,0.230,0.200,0.370,0.350,0.230,0.220,0.190,0.120,0.340
2023-03-14 08:48:00,0.230,0.240,0.350,0.280,0.250,0.300,0.190,0.150,0.340
2023-03-14 08:50:00,0.420,0.170,0.390,0.750,0.0700,0.390,0.260,0.130,0.360
2023-03-14 08:52:00,0.360,0.110,0.380,0.260,0.0100,0.350,0.260,0.100,0.360
2023-03-14 08:54:00,0.340,0.360,0.380,0.280,0.740,0.390,0.270,0.200,0.360
2023-03-14 08:56:00,0.260,0.350,0.290,0.110,0.320,0.160,0.250,0.210,0.330
2023-03-14 08:58:00,0.350,0.420,0.250,0.420,0.710,0.160,0.280,0.250,0.310
2023-03-14 09:00:00,0.320,0.320,0.320,0.160,0.250,0.400,0.270,0.230,0.320
2023-03-14 09:02:00,0.300,0.290,0.320,0.290,0.250,0.290,0.270,0.220,0.320
2023-03-14 09:04:00,0.210,0.270,0.300,0.0500,0.180,0.320,0.240,0.220,0.310
2023-03-14 09:06:00,0.190,0.250,0.290,0.150,0.170,0.270,0.230,0.220,0.300
2023-03-14 09:08:00,0.120,0.290,0.290,0.0200,0.410,0.310,0.200,0.230,0.300
2023-03-14 09:10:00,0.120,0.250,0.270,0.110,0.230,0.190,0.180,0.220,0.280
2023-03-14 09:12:00,0.0900,0.250,0.290,0.0200,0.250,0.310,0.160,0.220,0.280
2023-03-14 09:14:00,0.0500,0.260,0.410,0,0.260,0.730,0.140,0.230,0.320
2023-03-14 09:16:00,0.0600,0.250,0.310,0.0400,0.250,0.240,0.130,0.230,0.290
2023-03-14 09:18:00,0.0500,0.230,0.300,0.0400,0.260,0.270,0.110,0.210,0.290
2023-03-14 09:20:00,0.0800,0.270,0.270,0.0900,0.460,0.240,0.110,0.220,0.270
2023-03-14 09:22:00,0.130,0.350,0.330,0.320,0.680,0.310,0.110,0.250,0.290
2023-03-14 09:24:00,0.110,0.240,0.790,0.0900,0.110,1.98,0.100,0.220,0.450
2023-03-14 09:26:00,0.120,0.170,0.660,0.120,0.0700,0.560,0.100,0.190,0.450
2023-03-14 09:28:00,0.460,0.130,0.590,1.13,0.0600,0.450,0.220,0.170,0.450
2023-03-14 09:30:00,0.420,0.130,0.500,0.430,0.110,0.260,0.240,0.170,0.430
2023-03-14 09:32:00,0.550,0.150,0.450,0.850,0.140,0.300,0.310,0.170,0.430
2023-03-14 09:34:00,0.440,0.350,0.620,0.360,0.440,1.45,0.290,0.250,0.480
2023-03-14 09:36:00,0.400,0.310,0.540,0.470,0.270,0.430,0.290,0.250,0.470
2023-03-14 09:38:00,0.350,0.240,0.490,0.230,0.110,0.390,0.280,0.230,0.450
2023-03-14 09:40:00,0.240,0.570,0.380,0.0400,0.960,0.180,0.250,0.350,0.420
2023-03-14 09:42:00,0.230,0.400,0.380,0.110,0.170,0.320,0.250,0.320,0.410
2023-03-14 09:44:00,0.200,0.380,0.350,0.160,0.280,0.310,0.230,0.320,0.390
2023-03-14 09:46:00,0.150,0.300,0.300,0.100,0.130,0.190,0.200,0.290,0.370
2023-03-14 09:48:00,0.100,0.250,0.650,0.0100,0.150,1.34,0.170,0.270,0.480
2023-03-14 09:50:00,0.140,0.220,0.510,0.310,0.100,0.320,0.180,0.260,0.450
2023-03-14 09:52:00,0.170,0.240,0.440,0.250,0.270,0.310,0.180,0.260,0.430
2023-03-14 09:54:00,0.140,0.160,0.360,0.0900,0.0300,0.190,0.170,0.220,0.400
2023-03-14 09:56:00,0.150,0.190,0.320,0.140,0.150,0.220,0.170,0.230,0.380
2023-03-14 09:58:00,0.210,0.160,0.360,0.200,0.110,0.540,0.190,0.210,0.380
2023-03-14 10:00:00,0.240,0.160,0.330,0.330,0.200,0.380,0.200,0.200,0.360
2023-03-14 10:02:00,0.230,0.210,0.370,0.230,0.370,0.410,0.190,0.200,0.370
2023-03-14 10:04:00,0.210,0.300,0.320,0.220,0.600,0.290,0.180,0.230,0.350
2023-03-14 10:06:00,0.270,0.230,0.290,0.220,0.180,0.190,0.210,0.200,0.340
2023-03-14 10:08:00,0.370,0.190,0.260,0.560,0.170,0.280,0.250,0.190,0.320
2023-03-14 10:10:00,0.310,0.140,0.290,0.220,0.0700,0.280,0.250,0.170,0.330
2023-03-14 10:12:00,0.260,0.120,0.310,0.200,0.0800,0.340,0.240,0.160,0.330
2023-03-14 10:14:00,0.350,0.200,0.290,0.320,0.390,0.210,0.270,0.180,0.320
2023-03-14 10:16:00,0.320,0.190,0.390,0.270,0.180,0.500,0.270,0.180,0.360
2023-03-14 10:18:00,0.340,0.370,0.370,0.390,0.650,0.360,0.280,0.250,0.360
2023-03-14 10:20:00,0.250,0.360,0.360,0.110,0.510,0.400,0.260,0.250,0.350
2023-03-14 10:22:00,0.180,0.290,0.390,0.0600,0.160,0.370,0.230,0.240,0.370
2023-03-14 10:24:00,0.220,0.230,0.320,0.210,0.140,0.180,0.240,0.220,0.340
2023-03-14 10:26:00,0.310,0.350,0.350,0.620,0.580,0.410,0.260,0.270,0.350
2023-03-14 10:28:00,0.360,0.270,0.520,0.600,0.160,0.750,0.280,0.250,0.410
2023-03-14 10:30:00,0.370,0.250,0.460,0.370,0.160,0.350,0.290,0.240,0.400
2023-03-14 10:32:00,0.300,0.210,0.470,0.140,0.140,0.570,0.270,0.230,0.410
2023-03-14 10:34:00,0.490,0.240,0.340,0.960,0.230,0.150,0.340,0.240,0.360
2023-03-14 10:36:00,0.390,0.190,0.370,0.230,0.0900,0.360,0.320,0.220,0.370
2023-03-14 10:38:00,0.370,0.460,0.350,0.300,1.14,0.440,0.330,0.310,0.360
2023-03-14 10:40:00,0.290,0.440,0.340,0.210,0.490,0.320,0.300,0.320,0.360
2023-03-14 10:42:00,0.310,0.380,0.360,0.310,0.320,0.470,0.290,0.310,0.360
2023-03-14 10:44:00,0.370,0.310,0.330,0.330,0.210,0.280,0.320,0.290,0.350
2023-03-14 10:46:00,0.370,0.230,0.400,0.380,0.120,0.630,0.320,0.260,0.370
2023-03-14 10:48:00,0.290,0.180,0.390,0.100,0.0900,0.430,0.300,0.230,0.370
2023-03-14 10:50:00,0.260,0.140,0.370,0.200,0.0600,0.310,0.280,0.210,0.360
2023-03-14 10:52:00,0.190,0.160,0.410,0.0500,0.170,0.480,0.250,0.200,0.380
2023-03-14 10:54:00,0.200,0.190,0.430,0.270,0.300,0.360,0.250,0.200,0.380
2023-03-14 10:56:00,0.370,0.280,0.450,0.540,0.500,0.500,0.300,0.230,0.390
2023-03-14 10:58:00,0.290,0.320,0.380,0.250,0.420,0.210,0.270,0.250,0.370
2023-03-14 11:00:00,0.260,0.410,0.330,0.230,0.360,0.200,0.260,0.300,0.350
2023-03-14 11:02:00,0.240,0.480,0.240,0.220,0.760,0.0800,0.260,0.330,0.320
2023-03-14 11:04:00,0.260,0.380,0.270,0.240,0.220,0.230,0.260,0.310,0.320
2023-03-14 11:06:00,0.250,0.430,0.260,0.150,0.460,0.310,0.260,0.330,0.310
2023-03-14 11:08:00,0.230,0.370,0.630,0.150,0.310,1.67,0.250,0.320,0.420
2023-03-14 11:10:00,0.240,0.240,0.660,0.230,0.0400,0.640,0.260,0.270,0.460
2023-03-14 11:12:00,0.650,0.190,0.490,1.69,0.100,0.230,0.390,0.250,0.430
2023-03-14 11:14:00,0.630,0.150,0.460,0.470,0.0500,0.260,0.420,0.230,0.430
2023-03-14 11:16:00,0.740,0.210,0.430,1.12,0.260,0.360,0.490,0.240,0.420
2023-03-14 11:18:00,0.720,0.280,0.330,0.920,0.360,0.160,0.500,0.260,0.380
2023-03-14 11:20:00,0.720,0.330,0.440,1.03,0.450,0.620,0.520,0.280,0.410
2023-03-14 11:22:00,0.670,0.320,0.330,0.770,0.350,0.170,0.520,0.280,0.370
2023-03-14 11:24:00,0.470,0.650,0.350,0.150,1.20,0.360,0.460,0.400,0.370
2023-03-14 11:26:00,0.390,0.550,0.290,0.180,0.370,0.220,0.430,0.390,0.340
2023-03-14 11:28:00,0.310,0.500,0.340,0.170,0.490,0.380,0.400,0.380,0.360
2023-03-14 11:30:00,0.230,0.410,0.390,0.0800,0.250,0.460,0.350,0.360,0.370
2023-03-14 11:32:00,0.260,0.320,0.630,0.230,0.220,1.06,0.350,0.330,0.460
2023-03-14 11:34:00,0.180,0.270,0.580,0.0500,0.200,0.580,0.310,0.310,0.460
2023-03-14 11:36:00,0.130,0.190,0.580,0.0500,0.0500,0.580,0.270,0.270,0.470
2023-03-14 11:38:00,0.140,0.150,0.480,0.110,0.100,0.290,0.260,0.240,0.450
2023-03-14 11:40:00,0.210,0.320,0.390,0.220,0.700,0.240,0.270,0.290,0.420
2023-03-14 11:42:00,0.240,0.340,0.320,0.250,0.460,0.170,0.270,0.290,0.390
2023-03-14 11:44:00,0.190,0.300,0.300,0.150,0.310,0.230,0.250,0.280,0.360
2023-03-14 11:46:00,0.230,0.260,0.310,0.370,0.120,0.290,0.260,0.260,0.360
2023-03-14 11:48:00,0.250,0.170,0.300,0.330,0.0100,0.280,0.260,0.230,0.350
2023-03-14 11:50:00,0.190,0.110,0.350,0.120,0,0.410,0.240,0.190,0.360
2023-03-14 11:52:00,0.150,0.0900,0.370,0.110,0.0300,0.440,0.210,0.170,0.370
2023-03-14 11:54:00,0.210,0.0900,0.350,0.460,0.0800,0.330,0.220,0.160,0.360
2023-03-14 11:56:00,0.290,0.0500,0.290,0.390,0.0100,0.180,0.250,0.140,0.340
2023-03-14 11:58:00,0.320,0.0300,0.330,0.510,0,0.300,0.260,0.110,0.350
2023-03-14 12:00:00,0.320,0.0800,0.300,0.360,0.120,0.270,0.270,0.120,0.340
2023-03-14 12:02:00,0.280,0.250,0.310,0.230,0.580,0.300,0.260,0.170,0.340
2023-03-14 12:04:00,0.200,0.310,0.550,0.100,0.610,1.04,0.230,0.200,0.420
2023-03-14 12:06:00,0.190,0.330,0.500,0.120,0.440,0.350,0.230,0.220,0.420
2023-03-14 12:08:00,0.170,0.340,0.490,0.170,0.330,0.550,0.210,0.230,0.430
2023-03-14 12:10:00,0.210,0.310,0.450,0.190,0.240,0.400,0.220,0.230,0.420
2023-03-14 12:12:00,0.240,0.250,0.390,0.310,0.150,0.270,0.220,0.220,0.400
2023-03-14 12:14:00,0.230,0.240,0.420,0.200,0.190,0.510,0.220,0.210,0.410
2023-03-14 12:16:00,0.210,0.290,0.330,0.150,0.280,0.180,0.210,0.230,0.370
2023-03-14 12:18:00,0.500,0.270,0.320,0.990,0.250,0.250,0.320,0.230,0.360
2023-03-14 12:20:00,0.450,0.190,0.250,0.370,0.0500,0.130,0.320,0.200,0.330
2023-03-14 12:22:00,0.320,0.390,0.250,0.120,0.870,0.200,0.290,0.270,0.320
2023-03-14 12:24:00,0.260,0.360,0.270,0.0600,0.290,0.320,0.260,0.270,0.320
2023-03-14 12:26:00,0.230,0.370,0.280,0.170,0.450,0.380,0.250,0.280,0.310
2023-03-14 12:28:00,0.370,0.360,0.320,0.570,0.410,0.490,0.300,0.280,0.320
2023-03-14 12:30:00,0.270,0.390,0.270,0.100,0.520,0.180,0.270,0.300,0.290
2023-03-14 12:32:00,0.230,0.370,0.300,0.170,0.380,0.330,0.260,0.290,0.300
2023-03-14 12:34:00,0.200,0.260,0.290,0.150,0.0700,0.300,0.240,0.260,0.290
2023-03-14 12:36:00,0.280,0.320,0.300,0.390,0.610,0.250,0.270,0.280,0.290
2023-03-14 12:38:00,0.300,0.240,0.450,0.360,0.160,0.760,0.270,0.250,0.350
2023-03-14 12:40:00,0.350,0.290,0.440,0.310,0.320,0.410,0.300,0.270,0.360
2023-03-14 12:42:00,0.360,0.290,0.410,0.380,0.270,0.350,0.300,0.270,0.360
2023-03-14 12:44:00,0.340,0.270,0.390,0.330,0.240,0.490,0.300,0.270,0.350
2023-03-14 12:46:00,0.390,0.200,0.390,0.380,0.0700,0.410,0.320,0.240,0.360
2023-03-14 12:48:00,0.310,0.170,0.410,0.170,0.0800,0.500,0.300,0.230,0.370
2023-03-14 12:50:00,0.340,0.200,0.330,0.490,0.250,0.190,0.300,0.230,0.350
2023-03-14 12:52:00,0.240,0.280,0.680,0.0900,0.330,1.79,0.260,0.260,0.460
2023-03-14 12:54:00,0.200,0.240,0.640,0.140,0.140,0.500,0.250,0.250,0.480
2023-03-14 12:56:00,0.320,0.190,0.530,0.710,0.0600,0.310,0.280,0.230,0.450
2023-03-14 12:58:00,0.440,0.140,0.470,0.490,0.0600,0.410,0.340,0.200,0.440
2023-03-14 13:00:00,0.490,0.160,0.390,0.800,0.220,0.230,0.360,0.190,0.420
2023-03-14 13:02:00,0.560,0.360,0.340,0.660,0.770,0.270,0.410,0.250,0.390
2023-03-14 13:04:00,0.640,0.330,0.420,0.910,0.380,0.370,0.450,0.250,0.420
2023-03-14 13:06:00,0.630,0.300,0.400,0.720,0.240,0.370,0.460,0.260,0.410
2023-03-14 13:08:00,0.470,0.550,0.370,0.270,1.18,0.290,0.430,0.350,0.400
2023-03-14 13:10:00,0.360,0.450,0.330,0.110,0.400,0.220,0.390,0.330,0.380
2023-03-14 13:12:00,0.290,0.310,0.440,0.100,0.110,0.740,0.360,0.290,0.400
2023-03-14 13:14:00,0.360,0.230,0.380,0.250,0.0600,0.340,0.380,0.260,0.380
2023-03-14 13:16:00,0.270,0.250,0.490,0.0900,0.270,0.750,0.340,0.260,0.420
2023-03-14 13:18:00,0.250,0.180,0.510,0.210,0.0900,0.430,0.320,0.240,0.440
2023-03-14 13:20:00,0.310,0.200,0.430,0.510,0.280,0.230,0.330,0.230,0.420
2023-03-14 13:22:00,0.220,0.150,0.370,0.100,0.0600,0.290,0.290,0.210,0.390
2023-03-14 13:24:00,0.260,0.110,0.330,0.230,0.0400,0.300,0.290,0.180,0.370
2023-03-14 13:26:00,0.330,0.280,0.380,0.520,0.380,0.510,0.310,0.230,0.380
2023-03-14 13:28:00,0.240,0.290,0.360,0.140,0.460,0.400,0.270,0.240,0.370
2023-03-14 13:30:00,0.260,0.200,0.370,0.300,0.0900,0.390,0.280,0.210,0.370
2023-03-14 13:32:00,0.220,0.210,0.360,0.200,0.160,0.420,0.260,0.210,0.360
2023-03-14 13:34:00,0.250,0.270,0.360,0.300,0.450,0.290,0.270,0.220,0.360
2023-03-14 13:36:00,0.390,0.190,0.330,0.720,0.0900,0.260,0.310,0.190,0.350
2023-03-14 13:38:00,0.370,0.140,0.310,0.380,0.0500,0.270,0.310,0.170,0.340
2023-03-14 13:40:00,0.450,0.100,0.260,0.480,0.0500,0.160,0.350,0.160,0.320
2023-03-14 13:42:00,0.440,0.0900,0.240,0.370,0.0400,0.240,0.360,0.140,0.300
2023-03-14 13:44:00,0.430,0.110,0.280,0.410,0.110,0.330,0.360,0.140,0.310
2023-03-14 13:46:00,0.380,0.140,0.320,0.250,0.220,0.510,0.350,0.150,0.310
2023-03-14 13:48:00,0.280,0.140,0.270,0.0800,0.240,0.190,0.320,0.140,0.290
2023-03-14 13:50:00,0.220,0.330,0.410,0.0800,0.520,0.430,0.290,0.210,0.350
2023-03-14 13:52:00,0.260,0.320,0.460,0.370,0.270,0.330,0.290,0.220,0.370
2023-03-14 13:54:00,0.260,0.280,0.420,0.290,0.220,0.340,0.280,0.220,0.370
2023-03-14 13:56:00,0.250,0.230,0.370,0.300,0.120,0.340,0.270,0.200,0.360
2023-03-14 13:58:00,0.300,0.340,0.320,0.400,0.670,0.220,0.280,0.240,0.340
2023-03-14 14:00:00,0.270,0.330,0.360,0.240,0.330,0.450,0.270,0.250,0.350
2023-03-14 14:02:00,0.610,0.300,0.310,1.47,0.260,0.340,0.390,0.250,0.330
2023-03-14 14:04:00,0.960,0.300,0.330,1.34,0.270,0.340,0.550,0.250,0.340
2023-03-14 14:06:00,0.790,0.360,0.320,0.540,0.530,0.420,0.540,0.280,0.330
2023-03-14 14:08:00,0.570,0.380,0.320,0.160,0.350,0.260,0.490,0.300,0.330
2023-03-14 14:10:00,0.380,0.350,0.400,0.0200,0.400,0.690,0.430,0.290,0.360
2023-03-14 14:12:00,0.350,0.340,0.320,0.250,0.450,0.190,0.410,0.290,0.330
2023-03-14 14:14:00,0.370,0.300,0.300,0.570,0.210,0.290,0.400,0.270,0.320
2023-03-14 14:16:00,0.320,0.220,0.250,0.230,0.0500,0.180,0.380,0.250,0.300
2023-03-14 14:18:00,0.340,0.210,0.270,0.340,0.280,0.260,0.370,0.230,0.300
2023-03-14 14:20:00,0.350,0.180,0.340,0.400,0.250,0.570,0.370,0.220,0.310
2023-03-14 14:22:00,0.420,0.160,0.480,0.500,0.120,0.880,0.390,0.200,0.360
2023-03-14 14:24:00,0.330,0.270,0.430,0.200,0.540,0.370,0.350,0.220,0.360
2023-03-14 14:26:00,0.310,0.290,0.470,0.210,0.410,0.600,0.350,0.240,0.380
2023-03-14 14:28:00,0.310,0.390,0.390,0.440,0.600,0.270,0.340,0.270,0.360
2023-03-14 14:30:00,0.280,0.350,0.360,0.290,0.260,0.340,0.320,0.270,0.350
2023-03-14 14:32:00,0.270,0.280,0.380,0.240,0.110,0.420,0.310,0.250,0.360
2023-03-14 14:34:00,0.170,0.310,0.590,0.0300,0.380,1.07,0.270,0.270,0.440
2023-03-14 14:36:00,0.220,0.220,0.780,0.170,0.0700,1.49,0.270,0.240,0.520
2023-03-14 14:38:00,0.190,0.330,0.920,0.100,0.390,0.940,0.250,0.280,0.620
2023-03-14 14:40:00,0.180,0.330,0.700,0.180,0.280,0.400,0.240,0.280,0.570
2023-03-14 14:42:00,0.490,0.350,0.640,0.570,0.240,0.580,0.360,0.290,0.560
2023-03-14 14:44:00,0.550,0.330,0.560,0.710,0.390,0.450,0.390,0.290,0.540
2023-03-14 14:46:00,0.640,0.380,0.420,0.800,0.570,0.190,0.450,0.310,0.490
2023-03-14 14:48:00,0.580,0.330,0.500,0.400,0.250,0.560,0.450,0.290,0.510
2023-03-14 14:50:00,0.450,0.310,0.410,0.260,0.230,0.190,0.410,0.280,0.480
2023-03-14 14:52:00,0.320,0.750,0.340,0.0800,1.90,0.170,0.370,0.430,0.440
2023-03-14 14:54:00,0.260,0.750,0.380,0.140,0.730,0.460,0.340,0.470,0.440
2023-03-14 14:56:00,0.230,0.540,0.330,0.140,0.260,0.250,0.320,0.430,0.420
2023-03-14 14:58:00,0.250,0.400,0.400,0.200,0.0900,0.590,0.320,0.390,0.430
2023-03-14 15:00:00,0.160,0.300,0.470,0.0200,0.0800,0.690,0.270,0.350,0.450
2023-03-14 15:02:00,0.120,0.240,0.600,0.0500,0.170,0.610,0.240,0.320,0.510
2023-03-14 15:04:00,0.240,0.200,0.490,0.460,0.120,0.430,0.270,0.290,0.480
2023-03-14 15:06:00,0.220,0.180,0.460,0.190,0.120,0.430,0.260,0.270,0.460
2023-03-14 15:08:00,0.190,0.170,0.430,0.130,0.0900,0.410,0.240,0.250,0.450
2023-03-14 15:10:00,0.400,0.250,0.420,0.740,0.520,0.470,0.310,0.270,0.440
2023-03-14 15:12:00,0.360,0.170,0.420,0.550,0.100,0.430,0.300,0.240,0.440
2023-03-14 15:14:00,0.280,0.200,0.350,0.170,0.190,0.260,0.270,0.240,0.410
2023-03-14 15:16:00,0.220,0.210,0.350,0.150,0.170,0.450,0.250,0.240,0.400
2023-03-14 15:18:00,0.200,0.140,0.370,0.160,0.0200,0.450,0.240,0.210,0.400
2023-03-14 15:20:00,0.150,0.130,0.310,0.0500,0.120,0.210,0.210,0.190,0.370
2023-03-14 15:22:00,0.220,0.0800,0.360,0.300,0.0100,0.440,0.230,0.160,0.380
2023-03-14 15:24:00,0.390,0.130,0.310,0.460,0.180,0.230,0.290,0.170,0.350
2023-03-14 15:26:00,0.400,0.140,0.310,0.440,0.200,0.260,0.310,0.170,0.350
2023-03-14 15:28:00,0.400,0.0900,0.400,0.530,0.0200,0.610,0.310,0.150,0.380
2023-03-14 15:30:00,0.320,0.140,0.400,0.260,0.200,0.500,0.290,0.160,0.370
2023-03-14 15:32:00,0.280,0.0900,0.420,0.190,0.0200,0.400,0.270,0.140,0.380
2023-03-14 15:34:00,0.220,0.230,0.540,0.130,0.360,0.680,0.250,0.180,0.430
2023-03-14 15:36:00,0.190,0.430,0.470,0.170,0.860,0.340,0.230,0.260,0.420
2023-03-14 15:38:00,0.220,0.380,0.450,0.260,0.340,0.390,0.240,0.260,0.420
2023-03-14 15:40:00,0.220,0.410,0.370,0.250,0.530,0.310,0.230,0.280,0.390
2023-03-14 15:42:00,0.260,0.490,0.330,0.370,0.640,0.290,0.240,0.320,0.370
2023-03-14 15:44:00,0.270,0.370,0.290,0.400,0.220,0.180,0.250,0.290,0.350
2023-03-14 15:46:00,0.520,0.280,0.320,1.10,0.0800,0.340,0.340,0.270,0.360
2023-03-14 15:48:00,0.490,0.280,0.270,0.430,0.290,0.160,0.350,0.270,0.330
2023-03-14 15:50:00,0.510,0.320,0.250,0.560,0.450,0.200,0.370,0.280,0.320
2023-03-14 15:52:00,0.370,0.480,0.270,0.120,0.560,0.330,0.340,0.350,0.320
2023-03-14 15:54:00,0.260,0.360,0.250,0.0800,0.180,0.220,0.300,0.320,0.300
2023-03-14 15:56:00,0.320,0.410,0.270,0.360,0.640,0.290,0.310,0.340,0.300
2023-03-14 15:58:00,0.430,0.490,0.260,0.710,0.750,0.310,0.350,0.370,0.290
2023-03-14 16:00:00,0.330,0.340,0.260,0.220,0.140,0.230,0.320,0.330,0.280
2023-03-14 16:02:00,0.270,0.360,0.310,0.230,0.580,0.550,0.290,0.330,0.290
2023-03-14 16:04:00,0.210,0.320,0.260,0.0700,0.280,0.250,0.260,0.320,0.270
2023-03-14 16:06:00,0.200,0.240,0.360,0.160,0.110,0.630,0.260,0.290,0.300
2023-03-14 16:08:00,0.250,0.260,0.340,0.290,0.240,0.370,0.270,0.280,0.300
2023-03-14 16:10:00,0.250,0.170,0.310,0.310,0.0300,0.250,0.270,0.250,0.290
2023-03-14 16:12:00,0.370,0.200,0.370,0.410,0.220,0.430,0.310,0.250,0.310
2023-03-14 16:14:00,0.310,0.310,0.350,0.260,0.420,0.340,0.290,0.280,0.310
2023-03-14 16:16:00,0.260,0.320,0.350,0.180,0.250,0.340,0.270,0.280,0.310
2023-03-14 16:18:00,0.230,0.320,0.370,0.300,0.240,0.430,0.260,0.290,0.320
2023-03-14 16:20:00,0.220,0.400,0.400,0.240,0.490,0.520,0.250,0.320,0.330
2023-03-14 16:22:00,0.230,0.350,0.620,0.150,0.220,0.780,0.250,0.300,0.430
2023-03-14 16:24:00,0.200,0.300,0.660,0.140,0.160,1.02,0.240,0.290,0.450
2023-03-14 16:26:00,0.510,0.250,0.560,0.900,0.100,0.500,0.350,0.270,0.450
2023-03-14 16:28:00,0.480,0.190,0.530,0.510,0.0900,0.530,0.360,0.240,0.450
2023-03-14 16:30:00,0.530,0.320,0.440,0.420,0.620,0.310,0.400,0.280,0.430
2023-03-14 16:32:00,0.550,0.310,0.500,0.480,0.360,0.530,0.420,0.280,0.450
2023-03-14 16:34:00,0.470,0.270,0.460,0.320,0.140,0.440,0.410,0.260,0.440
2023-03-14 16:36:00,0.430,0.520,0.420,0.370,1.35,0.400,0.390,0.350,0.430
2023-03-14 16:38:00,0.430,0.620,0.360,0.540,0.570,0.290,0.390,0.410,0.410
2023-03-14 16:40:00,0.510,0.420,0.310,0.640,0.0900,0.220,0.420,0.360,0.380
2023-03-14 16:42:00,0.400,0.430,0.290,0.270,0.450,0.230,0.390,0.370,0.360
2023-03-14 16:44:00,0.350,0.350,0.480,0.270,0.190,1.09,0.360,0.350,0.410
2023-03-14 16:46:00,0.300,0.310,0.570,0.220,0.230,0.710,0.340,0.330,0.460
2023-03-14 16:48:00,0.240,0.250,0.490,0.130,0.140,0.330,0.310,0.300,0.440
2023-03-14 16:50:00,0.390,0.170,0.480,0.690,0.0400,0.570,0.350,0.270,0.440
2023-03-14 16:52:00,0.380,0.160,0.380,0.420,0.150,0.200,0.360,0.250,0.410
2023-03-14 16:54:00,0.360,0.140,0.500,0.330,0.130,0.610,0.350,0.230,0.450
2023-03-14 16:56:00,0.290,0.170,0.410,0.110,0.170,0.230,0.330,0.230,0.430
2023-03-14 16:58:00,0.210,0.170,0.340,0.0600,0.120,0.160,0.290,0.220,0.400
2023-03-14 17:00:00,0.180,0.280,0.330,0.110,0.240,0.350,0.270,0.260,0.380
2023-03-14 17:02:00,0.200,0.230,0.340,0.240,0.110,0.370,0.270,0.250,0.380
2023-03-14 17:04:00,0.190,0.150,0.370,0.190,0.0100,0.470,0.260,0.210,0.380
2023-03-14 17:06:00,0.300,0.140,0.330,0.430,0.140,0.260,0.290,0.190,0.360
2023-03-14 17:08:00,0.320,0.120,0.320,0.450,0.0800,0.240,0.290,0.180,0.350
2023-03-14 17:10:00,0.270,0.150,0.360,0.170,0.160,0.570,0.270,0.180,0.360
2023-03-14 17:12:00,0.310,0.110,0.410,0.240,0.0300,0.410,0.280,0.160,0.380
2023-03-14 17:14:00,0.300,0.150,0.410,0.330,0.190,0.390,0.280,0.170,0.380
2023-03-14 17:16:00,0.300,0.140,0.460,0.220,0.140,0.460,0.280,0.170,0.400
2023-03-14 17:18:00,0.220,0.370,0.640,0.0800,0.630,0.800,0.250,0.250,0.470
2023-03-14 17:20:00,0.180,0.350,0.520,0.160,0.380,0.390,0.230,0.260,0.450
2023-03-14 17:22:00,0.140,0.350,0.470,0.110,0.460,0.230,0.210,0.270,0.440
2023-03-14 17:24:00,0.140,0.270,0.490,0.190,0.140,0.400,0.190,0.250,0.450
2023-03-14 17:26:00,0.190,0.200,0.390,0.310,0.0800,0.200,0.190,0.220,0.420
2023-03-14 17:28:00,0.240,0.160,0.370,0.430,0.0700,0.350,0.200,0.200,0.400
2023-03-14 17:30:00,0.450,0.140,0.330,1.05,0.0800,0.260,0.280,0.180,0.380
2023-03-14 17:32:00,0.570,0.160,0.300,0.610,0.290,0.230,0.350,0.180,0.360
2023-03-14 17:34:00,0.500,0.240,0.370,0.400,0.520,0.740,0.350,0.210,0.370
2023-03-14 17:36:00,0.410,0.390,0.270,0.250,0.510,0.160,0.340,0.270,0.340
2023-03-14 17:38:00,0.290,0.330,0.460,0.0600,0.290,0.650,0.300,0.260,0.400
2023-03-14 17:40:00,0.280,0.320,0.380,0.350,0.220,0.280,0.290,0.270,0.370
2023-03-14 17:42:00,0.260,0.370,0.350,0.200,0.550,0.250,0.280,0.290,0.360
2023-03-14 17:44:00,0.470,0.270,0.400,0.930,0.150,0.460,0.350,0.260,0.370
2023-03-14 17:46:00,0.320,0.180,0.360,0.180,0.0200,0.290,0.310,0.230,0.360
2023-03-14 17:48:00,0.230,0.160,0.390,0.0600,0.100,0.350,0.270,0.210,0.370
2023-03-14 17:50:00,0.170,0.130,0.370,0.0700,0.0900,0.400,0.240,0.180,0.360
2023-03-14 17:52:00,0.140,0.170,0.340,0.110,0.200,0.260,0.220,0.180,0.350
2023-03-14 17:54:00,0.190,0.200,0.350,0.290,0.230,0.410,0.220,0.190,0.360
2023-03-14 17:56:00,0.220,0.220,0.300,0.240,0.350,0.220,0.230,0.190,0.340
2023-03-14 17:58:00,0.210,0.200,0.300,0.230,0.200,0.270,0.220,0.180,0.330
2023-03-14 18:00:00,0.400,0.180,0.250,0.770,0.130,0.190,0.290,0.180,0.310

