"Time","cattle-fleet-local-system","cattle-fleet-system","cattle-monitoring-system","cattle-system","cert-manager","cilium-monitoring","default","kube-system","longhorn-system","sock-shop","tracee-system"
2023-03-21 20:28:00,1443,1355,5954,1967,151,2886,0,5705,80.5,595,0
2023-03-21 20:32:00,1431,1369,4955,2348,157,3348,0,5364,81.5,590,0
2023-03-21 20:36:00,1787,1380,6265,1693,169,3085,0,6129,78.5,597,0
2023-03-21 20:40:00,1468,1449,5875,1628,136,3187,0,5862,78.7,571,0
2023-03-21 20:44:00,1490,1386,6033,1631,158,2934,0,5454,77.7,597,0
2023-03-21 20:48:00,3259,1362,6811,1968,132,3320,0,6353,78.2,581,0
2023-03-21 20:52:00,1461,1334,10702,2308,148,2984,0,12908,80.6,7787,0
2023-03-21 20:56:00,1470,1379,5255,1658,147,3029,0,5428,77.7,586,0
2023-03-21 21:00:00,1427,1417,5978,1550,160,2830,0,5450,73.6,587,0
2023-03-21 21:04:00,1401,1356,7674,1889,146,3077,0,8783,74.0,4323,0.475
2023-03-21 21:08:00,1398,1342,5838,1911,144,3236,0.233,6096,74.1,571,0
2023-03-21 21:12:00,2961,1348,6944,1610,147,2957,0,7056,75.1,586,0
2023-03-21 21:16:00,1445,1366,5507,1670,156,3127,0,5484,74.0,583,0
2023-03-21 21:20:00,1392,1430,5600,1525,146,3095,0,5630,75.0,593,0
2023-03-21 21:24:00,1483,1356,9573,2190,147,2905,0,10932,77.9,4604,0
2023-03-21 21:28:00,1470,1371,6103,2407,152,3142,0,5641,82.7,571,0
2023-03-21 21:32:00,1455,1357,5714,1634,145,2852,0,5807,78.0,583,0
2023-03-21 21:36:00,1825,1409,5628,1715,152,3337,0,5856,85.9,592,0
2023-03-21 21:40:00,1456,1436,5181,1801,152,2993,0,5227,80.4,596,0
2023-03-21 21:44:00,1428,1388,9990,1628,149,2967,0,11096,78.7,6510,0
2023-03-21 21:48:00,1448,1367,6064,2235,144,3159,0,6175,79.7,582,0
2023-03-21 21:52:00,1458,1354,6108,1597,150,2936,0,5631,78.9,576,0
2023-03-21 21:56:00,1471,1372,8227,1690,151,3491,0,8956,79.7,4203,0
2023-03-21 22:00:00,1452,1432,5847,1924,146,2943,0,5483,77.7,586,0.294
2023-03-21 22:04:00,1441,1367,5042,2238,146,2881,0,5128,80.4,570,0
2023-03-21 22:08:00,1436,1350,6031,1613,161,3245,0,5662,77.2,578,0
2023-03-21 22:12:00,1455,1360,6010,1653,146,3105,0,6049,85.6,573,0
2023-03-21 22:16:00,1477,1373,7336,1648,151,3088,0,7703,79.4,2689,0
2023-03-21 22:20:00,1476,1465,5846,1927,156,3213,0,5816,82.1,569,0
2023-03-21 22:24:00,1457,1360,5924,2261,163,2954,0,5794,81.2,588,0
2023-03-21 22:28:00,1404,1369,4913,1562,137,3550,0,4883,72.9,566,0
2023-03-21 22:32:00,1405,1327,5978,1543,140,3113,0,5749,74.1,594,0
2023-03-21 22:36:00,1692,1384,6790,2071,142,3102,0,6689,75.5,1789,0
2023-03-21 22:40:00,1422,1353,5891,1759,153,2760,0.248,5886,72.1,592,0
2023-03-21 22:44:00,1433,1337,5707,1698,156,3003,0,5811,69.6,571,0
2023-03-21 22:48:00,1401,1353,5019,1615,147,3114,0,5075,75.9,575,0
2023-03-21 22:52:00,1430,1350,5924,1547,146,3010,0,5543,73.0,591,0
2023-03-21 22:56:00,1403,1333,6356,2066,151,3415,0.251,6117,74.9,689,0
2023-03-21 23:00:00,1453,1468,5994,2279,150,3053,0,6153,78.7,583,0.392
2023-03-21 23:04:00,1397,1364,6088,1558,153,3210,0,5838,73.4,595,0
2023-03-21 23:08:00,1366,1358,5075,1553,149,2963,0.236,5820,73.9,583,0
2023-03-21 23:12:00,1486,1388,5006,1636,146,3208,0,5233,79.2,580,0
2023-03-21 23:16:00,1432,1348,6002,1974,140,3187,0,5943,79.0,577,0
2023-03-21 23:20:00,1459,1438,6122,2334,160,3079,0,5884,79.6,587,0
2023-03-21 23:24:00,1447,1367,5839,1544,143,3047,0,5508,78.7,586,0
2023-03-21 23:28:00,1464,1375,6069,1620,170,2899,0,5596,80.7,676,0
2023-03-21 23:32:00,1505,1368,5240,2001,157,2965,0,5348,80.7,599,0
2023-03-21 23:36:00,1717,1377,5692,2055,144,3035,0,5496,74.7,586,0
2023-03-21 23:40:00,1536,1452,6014,1910,148,3068,0,5766,78.8,590,0
2023-03-21 23:44:00,1416,1368,5623,1601,155,3034,0,5495,77.9,595,0
2023-03-21 23:48:00,1462,1355,6817,1599,152,2895,0,7043,77.1,1121,0
2023-03-21 23:52:00,1470,1363,6585,2045,141,2877,0,6286,81.2,572,0
2023-03-21 23:56:00,1496,1368,5597,2434,148,3321,0,5813,79.7,596,0
2023-03-22 00:00:00,1409,1417,5217,1567,148,2896,0,5019,75.6,574,0
2023-03-22 00:04:00,1386,1348,5689,1569,142,2924,0,5417,71.8,567,0.452
2023-03-22 00:08:00,1387,1379,7299,1943,163,3303,0.197,8399,77.9,3299,0
2023-03-22 00:12:00,2974,1358,7097,1497,156,3024,0,7187,70.3,579,0
2023-03-22 00:16:00,1403,1343,6459,2151,156,3260,0,5815,73.9,575,0
2023-03-22 00:20:00,1410,1414,5534,1544,147,3072,0,5517,70.2,587,0
2023-03-22 00:24:00,1408,1350,4959,1529,147,2971,0,4802,77.9,596,0
2023-03-22 00:28:00,1422,1336,9029,1989,139,3340,0,10080,79.3,4370,0
2023-03-22 00:32:00,1443,1353,6359,2126,147,3000,0,6073,80.3,604,0
2023-03-22 00:36:00,1771,1444,6220,1650,165,3174,0,5910,79.3,567,0
2023-03-22 00:40:00,1432,1471,5636,1655,150,3078,0,5475,80.6,582,0
2023-03-22 00:44:00,1447,1366,5048,1566,156,3199,0,5395,81.3,569,0
2023-03-22 00:48:00,1472,1357,9716,1777,151,3120,0,11966,78.1,5721,0
2023-03-22 00:52:00,1424,1367,6052,2441,150,2768,0,6451,81.3,575,0
2023-03-22 00:56:00,1434,1361,5859,1660,144,2852,0,5789,79.5,581,0
2023-03-22 01:00:00,1428,1485,8177,1575,150,3227,0,9122,75.5,4587,0.347
2023-03-22 01:04:00,1461,1359,5919,1923,140,3093,0,5732,78.2,601,0
2023-03-22 01:08:00,1414,1356,5011,1633,149,2880,0,4993,69.9,592,0
2023-03-22 01:12:00,1461,1388,5657,1997,146,3065,0,5629,79.9,585,0
2023-03-22 01:16:00,1418,1380,5928,1672,156,3207,0,5618,75.3,602,0
2023-03-22 01:20:00,1433,1419,7812,1484,146,2913,0,7918,70.6,2731,0
2023-03-22 01:24:00,1440,1375,6247,1933,163,2807,0,5609,72.6,572,0
2023-03-22 01:28:00,1404,1346,5576,2342,141,3366,0,5652,73.4,584,0
2023-03-22 01:32:00,1411,1394,5350,1605,143,3049,0,5028,74.9,593,0
2023-03-22 01:36:00,1795,1445,5989,1698,144,3152,0,6132,77.9,577,0
2023-03-22 01:40:00,1429,1432,6877,1578,142,3301,0,6425,77.7,1899,0
2023-03-22 01:44:00,1456,1377,6027,1856,138,3261,0.197,5919,78.7,585,0
2023-03-22 01:48:00,1446,1360,6499,2380,143,3087,0,5949,80.0,583,0
2023-03-22 01:52:00,1437,1380,10879,1633,152,2957,0,12997,77.6,8058,0
2023-03-22 01:56:00,1490,1360,5053,1626,150,3159,0,5503,81.0,581,0
2023-03-22 02:00:00,1421,1465,5923,1991,142,2854,0,5828,76.9,589,0
2023-03-22 02:04:00,1466,1368,6232,1971,162,2898,0,5948,80.7,712,0
2023-03-22 02:08:00,1406,1388,6326,1901,145,3064,0,6101,79.1,603,0
2023-03-22 02:12:00,1467,1359,5872,1632,151,2882,0.315,5833,77.9,585,0
2023-03-22 02:16:00,1425,1363,5587,1764,138,2976,0,5625,77.3,574,0
2023-03-22 02:20:00,1478,1445,5541,1930,141,3038,0,5490,78.5,589,0
2023-03-22 02:24:00,1403,1374,6464,2339,146,3043,0,6415,80.1,1137,0
2023-03-22 02:28:00,1451,1354,6108,1559,148,3208,0,5705,78.8,590,0
2023-03-22 02:32:00,1466,1348,5959,1588,157,2999,0,5568,77.8,580,0
2023-03-22 02:36:00,1723,1418,6487,1919,146,2996,0,6205,76.6,594,0
2023-03-22 02:40:00,1470,1433,5333,1700,148,3203,0,5898,79.3,588,0
2023-03-22 02:44:00,1451,1351,6546,2019,150,3184,0,6910,79.0,2251,0
2023-03-22 02:48:00,1383,1362,5766,1644,144,3074,0,5545,79.8,607,0
2023-03-22 02:52:00,1437,1362,6048,1566,156,2991,0,5729,77.5,582,0
2023-03-22 02:56:00,3072,1438,7764,2110,147,3054,0.222,7554,79.7,594,0
2023-03-22 03:00:00,1410,1473,5899,2278,150,3073,0,5909,79.6,580,0
2023-03-22 03:04:00,1388,1333,7124,1575,151,3096,0,7426,74.1,3679,0
2023-03-22 03:08:00,1425,1339,5280,1633,151,3194,0,5427,75.1,588,0
2023-03-22 03:12:00,1398,1357,6755,1605,154,3156,0,6067,79.9,595,0
2023-03-22 03:16:00,1420,1367,6245,2017,157,3121,0,5974,80.2,578,0
2023-03-22 03:20:00,1411,1427,6341,2370,161,3060,0,6067,84.9,583,0
2023-03-22 03:24:00,1416,1343,8267,1642,160,3033,0,9114,78.3,4797,0
2023-03-22 03:28:00,3318,1363,6875,1615,149,3057,0,6115,77.8,589,0
2023-03-22 03:32:00,1398,1379,6110,1974,167,2851,0,6023,78.0,575,0
2023-03-22 03:36:00,1725,1405,6342,1736,165,2835,0,6367,71.3,580,0
2023-03-22 03:40:00,1378,1417,5941,1758,167,3281,0,5790,76.4,593,0
2023-03-22 03:44:00,1381,1341,9428,1541,148,3130,0,9290,73.1,4829,0
2023-03-22 03:48:00,1403,1346,5160,1693,160,2907,0,5421,76.9,586,0
2023-03-22 03:52:00,1458,1338,5507,1953,146,2821,0,5284,78.5,588,0
2023-03-22 03:56:00,2858,1392,12970,2327,145,3137,0,14354,79.9,8115,0
2023-03-22 04:00:00,1406,1454,5925,1666,144,3063,0,5624,78.3,583,0
2023-03-22 04:04:00,1443,1385,6130,1586,161,3335,0,5689,78.9,587,0
2023-03-22 04:08:00,1454,1361,5605,1664,152,3117,0,5488,79.4,582,0
2023-03-22 04:12:00,1457,1367,5400,1765,138,3168,0.236,5104,79.3,576,0
2023-03-22 04:16:00,1436,1384,8626,2288,150,3084,0,9674,79.3,4018,0
2023-03-22 04:20:00,1402,1428,5805,1503,147,3450,0,5602,73.2,582,0
2023-03-22 04:24:00,3224,1318,7310,1521,152,3084,0,7200,72.0,597,0
2023-03-22 04:28:00,1375,1333,6056,1884,134,3325,0,6121,74.2,583,0
2023-03-22 04:32:00,1402,1362,5745,1941,134,3213,0,5867,75.8,589,0
2023-03-22 04:36:00,1783,1423,6790,1698,148,3153,0.204,7656,78.7,2846,0
2023-03-22 04:40:00,1466,1463,5774,1610,145,2943,0,5663,78.2,602,0
2023-03-22 04:44:00,1426,1355,6141,1642,161,3245,0,5663,78.9,577,0
2023-03-22 04:48:00,1433,1377,6033,2042,152,3098,0,5609,80.6,584,0
2023-03-22 04:52:00,1438,1374,6099,2273,150,2971,0,5829,83.4,577,0
2023-03-22 04:56:00,1464,1398,6518,1640,157,3042,0,7169,79.1,841,0
2023-03-22 05:00:00,1490,1431,5091,1568,148,2973,0,5185,80.5,599,0
2023-03-22 05:04:00,1494,1399,5889,1648,139,3172,0,5581,81.0,585,0
2023-03-22 05:08:00,1467,1383,5965,1615,149,3048,0,5672,81.7,587,0
2023-03-22 05:12:00,1491,1395,6393,2364,154,3073,0,5992,82.3,583,0
2023-03-22 05:16:00,3235,1361,6859,1798,137,3163,0.206,7096,81.4,590,0
2023-03-22 05:20:00,1516,1458,5493,1704,157,3188,0,4975,79.5,594,0
2023-03-22 05:24:00,1470,1374,5029,1899,147,3037,0,5077,84.2,585,0
2023-03-22 05:28:00,1458,1399,5986,2352,150,3043,0,6022,83.3,593,0
2023-03-22 05:32:00,3157,1396,6544,1663,150,3227,0,6385,83.0,599,0
2023-03-22 05:36:00,1760,1419,6433,1661,152,3102,0,6255,79.3,582,0
2023-03-22 05:40:00,1439,1426,6120,1565,151,3315,0,5899,80.5,578,0
2023-03-22 05:44:00,1510,1393,5432,1966,152,3119,0,5491,80.7,569,0
2023-03-22 05:48:00,2931,1384,6467,2400,146,3137,0,7018,78.4,576,0
2023-03-22 05:52:00,1407,1385,5821,1606,150,3065,0,5654,81.6,590,0
2023-03-22 05:56:00,1500,1381,6107,1745,146,3013,0,5957,80.0,604,0
2023-03-22 06:00:00,1458,1460,6204,1903,148,2929,0,6007,80.9,588,0
2023-03-22 06:04:00,1461,1378,5817,1591,153,2980,0,5551,77.5,592,0.387
2023-03-22 06:08:00,1441,1374,5710,2163,151,3293,0,6860,83.5,580,0.327
2023-03-22 06:12:00,1468,1373,5499,1635,151,3336,0.245,5613,80.3,588,0
2023-03-22 06:16:00,1474,1385,6006,1743,153,2971,0,5852,80.7,576,0
2023-03-22 06:20:00,1493,1467,6185,2017,151,3187,0,5661,83.3,646,0
2023-03-22 06:24:00,1481,1384,6128,2285,146,3173,0,5606,84.2,598,0
2023-03-22 06:28:00,1476,1388,5839,1661,142,3072,0,5627,80.0,591,0
2023-03-22 06:32:00,1460,1364,5298,1656,153,3086,0,5527,82.7,571,0
2023-03-22 06:36:00,1782,1435,5401,1946,155,2923,0,5605,79.6,595,0
2023-03-22 06:40:00,1433,1473,6370,1897,145,3148,0.170,6391,82.7,779,0
2023-03-22 06:44:00,1469,1410,6038,2384,151,3063,0,5632,82.6,594,0
2023-03-22 06:48:00,1437,1386,5929,1676,157,3262,0,5593,80.5,598,0
2023-03-22 06:52:00,3328,1408,6956,1639,145,3118,0,7199,91.8,582,0
2023-03-22 06:56:00,1435,1374,5339,2077,149,3370,0,5324,82.3,589,0
2023-03-22 07:00:00,1402,1446,5793,1699,142,3145,0,5735,78.5,1485,0.320
2023-03-22 07:04:00,1433,1396,6144,1795,143,3173,0,5889,81.7,584,0
2023-03-22 07:08:00,1453,1419,5955,1665,159,3215,0,5714,78.6,575,0
2023-03-22 07:12:00,1467,1393,5876,1682,154,3065,0.221,5672,78.2,582,0
2023-03-22 07:16:00,1442,1394,5856,2052,145,2919,0.245,5436,76.6,579,0
2023-03-22 07:20:00,1430,1416,5500,2371,160,3285,0.208,6238,72.0,2506,0
2023-03-22 07:24:00,1381,1352,5916,1577,147,3399,0,5670,72.1,600,0
2023-03-22 07:28:00,1380,1358,6162,1710,147,3254,0,5295,73.6,594,0
2023-03-22 07:32:00,1408,1352,5930,1967,138,3272,0,5838,73.8,583,0
2023-03-22 07:36:00,1767,1425,6308,1676,163,3129,0,6010,79.3,601,0
2023-03-22 07:40:00,3043,1425,8315,2382,151,2954,0.190,8785,81.1,2849,0
2023-03-22 07:44:00,1495,1374,4899,1586,153,3070,0,5237,81.3,591,0
2023-03-22 07:48:00,1459,1384,5927,1609,138,3077,0,5596,80.4,590,0
2023-03-22 07:52:00,1488,1382,6030,2050,149,2959,0,5763,82.6,572,0
2023-03-22 07:56:00,1481,1369,6177,2384,144,3071,0,6077,82.1,560,0
2023-03-22 08:00:00,1461,1459,8106,1592,156,3172,0,8069,81.3,2806,0
2023-03-22 08:04:00,1471,1408,5707,1634,151,2988,0,4831,80.9,592,0.365
2023-03-22 08:08:00,1465,1417,5008,1673,148,2750,0,5272,81.2,567,0.331
2023-03-22 08:12:00,1482,1371,6158,2131,146,3218,0,5822,81.2,586,0
2023-03-22 08:16:00,1492,1394,6343,2459,147,3035,0,6367,82.5,596,0
2023-03-22 08:20:00,1474,1483,8441,1609,150,3158,0,9071,81.7,4320,0
2023-03-22 08:24:00,1522,1403,5753,1609,148,2788,0,5329,83.1,586,0
2023-03-22 08:28:00,1491,1398,5119,2073,154,3142,0,5307,82.4,592,0
2023-03-22 08:32:00,1430,1383,5248,1781,151,3122,0,4763,78.9,601,0
2023-03-22 08:36:00,1829,1435,6481,2229,154,3175,0.254,6328,80.7,594,0
2023-03-22 08:40:00,2875,1456,10231,1639,144,3070,0,11343,78.6,4294,0
2023-03-22 08:44:00,1451,1383,6031,1591,140,3284,0,5485,78.4,587,0
2023-03-22 08:48:00,1475,1393,6517,2043,145,2986,0,6055,77.1,591,0
2023-03-22 08:52:00,1469,1370,5328,2310,166,3090,0,5270,80.1,589,0
2023-03-22 08:56:00,1435,1328,5816,1616,146,3025,0,5828,70.1,575,0
2023-03-22 09:00:00,1470,1436,8768,1580,156,3184,0,10341,79.7,5425,0
2023-03-22 09:04:00,1475,1409,6113,1648,145,3232,0,5725,84.9,587,0
2023-03-22 09:08:00,1478,1404,6046,1977,145,3249,0,5751,80.0,588,0
2023-03-22 09:12:00,1439,1356,5608,2301,155,3100,0,5411,83.1,568,0
2023-03-22 09:16:00,1445,1396,5437,1723,142,3149,0,4964,80.5,588,0
2023-03-22 09:20:00,1458,1468,9171,1618,158,2787,0,9911,79.2,5095,0
2023-03-22 09:24:00,1416,1414,6052,1956,148,2995,0,5825,79.3,583,0
2023-03-22 09:28:00,1455,1383,6040,1782,150,3117,0,5499,79.5,567,0
2023-03-22 09:32:00,1435,1363,5705,2015,149,3046,0,5626,79.2,577,0
2023-03-22 09:36:00,1779,1436,5585,1748,146,3043,0,5585,81.1,577,0
2023-03-22 09:40:00,1498,1465,9005,1624,144,2919,0,10429,81.7,6052,0
2023-03-22 09:44:00,1519,1395,6068,1954,155,3194,0,5933,83.0,580,0
2023-03-22 09:48:00,1438,1393,6195,2510,154,2992,0,5948,82.2,585,0
2023-03-22 09:52:00,1488,1378,6003,1572,159,2892,0,5805,80.0,601,0
2023-03-22 09:56:00,1467,1429,5803,1735,152,3051,0,5396,79.7,583,0
2023-03-22 10:00:00,1476,1432,8047,1816,148,3033,0,9469,81.2,5339,0
2023-03-22 10:04:00,1427,1384,5854,1560,143,3084,0,5819,79.7,587,0
2023-03-22 10:08:00,1410,1356,6064,2345,157,3248,0,5863,74.1,584,0.361
2023-03-22 10:12:00,1391,1338,5882,1578,135,3105,0,5731,74.3,592,0.421
2023-03-22 10:16:00,1411,1349,6116,1623,158,2976,0,5737,75.2,585,0
2023-03-22 10:20:00,1394,1423,8406,1898,151,3302,0,9159,78.7,4424,0
2023-03-22 10:24:00,1449,1383,5261,2022,146,3088,0,4953,81.9,585,0
2023-03-22 10:28:00,1387,1355,5624,2000,146,3497,0.264,5830,75.3,571,0
2023-03-22 10:32:00,1413,1394,6164,1614,136,3187,0,5637,79.9,572,0
2023-03-22 10:36:00,1731,1399,6013,1733,156,2992,0,5790,76.6,584,0
2023-03-22 10:40:00,1413,1436,7840,1926,143,3077,0,8555,75.0,3677,0
2023-03-22 10:44:00,1402,1353,5539,2346,156,3079,0,5879,72.9,567,0
2023-03-22 10:48:00,1390,1349,5074,1552,138,3374,0,5095,74.4,567,0
2023-03-22 10:52:00,1433,1358,5798,1631,151,2961,0,5526,78.2,587,0
2023-03-22 10:56:00,1411,1337,6179,2011,150,3074,0,5730,73.0,597,0
2023-03-22 11:00:00,1427,1435,6881,1574,152,3231,0,7200,70.8,2646,0
2023-03-22 11:04:00,1475,1406,6089,2109,145,2948,0,5973,83.6,579,0
2023-03-22 11:08:00,1373,1350,5492,1552,150,3257,0,5150,72.7,586,0
2023-03-22 11:12:00,1428,1351,10153,1637,164,3143,0,12608,78.1,7889,0.451
2023-03-22 11:16:00,1390,1342,6014,1959,162,3272,0,5877,72.0,587,0.303
2023-03-22 11:20:00,2847,1415,7334,2182,143,3141,0,7550,79.2,602,0
2023-03-22 11:24:00,1429,1342,6028,1563,165,3046,0,5829,78.5,571,0
2023-03-22 11:28:00,1447,1365,6200,1569,155,2950,0,5928,76.2,586,0
2023-03-22 11:32:00,1427,1373,5365,1586,145,3281,0,5084,80.8,604,0
2023-03-22 11:36:00,1757,1428,5697,1862,144,3083,0,5375,79.3,592,0
2023-03-22 11:40:00,1506,1466,6249,2314,138,2987,0,6241,84.8,583,0
2023-03-22 11:44:00,1414,1384,6030,1599,146,2808,0,5781,78.4,857,0
2023-03-22 11:48:00,1471,1358,5887,1657,150,2754,0,5467,86.7,570,0
2023-03-22 11:52:00,1419,1344,5799,1951,148,3022,0,5665,78.7,582,0
2023-03-22 11:56:00,1468,1363,5617,2005,148,2957,0,5819,78.8,584,0
2023-03-22 12:00:00,1480,1437,5197,1943,138,3180,0,5455,82.6,594,0
2023-03-22 12:04:00,1430,1377,7056,1581,158,3026,0,7049,79.9,1646,0
2023-03-22 12:08:00,1465,1371,6067,1637,135,3111,0,5741,79.8,599,0
2023-03-22 12:12:00,1428,1359,6138,1967,141,3101,0,5911,78.6,572,0
2023-03-22 12:16:00,1415,1346,6039,2261,157,3211,0,5555,74.7,575,0.350
2023-03-22 12:20:00,1404,1404,4834,1502,144,3136,0,4907,73.6,592,0
2023-03-22 12:24:00,1380,1344,5877,1636,147,3074,0,5597,72.8,589,0
2023-03-22 12:28:00,1453,1375,5845,1985,162,3140,0.266,6021,79.2,596,0
2023-03-22 12:32:00,1494,1383,5893,1609,154,2996,0,5609,78.0,593,0
2023-03-22 12:36:00,1901,1424,6317,2583,142,3120,0,6217,79.0,592,0
2023-03-22 12:40:00,1411,1453,5766,1677,149,2819,0,5476,79.7,583,0
2023-03-22 12:44:00,1469,1381,4769,1560,148,2845,0,4975,80.3,594,0
2023-03-22 12:48:00,1425,1375,5641,1888,154,3310,0,5781,78.0,589,0
2023-03-22 12:52:00,1482,1355,6024,2000,143,3159,0.203,5699,80.2,586,0
2023-03-22 12:56:00,1430,1360,6210,1997,147,2938,0,5653,80.5,574,0
2023-03-22 13:00:00,1456,1432,5736,1638,154,3171,0,5786,78.5,572,0
2023-03-22 13:04:00,1443,1369,6067,1614,157,3276,0,5945,80.2,595,0
2023-03-22 13:08:00,1469,1344,5011,2050,157,3015,0,5170,82.6,591,0
2023-03-22 13:12:00,1448,1369,5527,2293,144,3058,0,6154,80.8,572,0
2023-03-22 13:16:00,1449,1380,6333,1714,145,3087,0,5713,80.9,580,0
2023-03-22 13:20:00,1436,1467,5852,1600,141,3004,0,5732,78.0,589,0
2023-03-22 13:24:00,1412,1375,6181,2043,145,2811,0,6056,79.5,595,0
2023-03-22 13:28:00,1433,1407,5327,1810,154,2863,0,5817,80.6,596,0
2023-03-22 13:32:00,2994,1384,6149,2004,161,3327,0,5761,81.4,590,0
2023-03-22 13:36:00,1751,1414,6370,1734,146,3065,0,6041,80.6,575,0
2023-03-22 13:40:00,1485,1441,5926,1619,151,2920,0,5641,81.4,573,0
2023-03-22 13:44:00,1440,1360,5775,2017,144,3057,0,5588,79.3,581,0
2023-03-22 13:48:00,1446,1365,5791,2018,157,2974,0,5637,79.7,583,0
2023-03-22 13:52:00,1439,1368,5393,1594,148,3193,0,5369,79.5,593,0
2023-03-22 13:56:00,1460,1363,5669,1663,143,2937,0.195,5486,80.2,583,0
2023-03-22 14:00:00,1426,1442,6085,1701,148,3077,0,5771,80.0,588,0
2023-03-22 14:04:00,1483,1346,6134,1600,157,3119,0,5642,82.5,583,0
2023-03-22 14:08:00,1459,1340,6202,2368,154,3011,0,5855,79.2,580,0
2023-03-22 14:12:00,1425,1359,5695,1581,144,2983,0,5477,73.4,580,0
2023-03-22 14:16:00,1399,1343,4893,1640,166,2887,0,5038,72.6,584,0
2023-03-22 14:20:00,1412,1398,5840,1869,143,3120,0,5818,71.7,600,0.398
2023-03-22 14:24:00,1376,1368,5995,1991,145,3099,0.268,5710,74.5,592,0
2023-03-22 14:28:00,1407,1360,6294,1904,137,2945,0,5800,76.5,592,0
2023-03-22 14:32:00,1398,1363,5823,1575,154,3068,0,5531,73.0,590,0
2023-03-22 14:36:00,1629,1405,6162,1628,140,3018,0,5617,73.7,573,0
2023-03-22 14:40:00,1473,1443,4759,1979,151,2894,0,5232,78.5,596,0
2023-03-22 14:44:00,1449,1358,5927,2126,149,2974,0,5891,79.9,597,0
2023-03-22 14:48:00,1441,1367,5924,1647,151,3002,0,5563,78.5,581,0
2023-03-22 14:52:00,1471,1373,6002,1685,151,2919,0,5316,79.9,586,0
2023-03-22 14:56:00,1500,1424,6069,2095,148,2940,0,5903,83.1,575,0
2023-03-22 15:00:00,1395,1447,5256,1557,152,3004,0,5605,78.1,586,0
2023-03-22 15:04:00,1428,1385,5059,2275,155,2940,0,5326,88.1,584,0
2023-03-22 15:08:00,1402,1367,5719,1681,167,3066,0,5630,77.8,579,0
2023-03-22 15:12:00,1420,1343,5941,1599,131,3224,0,5782,77.5,580,0
2023-03-22 15:16:00,1488,1354,6116,1989,136,2850,0,6050,79.0,596,0
2023-03-22 15:20:00,1478,1422,5974,1798,136,3130,0,5765,81.9,569,0.280
2023-03-22 15:24:00,1444,1361,5765,2015,151,3227,0,4945,77.5,579,0
2023-03-22 15:28:00,1431,1356,4872,1582,151,3004,0,5135,75.4,579,0
2023-03-22 15:32:00,1434,1377,5841,1567,147,3205,0,5596,77.2,571,0
2023-03-22 15:36:00,1825,1413,6676,1849,145,3080,0,6195,77.2,586,0
2023-03-22 15:40:00,3163,1456,7646,2283,146,3218,0,7709,79.0,585,0
2023-03-22 15:44:00,1417,1356,5693,1593,158,3016,0,5330,78.1,574,0
2023-03-22 15:48:00,1385,1350,5561,1572,148,2998,0,5535,73.6,579,0
2023-03-22 15:52:00,1435,1350,5720,2022,171,3021,0,5343,80.7,591,0
2023-03-22 15:56:00,1418,1361,6137,1684,174,3009,0,6141,72.0,588,0
2023-03-22 16:00:00,1427,1429,6111,1974,145,3019,0,5801,78.9,582,0
2023-03-22 16:04:00,1414,1377,6026,1642,149,3220,0,5507,78.1,588,0
2023-03-22 16:08:00,1428,1368,5218,1598,163,2972,0,5341,77.7,596,0
2023-03-22 16:12:00,1419,1363,5021,1971,143,3210,0,5473,82.4,599,0
2023-03-22 16:16:00,1426,1362,5535,2008,155,2898,0,5591,77.6,582,0
2023-03-22 16:20:00,1417,1429,5855,1590,146,3284,0,5955,78.7,569,0
2023-03-22 16:24:00,1443,1351,5920,1587,163,3154,0,5612,78.1,581,0
2023-03-22 16:28:00,1423,1332,6067,1898,164,3171,0,5882,79.8,589,0
2023-03-22 16:32:00,1424,1343,5965,1644,145,2946,0,5350,76.7,590,0
2023-03-22 16:36:00,1821,1402,5756,2417,150,3139,0,6287,81.0,571,0
2023-03-22 16:40:00,1484,1469,6017,1569,156,2843,0,5779,80.8,591,0
2023-03-22 16:44:00,1425,1354,5950,1626,148,3141,0.255,5592,78.6,572,0
2023-03-22 16:48:00,1456,1365,6048,2077,150,3132,0,5998,87.7,569,0
2023-03-22 16:52:00,1506,1389,6115,2001,146,3065,0,5843,82.3,582,0
2023-03-22 16:56:00,1462,1369,5864,1979,167,3178,0,5436,81.6,580,0
2023-03-22 17:00:00,1421,1479,5198,1681,149,2943,0,5069,81.5,596,0
2023-03-22 17:04:00,1420,1352,5676,1748,145,3164,0,5742,78.6,583,0
2023-03-22 17:08:00,1441,1335,5872,1947,139,2855,0,5847,79.0,581,0
2023-03-22 17:12:00,1493,1374,6072,2134,148,3157,0,5935,81.5,576,0
2023-03-22 17:16:00,1431,1353,5927,1729,152,3047,0,6199,79.5,579,0
2023-03-22 17:20:00,1388,1419,5650,1532,146,3340,0,5292,71.5,590,0
2023-03-22 17:24:00,1422,1335,5153,1879,153,3153,0,4928,74.3,586,0
2023-03-22 17:28:00,1467,1357,5905,1619,150,2885,0,5639,80.1,582,0
2023-03-22 17:32:00,1394,1386,6032,2278,144,3149,0,6021,82.4,593,0
2023-03-22 17:36:00,1811,1430,6351,1695,146,3063,0,6174,81.1,569,0
2023-03-22 17:40:00,3234,1473,7404,1653,147,2898,0.265,7582,76.6,584,0
2023-03-22 17:44:00,1473,1356,4956,1993,147,3112,0,5320,78.9,589,0
2023-03-22 17:48:00,1479,1356,5279,1950,143,3083,0,5145,80.3,565,0
2023-03-22 17:52:00,1453,1366,5962,1761,156,2996,0,5537,83.1,577,0
2023-03-22 17:56:00,1467,1392,5883,1724,134,3124,0.238,5917,79.7,596,0
2023-03-22 18:00:00,1458,1481,5898,1743,147,3370,0.206,5785,82.5,585,0
2023-03-22 18:04:00,1413,1387,5768,1763,149,3234,0,5487,78.6,602,0
2023-03-22 18:08:00,1487,1364,5906,2429,155,3229,0,5417,82.4,588,0
2023-03-22 18:12:00,1474,1380,5505,1593,147,3023,0,5495,80.6,585,0
2023-03-22 18:16:00,1461,1374,6319,1742,161,3273,0,5933,79.7,578,0
2023-03-22 18:20:00,1452,1433,6026,1981,145,3044,0.286,6048,79.0,595,0
2023-03-22 18:24:00,1401,1341,6194,1809,163,3345,0,5673,76.8,568,0
2023-03-22 18:28:00,1441,1374,5827,2031,145,3253,0,5587,79.8,595,0
2023-03-22 18:32:00,1381,1359,4928,1586,150,2965,0,5117,80.5,583,0
2023-03-22 18:36:00,1790,1426,5755,1700,153,3021,0,5727,79.2,576,0
2023-03-22 18:40:00,1421,1452,5946,1878,147,3036,0,6089,80.5,590,0
2023-03-22 18:44:00,1450,1356,6445,2178,151,3054,0,5830,82.9,566,0
2023-03-22 18:48:00,3070,1374,7562,1649,139,2879,0,7436,78.7,591,0
2023-03-22 18:52:00,1454,1378,5552,1600,153,3094,0,5507,79.3,588,0
2023-03-22 18:56:00,1437,1346,5279,2053,146,3093,0,5243,79.7,587,0
2023-03-22 19:00:00,1456,1433,5984,1579,145,3186,0,5812,79.3,583,0
2023-03-22 19:04:00,1436,1356,6035,2418,158,3299,0,5704,79.2,581,0
2023-03-22 19:08:00,1481,1364,5811,1627,159,3388,0,5724,80.6,583,0
2023-03-22 19:12:00,1436,1358,5994,1593,143,3024,0,5837,77.4,588,0
2023-03-22 19:16:00,1483,1345,5758,2001,151,3445,0,5751,84.6,603,0
2023-03-22 19:20:00,1433,1442,5569,1954,140,3015,0,5052,76.8,590,0
2023-03-22 19:24:00,1480,1350,6116,1978,151,2867,0,5924,81.4,590,0
2023-03-22 19:28:00,1405,1372,5938,1597,142,3279,0,5839,81.1,583,0.493
2023-03-22 19:32:00,1408,1384,6132,1572,157,2851,0,5701,78.4,581,0
2023-03-22 19:36:00,1816,1429,6408,2090,144,3195,0,6158,81.7,580,0
2023-03-22 19:40:00,1459,1477,5767,2155,144,2933,0,5542,79.9,578,0
2023-03-22 19:44:00,1441,1370,5013,1589,148,3175,0,5087,77.4,597,0
2023-03-22 19:48:00,1421,1366,5887,1608,152,3066,0,5653,78.7,578,0
2023-03-22 19:52:00,1467,1382,5946,1918,140,3096,0,5659,79.9,588,0
2023-03-22 19:56:00,1409,1358,6237,1645,150,2881,0,5907,73.8,588,0
2023-03-22 20:00:00,1455,1459,8086,2032,140,3112,0,8268,82.8,3016,0
2023-03-22 20:04:00,1450,1388,5296,1632,153,3052,0,5480,79.4,589,0
2023-03-22 20:08:00,1453,1379,5489,1615,165,3221,0,5357,80.6,572,0
2023-03-22 20:12:00,1506,1368,11815,1953,143,3359,0,13924,81.3,8061,0
2023-03-22 20:16:00,1459,1389,6186,1952,140,3148,0,5785,78.7,576,0
2023-03-22 20:20:00,1503,1485,6011,1979,145,2887,0,5677,80.2,600,0
2023-03-22 20:24:00,1400,1368,5581,1553,145,3036,0,5494,77.5,576,0
2023-03-22 20:28:00,1428,1366,5096,1756,155,3180,0,5134,77.2,579,0
2023-03-22 20:32:00,1447,1370,5808,1547,144,2799,0,5519,79.0,574,0
2023-03-22 20:36:00,1743,1397,6543,2416,148,2992,0,6419,82.4,574,0.359
2023-03-22 20:40:00,1366,1449,5946,1584,154,2800,0,5790,79.8,581,0
2023-03-22 20:44:00,1364,1361,6107,1566,152,2795,0,5536,74.0,586,0
2023-03-22 20:48:00,1419,1343,5755,1975,144,3095,0,5388,78.0,581,0
2023-03-22 20:52:00,1445,1377,4912,1593,170,3097,0,5274,78.7,591,0
2023-03-22 20:56:00,1413,1361,5959,1997,150,3212,0,5574,79.9,608,0
2023-03-22 21:00:00,1415,1450,5882,1579,135,2964,0,5921,75.3,573,0
2023-03-22 21:04:00,1418,1380,6127,1535,146,2914,0,6563,78.8,1341,0
2023-03-22 21:08:00,1434,1404,5775,1848,144,3039,0,5769,78.6,575,0.429
2023-03-22 21:12:00,1441,1349,5735,2079,156,2974,0,5702,74.5,599,0
2023-03-22 21:16:00,3405,1357,6715,1969,146,3257,0,6811,71.7,605,0
2023-03-22 21:20:00,1422,1403,5430,1548,161,3240,0,5486,73.7,567,0
2023-03-22 21:24:00,1413,1366,7517,2010,154,2857,0,7470,79.3,2235,0
2023-03-22 21:28:00,1437,1371,5962,1582,157,3360,0.245,5673,81.0,590,0
2023-03-22 21:32:00,1458,1384,6242,2206,144,3002,0,5996,81.4,595,0
2023-03-22 21:36:00,1680,1432,5940,1708,150,2984,0,6057,80.3,571,0
2023-03-22 21:40:00,1389,1440,4977,1636,132,2997,0,5117,78.8,598,0
2023-03-22 21:44:00,1452,1371,8353,1932,154,2963,0,8421,80.0,3447,0
2023-03-22 21:48:00,1452,1384,6517,2032,138,3352,0,6348,78.8,601,0
2023-03-22 21:52:00,1412,1404,6087,1977,149,3078,0,5825,80.9,589,0
2023-03-22 21:56:00,3093,1396,7491,1717,155,3127,0.252,7464,81.3,587,0
2023-03-22 22:00:00,1456,1445,5445,1850,150,3379,0,5578,80.8,576,0
2023-03-22 22:04:00,1446,1369,7703,1694,155,3042,0,9051,77.1,4759,0
2023-03-22 22:08:00,1432,1363,6146,2031,143,2944,0,5561,81.8,588,0
2023-03-22 22:12:00,1448,1390,5972,1624,138,3201,0,6340,80.5,573,0
2023-03-22 22:16:00,1436,1340,6272,1625,150,3048,0.216,5939,78.3,583,0
2023-03-22 22:20:00,1384,1428,6100,1946,157,3123,0.222,5329,81.2,595,0
2023-03-22 22:24:00,1386,1380,9231,1600,159,3384,0,10134,80.6,4731,0
2023-03-22 22:28:00,1468,1376,5231,2424,143,3315,0,5428,82.4,582,0
2023-03-22 22:32:00,1412,1385,5613,1589,153,3087,0,5590,81.0,592,0.354
2023-03-22 22:36:00,1822,1402,6343,1706,138,3199,0,6043,80.4,591,0
2023-03-22 22:40:00,1438,1488,5829,1907,141,3081,0.191,5748,80.9,597,0
2023-03-22 22:44:00,1436,1367,9362,2087,153,2779,0,9847,78.3,4929,0.394
2023-03-22 22:48:00,1449,1354,5172,1953,152,3151,0,5194,78.5,591,0
2023-03-22 22:52:00,1417,1328,5410,1552,153,3188,0,5318,73.0,601,0
2023-03-22 22:56:00,1436,1371,5901,1870,145,2889,0,5930,80.8,580,0
2023-03-22 23:00:00,2864,1443,7497,1608,152,3007,0,7500,79.4,590,0
2023-03-22 23:04:00,1466,1374,8597,2355,143,3447,0,9634,79.5,3771,0
2023-03-22 23:08:00,1475,1387,5873,1636,136,3010,0,5562,78.6,605,0.299
2023-03-22 23:12:00,1488,1397,5132,1695,171,2998,0,5125,81.3,592,0
2023-03-22 23:16:00,1471,1368,11352,2170,156,2857,0,13108,84.7,8014,0
2023-03-22 23:20:00,1460,1433,5809,1898,150,3172,0,5820,81.6,573,0
2023-03-22 23:24:00,1468,1373,5858,1933,154,3115,0,5942,86.3,575,0
2023-03-22 23:28:00,1406,1401,5827,1555,161,3130,0.195,5980,78.5,575,0
2023-03-22 23:32:00,1431,1397,5577,1608,152,2963,0,5605,77.4,571,0
2023-03-22 23:36:00,1834,1395,5804,2035,148,3061,0,5590,78.5,595,0
2023-03-22 23:40:00,1467,1429,6007,1945,153,3311,0,5736,80.8,588,0
2023-03-22 23:44:00,2742,1355,7571,1885,146,2873,0,7055,80.1,590,0
2023-03-22 23:48:00,1450,1339,5905,1600,157,2806,0,5668,72.2,585,0
2023-03-22 23:52:00,1427,1356,6015,1923,137,3340,0,5503,72.6,592,0
2023-03-22 23:56:00,1401,1345,6333,1655,157,3229,0,6395,73.0,587,0
2023-03-23 00:00:00,1366,1431,5239,2405,151,2865,0,5188,71.9,592,0
2023-03-23 00:04:00,1359,1341,5865,1560,140,3055,0,5807,74.3,585,0
2023-03-23 00:08:00,1409,1347,5939,1667,146,3292,0,5899,75.9,571,0
2023-03-23 00:12:00,1407,1364,5924,1974,155,3266,0,5721,75.8,589,0
2023-03-23 00:16:00,1414,1372,6125,2010,147,2872,0.256,5987,76.3,577,0
2023-03-23 00:20:00,1422,1435,5325,1896,145,2983,0,5278,70.4,583,0
2023-03-23 00:24:00,1467,1390,5178,1554,159,2904,0,5128,78.9,595,0
2023-03-23 00:28:00,1448,1385,5898,1874,162,3050,0,5549,80.1,593,0
2023-03-23 00:32:00,1477,1371,6110,1757,154,3002,0,5584,79.2,585,0
2023-03-23 00:36:00,1856,1426,6772,2283,136,2895,0,6274,80.6,573,0
2023-03-23 00:40:00,1465,1466,5954,1893,148,3028,0.220,5614,78.8,585,0.619
2023-03-23 00:44:00,1436,1374,5461,1648,141,2951,0.248,5673,77.8,573,0
2023-03-23 00:48:00,1487,1381,6096,2069,155,2854,0,5958,80.8,1080,0
2023-03-23 00:52:00,1467,1355,5864,1787,149,2909,0,5499,78.7,587,0
2023-03-23 00:56:00,1422,1386,6510,2248,142,3118,0,6183,80.1,572,0
2023-03-23 01:00:00,1418,1449,6045,1575,161,2999,0,5985,78.4,599,0
2023-03-23 01:04:00,1435,1308,5639,1572,154,3084,0,5694,77.4,591,0
2023-03-23 01:08:00,1433,1382,6077,2013,139,3162,0,7204,80.6,2358,0
2023-03-23 01:12:00,3086,1389,6722,2069,152,3231,0,6932,85.5,593,0
2023-03-23 01:16:00,1477,1359,6128,2101,151,3297,0,6039,79.3,591,0
2023-03-23 01:20:00,1452,1419,6178,1660,153,2941,0,5685,77.2,601,0
2023-03-23 01:24:00,1456,1371,6194,1922,154,3305,0,5856,80.8,601,0
2023-03-23 01:28:00,1447,1361,7737,1633,154,2983,0,8628,78.2,4480,0
2023-03-23 01:32:00,2856,1361,6324,2263,148,3110,0,6448,79.6,589,0
2023-03-23 01:36:00,1749,1416,6183,1808,151,3004,107,5993,80.3,587,0
2023-03-23 01:40:00,1439,1427,5689,1633,156,3065,0,5465,78.7,583,0
2023-03-23 01:44:00,1485,1380,6086,1965,144,2824,0,5813,79.4,601,0
2023-03-23 01:48:00,1428,1359,8931,1952,146,3094,0,9454,80.4,4678,0
2023-03-23 01:52:00,1395,1327,5653,1934,149,2873,0,5218,74.0,583,0
2023-03-23 01:56:00,1394,1371,5164,1670,152,3181,9.37,5170,73.8,583,0
2023-03-23 02:00:00,1403,1410,6011,1555,147,2994,0,5733,70.2,562,0
2023-03-23 02:04:00,1490,1357,6116,1927,139,2945,0,5904,78.8,589,0
2023-03-23 02:08:00,1488,1378,9141,2010,164,2969,0,9304,79.1,5673,0
2023-03-23 02:12:00,1480,1414,5872,1775,143,2882,0,5488,80.5,590,0
2023-03-23 02:16:00,1451,1360,5325,1666,154,2876,10.7,5803,77.9,602,0
2023-03-23 02:20:00,1454,1454,5668,1962,151,3132,0,5260,78.1,588,0
2023-03-23 02:24:00,1450,1352,6215,1541,146,3137,0,5716,81.3,595,0
2023-03-23 02:28:00,1480,1370,9409,2241,146,3264,0,10386,89.2,6193,0

