"Time","Load[5m] (172.16.66.87:9796)","Load[5m] (172.16.66.90:9796)","Load[5m] (172.16.66.91:9796)","Load[1m] (172.16.66.87:9796)","Load[1m] (172.16.66.90:9796)","Load[1m] (172.16.66.91:9796)","Load[15m] (172.16.66.87:9796)","Load[15m] (172.16.66.90:9796)","Load[15m] (172.16.66.91:9796)"
2023-03-04 11:00:00,0.530,1.28,0.220,0.350,0.990,0.210,0.870,1.03,0.450
2023-03-04 11:02:00,0.600,1.16,0.150,0.500,1.02,0.0600,0.850,1.01,0.400
2023-03-04 11:04:00,0.490,1.10,0.150,0.300,1.14,0.120,0.780,1,0.360
2023-03-04 11:06:00,0.470,1.39,0.240,0.350,1.75,0.500,0.740,1.12,0.370
2023-03-04 11:08:00,0.620,1.32,0.790,0.720,1.14,1.62,0.760,1.13,0.560
2023-03-04 11:10:00,0.450,1.95,0.740,0.180,2.04,0.770,0.680,1.41,0.560
2023-03-04 11:12:00,0.970,1.41,0.520,2.64,0.510,0.150,0.820,1.27,0.500
2023-03-04 11:14:00,1.42,1.48,0.360,2.85,0.900,0.0600,0.990,1.33,0.440
2023-03-04 11:16:00,1.16,1.17,0.320,1,0.640,0.220,0.950,1.23,0.410
2023-03-04 11:18:00,0.830,1.39,0.250,0.240,1.18,0.140,0.850,1.31,0.370
2023-03-04 11:20:00,0.820,2,0.280,0.590,2.29,0.220,0.850,1.55,0.370
2023-03-04 11:22:00,0.850,1.58,0.230,0.920,1.04,0.110,0.850,1.45,0.340
2023-03-04 11:24:00,0.670,1.24,0.230,0.450,0.620,0.150,0.780,1.34,0.330
2023-03-04 11:26:00,0.830,1,0.180,1.11,0.450,0.140,0.830,1.23,0.290
2023-03-04 11:28:00,1.31,0.870,0.160,1.43,0.610,0.0900,1.02,1.16,0.260
2023-03-04 11:30:00,0.960,1.48,0.110,0.350,2.31,0.0300,0.920,1.34,0.230
2023-03-04 11:32:00,0.830,1.19,0.0800,0.470,0.880,0.0200,0.880,1.25,0.210
2023-03-04 11:34:00,0.680,1.13,0.120,0.210,1.19,0.190,0.830,1.21,0.200
2023-03-04 11:36:00,0.730,1.63,0.150,0.500,2.61,0.190,0.840,1.37,0.190
2023-03-04 11:38:00,1.09,1.27,0.160,1.31,0.880,0.140,0.960,1.27,0.190
2023-03-04 11:40:00,0.800,2.16,0.210,0.330,4.94,0.330,0.870,1.56,0.200
2023-03-04 11:42:00,0.630,1.62,0.210,0.200,1.10,0.240,0.800,1.43,0.190
2023-03-04 11:44:00,0.650,1.20,0.280,0.610,0.490,0.310,0.790,1.30,0.220
2023-03-04 11:46:00,0.500,1.17,0.200,0.280,0.720,0.0900,0.710,1.29,0.190
2023-03-04 11:48:00,1.17,0.880,0.170,2.52,0.320,0.140,0.930,1.16,0.180
2023-03-04 11:50:00,1.35,0.760,0.120,1.57,0.560,0.0400,1.03,1.08,0.160
2023-03-04 11:52:00,1.21,0.900,0.110,1.10,1.19,0.110,1.01,1.09,0.150
2023-03-04 11:54:00,1,0.740,0.210,0.670,0.460,0.500,0.960,1,0.180
2023-03-04 11:56:00,0.940,0.660,0.240,0.850,0.610,0.350,0.940,0.940,0.190
2023-03-04 11:58:00,0.930,0.640,0.180,0.870,0.620,0.150,0.930,0.900,0.170
2023-03-04 12:00:00,0.740,0.550,0.160,0.640,0.390,0.0900,0.860,0.830,0.170
2023-03-04 12:02:00,0.690,1.01,0.170,0.540,1.35,0.150,0.820,0.970,0.170
2023-03-04 12:04:00,0.780,0.930,0.180,0.870,0.830,0.260,0.830,0.950,0.180
2023-03-04 12:06:00,0.890,0.780,0.180,1.31,0.460,0.180,0.860,0.890,0.180
2023-03-04 12:08:00,0.760,0.920,0.240,0.500,1.36,0.490,0.820,0.920,0.200
2023-03-04 12:10:00,0.660,1.24,0.750,0.360,1.60,1.59,0.780,1.05,0.390
2023-03-04 12:12:00,0.510,1.02,0.730,0.300,0.600,0.790,0.700,0.990,0.430
2023-03-04 12:14:00,0.520,0.920,0.540,0.420,0.770,0.220,0.690,0.960,0.390
2023-03-04 12:16:00,0.550,0.950,0.420,0.650,1.04,0.140,0.680,0.960,0.370
2023-03-04 12:18:00,0.540,0.830,0.300,0.460,0.630,0.0700,0.660,0.920,0.330
2023-03-04 12:20:00,0.490,0.860,0.300,0.370,0.920,0.170,0.620,0.920,0.330
2023-03-04 12:22:00,0.370,1.29,0.270,0.210,2.50,0.230,0.560,1.05,0.310
2023-03-04 12:24:00,0.360,0.960,0.380,0.370,0.550,0.670,0.530,0.960,0.340
2023-03-04 12:26:00,0.420,1.09,0.490,0.500,1.46,0.660,0.530,1,0.390
2023-03-04 12:28:00,0.650,1.07,0.980,0.950,1.12,2.62,0.610,1,0.560
2023-03-04 12:30:00,1.50,1.27,0.770,3.74,2.29,0.580,0.910,1.07,0.540
2023-03-04 12:32:00,1.99,1.01,0.570,2.54,0.740,0.260,1.17,0.990,0.490
2023-03-04 12:34:00,1.70,1.15,0.430,0.890,1.73,0.150,1.17,1.04,0.440
2023-03-04 12:36:00,1.34,1.06,0.350,0.880,1.17,0.210,1.09,1.01,0.410
2023-03-04 12:38:00,1.05,0.910,0.240,0.490,0.680,0.0400,1.02,0.960,0.360
2023-03-04 12:40:00,0.770,0.770,0.240,0.200,0.410,0.240,0.920,0.900,0.350
2023-03-04 12:42:00,0.600,0.740,0.250,0.190,0.630,0.240,0.840,0.880,0.340
2023-03-04 12:44:00,0.450,1.23,0.270,0.0900,1.39,0.430,0.750,1.06,0.330
2023-03-04 12:46:00,0.430,1.12,0.220,0.300,1.04,0.190,0.710,1.04,0.310
2023-03-04 12:48:00,0.330,1.05,0.170,0.120,0.810,0.140,0.640,1.02,0.270
2023-03-04 12:50:00,0.360,1.07,0.160,0.340,1.09,0.110,0.610,1.03,0.260
2023-03-04 12:52:00,0.330,1.30,0.190,0.250,1.60,0.270,0.570,1.11,0.260
2023-03-04 12:54:00,0.460,1.59,0.900,0.720,1.50,3.22,0.580,1.26,0.490
2023-03-04 12:56:00,0.750,1.83,0.710,0.930,1.58,0.600,0.690,1.40,0.470
2023-03-04 12:58:00,0.580,1.49,0.480,0.370,0.750,0.100,0.630,1.33,0.410
2023-03-04 13:00:00,0.620,1.22,0.780,0.640,0.710,0.990,0.640,1.25,0.530
2023-03-04 13:02:00,0.490,0.980,0.550,0.270,0.570,0.200,0.590,1.15,0.470
2023-03-04 13:04:00,0.500,1.43,0.390,0.370,2.11,0.100,0.580,1.29,0.420
2023-03-04 13:06:00,0.410,1.23,0.360,0.230,0.990,0.250,0.530,1.23,0.400
2023-03-04 13:08:00,0.470,1.04,0.270,0.450,0.810,0.0900,0.540,1.16,0.360
2023-03-04 13:10:00,1.32,0.770,0.190,4.03,0.270,0.0600,0.820,1.04,0.320
2023-03-04 13:12:00,1.21,0.720,0.250,1.36,0.580,0.320,0.840,0.990,0.330
2023-03-04 13:14:00,1.08,0.680,0.220,0.830,0.650,0.160,0.830,0.940,0.300
2023-03-04 13:16:00,1.10,1.24,0.200,0.960,2.42,0.210,0.880,1.10,0.280
2023-03-04 13:18:00,0.860,1.31,0.170,0.450,1.31,0.100,0.810,1.15,0.260
2023-03-04 13:20:00,0.610,1.06,0.270,0.130,0.620,0.740,0.730,1.07,0.280
2023-03-04 13:22:00,0.510,0.850,0.260,0.210,0.380,0.330,0.680,0.990,0.270
2023-03-04 13:24:00,0.470,0.800,0.210,0.440,0.750,0.0900,0.640,0.960,0.250
2023-03-04 13:26:00,0.480,1.15,0.180,0.400,1.10,0.160,0.620,1.08,0.230
2023-03-04 13:28:00,0.390,0.980,0.160,0.280,0.590,0.130,0.570,1.03,0.220
2023-03-04 13:30:00,0.520,0.850,0.130,0.940,0.600,0.0600,0.580,0.980,0.190
2023-03-04 13:32:00,1.53,0.730,0.790,2.93,0.490,2.68,0.950,0.920,0.400
2023-03-04 13:34:00,1.81,0.670,0.570,2.12,0.520,0.490,1.13,0.870,0.360
2023-03-04 13:36:00,1.41,0.690,0.400,0.830,0.780,0.120,1.07,0.850,0.330
2023-03-04 13:38:00,1.68,0.620,0.370,1.83,0.420,0.340,1.21,0.810,0.320
2023-03-04 13:40:00,1.49,1.13,0.370,1.23,1.22,0.420,1.19,0.990,0.330
2023-03-04 13:42:00,1.10,0.980,0.330,0.370,0.790,0.340,1.08,0.950,0.310
2023-03-04 13:44:00,0.830,0.840,0.310,0.270,0.680,0.240,0.980,0.900,0.310
2023-03-04 13:46:00,0.660,1.23,0.260,0.310,1.56,0.170,0.900,1.04,0.280
2023-03-04 13:48:00,0.830,1.01,0.250,0.960,0.680,0.210,0.930,0.980,0.270
2023-03-04 13:50:00,0.670,1.53,0.220,0.370,1.87,0.150,0.860,1.18,0.260
2023-03-04 13:52:00,0.680,2.23,0.190,0.640,2.57,0.210,0.840,1.50,0.240
2023-03-04 13:54:00,0.750,2.82,0.840,1.05,3.51,1.87,0.840,1.81,0.470
2023-03-04 13:56:00,0.580,2.09,0.740,0.260,1.01,0.580,0.770,1.66,0.480
2023-03-04 13:58:00,0.460,1.59,0.580,0.160,0.620,0.310,0.700,1.53,0.450
2023-03-04 14:00:00,0.480,1.27,0.430,0.500,0.650,0.140,0.670,1.42,0.420
2023-03-04 14:02:00,0.430,0.990,0.360,0.350,0.520,0.280,0.630,1.29,0.390
2023-03-04 14:04:00,0.400,0.960,0.350,0.390,0.850,0.300,0.590,1.24,0.370
2023-03-04 14:06:00,0.410,1.43,0.330,0.360,3.12,0.330,0.570,1.35,0.360
2023-03-04 14:08:00,0.420,1.10,0.400,0.530,0.700,0.630,0.550,1.24,0.380
2023-03-04 14:10:00,0.360,0.970,0.990,0.250,0.820,1.42,0.510,1.17,0.610
2023-03-04 14:12:00,0.470,1.29,0.910,0.690,2.04,0.870,0.530,1.26,0.630
2023-03-04 14:14:00,0.910,1.15,1.29,1.75,0.860,1.47,0.680,1.21,0.820
2023-03-04 14:16:00,1.84,1.04,0.900,2.86,0.890,0.300,1.07,1.16,0.730
2023-03-04 14:18:00,1.50,0.870,0.650,1.20,0.630,0.100,1.03,1.07,0.660
2023-03-04 14:20:00,1.11,0.770,0.470,0.460,0.540,0.0800,0.940,1.01,0.590
2023-03-04 14:22:00,0.870,0.860,0.330,0.310,0.820,0.0500,0.880,1.02,0.520
2023-03-04 14:24:00,0.750,0.720,0.270,0.590,0.510,0.170,0.830,0.950,0.470
2023-03-04 14:26:00,0.590,0.640,0.240,0.350,0.430,0.240,0.750,0.890,0.430
2023-03-04 14:28:00,0.430,1.16,0.200,0.170,1.53,0.130,0.680,1.06,0.390
2023-03-04 14:30:00,0.430,0.900,0.170,0.440,0.540,0.110,0.640,0.970,0.350
2023-03-04 14:32:00,0.430,1.09,0.140,0.410,1.49,0.0800,0.620,1.03,0.320
2023-03-04 14:34:00,0.490,1.55,0.150,0.550,1.87,0.190,0.620,1.22,0.300
2023-03-04 14:36:00,0.550,1.79,0.240,0.660,2.21,0.310,0.630,1.34,0.310
2023-03-04 14:38:00,0.550,1.83,0.290,0.690,1.56,0.430,0.620,1.42,0.320
2023-03-04 14:40:00,0.450,1.82,0.350,0.320,1.88,0.350,0.570,1.45,0.340
2023-03-04 14:42:00,0.470,1.41,0.260,0.540,0.830,0.120,0.560,1.34,0.310
2023-03-04 14:44:00,0.370,1.14,0.210,0.230,0.590,0.0800,0.510,1.25,0.280
2023-03-04 14:46:00,0.320,1.12,0.260,0.160,1.02,0.360,0.470,1.23,0.280
2023-03-04 14:48:00,0.290,2.06,0.270,0.240,3.85,0.270,0.440,1.54,0.280
2023-03-04 14:50:00,0.280,1.59,0.220,0.350,1.09,0.140,0.420,1.43,0.260
2023-03-04 14:52:00,0.220,1.42,0.200,0.110,1.29,0.170,0.380,1.38,0.250
2023-03-04 14:54:00,0.520,1.30,0.170,1.04,1.25,0.190,0.460,1.33,0.230
2023-03-04 14:56:00,0.720,0.980,0.200,0.980,0.400,0.230,0.550,1.21,0.230
2023-03-04 14:58:00,0.560,1.36,0.180,0.300,2.41,0.160,0.510,1.30,0.220
2023-03-04 15:00:00,0.640,1.08,0.130,0.690,0.860,0.0300,0.540,1.20,0.190
2023-03-04 15:02:00,0.520,1.04,0.170,0.330,1.29,0.100,0.510,1.16,0.200
2023-03-04 15:04:00,0.500,0.870,0.140,0.370,0.650,0.0600,0.510,1.08,0.180
2023-03-04 15:06:00,0.430,0.810,0.150,0.270,0.590,0.180,0.480,1.03,0.180
2023-03-04 15:08:00,0.430,1.19,0.150,0.610,1.33,0.160,0.470,1.15,0.170
2023-03-04 15:10:00,0.410,1.45,0.160,0.480,1.43,0.220,0.450,1.26,0.170
2023-03-04 15:12:00,0.510,1.18,0.110,0.610,0.890,0.0600,0.480,1.18,0.160
2023-03-04 15:14:00,0.410,0.930,0.130,0.250,0.580,0.110,0.440,1.09,0.160
2023-03-04 15:16:00,0.940,0.930,0.210,2.09,0.760,0.340,0.630,1.07,0.180
2023-03-04 15:18:00,1.55,0.870,0.240,2.93,0.720,0.260,0.890,1.02,0.190
2023-03-04 15:20:00,1.19,0.770,0.250,0.700,0.530,0.230,0.840,0.960,0.200
2023-03-04 15:22:00,1.14,0.800,0.360,1.05,0.700,0.760,0.870,0.960,0.230
2023-03-04 15:24:00,0.910,0.650,0.450,0.600,0.370,0.490,0.810,0.880,0.280
2023-03-04 15:26:00,0.810,0.590,0.330,0.600,0.410,0.140,0.790,0.830,0.260
2023-03-04 15:28:00,0.590,0.610,0.260,0.220,0.650,0.110,0.710,0.810,0.240
2023-03-04 15:30:00,0.520,1.15,0.210,0.380,2.01,0.150,0.670,0.980,0.220
2023-03-04 15:32:00,0.600,0.970,0.290,0.710,0.840,0.600,0.670,0.930,0.240
2023-03-04 15:34:00,0.600,0.820,0.240,0.540,0.540,0.140,0.660,0.890,0.230
2023-03-04 15:36:00,0.800,0.670,0.230,1.15,0.370,0.190,0.730,0.820,0.220
2023-03-04 15:38:00,0.690,1.25,0.700,0.600,2.26,1.49,0.700,1.02,0.400
2023-03-04 15:40:00,0.950,1.36,0.810,1.59,1.60,0.910,0.780,1.09,0.480
2023-03-04 15:42:00,0.980,1.17,0.580,1.02,0.850,0.200,0.810,1.05,0.430
2023-03-04 15:44:00,0.720,0.970,0.400,0.320,0.550,0.0700,0.740,0.990,0.380
2023-03-04 15:46:00,0.710,0.840,0.370,0.610,0.560,0.400,0.730,0.940,0.370
2023-03-04 15:48:00,0.820,1.22,0.340,1.10,1.42,0.270,0.760,1.07,0.360
2023-03-04 15:50:00,0.690,1.07,0.280,0.440,0.770,0.160,0.720,1.04,0.330
2023-03-04 15:52:00,0.590,1.74,0.300,0.440,1.51,0.370,0.680,1.33,0.330
2023-03-04 15:54:00,0.450,1.32,0.480,0.280,0.650,0.770,0.610,1.22,0.390
2023-03-04 15:56:00,0.570,1.22,0.570,0.900,1.02,0.830,0.630,1.19,0.440
2023-03-04 15:58:00,0.830,1.02,0.600,1.34,0.700,0.690,0.720,1.12,0.470
2023-03-04 16:00:00,1.22,0.910,0.430,1.96,0.660,0.200,0.880,1.06,0.420
2023-03-04 16:02:00,1.11,0.890,0.390,1.04,0.800,0.230,0.880,1.04,0.400
2023-03-04 16:04:00,1.08,0.760,0.320,0.620,0.550,0.170,0.910,0.970,0.370
2023-03-04 16:06:00,0.980,0.780,0.220,0.770,0.710,0.0400,0.900,0.960,0.330
2023-03-04 16:08:00,0.740,0.790,0.210,0.270,0.810,0.270,0.820,0.940,0.310
2023-03-04 16:10:00,0.560,0.750,0.170,0.210,0.730,0.120,0.740,0.900,0.280
2023-03-04 16:12:00,0.590,1.43,0.170,0.410,1.93,0.220,0.730,1.14,0.260
2023-03-04 16:14:00,0.430,1.32,0.190,0.170,1.17,0.160,0.650,1.14,0.260
2023-03-04 16:16:00,0.440,1.04,0.220,0.470,0.610,0.250,0.630,1.05,0.260
2023-03-04 16:18:00,0.430,1.76,0.170,0.260,2.38,0.140,0.600,1.33,0.240
2023-03-04 16:20:00,0.370,1.96,0.230,0.250,2.34,0.350,0.560,1.45,0.250
2023-03-04 16:22:00,0.340,1.70,0.390,0.240,1.19,0.740,0.520,1.42,0.310
2023-03-04 16:24:00,0.510,1.40,0.470,0.620,0.840,0.520,0.570,1.34,0.350
2023-03-04 16:26:00,0.540,1.12,0.310,0.760,0.570,0.0700,0.560,1.24,0.300
2023-03-04 16:28:00,0.510,0.960,0.200,0.540,0.710,0.0100,0.550,1.17,0.260
2023-03-04 16:30:00,0.480,0.770,0.200,0.440,0.410,0.280,0.530,1.07,0.250
2023-03-04 16:32:00,0.350,2,0.150,0.110,5.17,0.0600,0.480,1.45,0.220
2023-03-04 16:34:00,0.670,1.55,0.210,0.550,1.36,0.340,0.600,1.35,0.230
2023-03-04 16:36:00,0.470,1.66,0.200,0.150,1.32,0.180,0.530,1.42,0.230
2023-03-04 16:38:00,0.650,1.88,0.160,1.11,2.84,0.100,0.590,1.51,0.200
2023-03-04 16:40:00,0.750,1.43,0.220,0.830,0.910,0.390,0.630,1.39,0.210
2023-03-04 16:42:00,0.780,1.12,0.200,0.890,0.480,0.200,0.660,1.27,0.200
2023-03-04 16:44:00,1.29,0.990,0.200,3.60,0.770,0.260,0.830,1.21,0.200
2023-03-04 16:46:00,1.04,1.38,0.220,0.960,2.03,0.340,0.790,1.31,0.200
2023-03-04 16:48:00,0.940,1.04,0.160,0.740,0.570,0.120,0.790,1.20,0.170
2023-03-04 16:50:00,0.750,1.33,0.210,0.450,1.03,0.230,0.730,1.30,0.190
2023-03-04 16:52:00,0.850,1.18,0.180,0.670,1.10,0.180,0.780,1.24,0.180
2023-03-04 16:54:00,0.730,1.36,0.370,0.530,1.22,0.610,0.740,1.31,0.250
2023-03-04 16:56:00,0.620,1.09,0.360,0.420,0.660,0.370,0.700,1.21,0.260
2023-03-04 16:58:00,0.490,1.36,0.300,0.210,1.22,0.210,0.640,1.31,0.250
2023-03-04 17:00:00,0.830,0.990,0.250,1.55,0.330,0.170,0.740,1.18,0.240
2023-03-04 17:02:00,1.41,0.920,0.320,2.27,0.750,0.400,0.970,1.12,0.260
2023-03-04 17:04:00,1.28,0.830,0.220,0.850,0.710,0.110,0.990,1.06,0.230
2023-03-04 17:06:00,1.16,0.720,0.230,0.980,0.490,0.150,0.980,0.990,0.240
2023-03-04 17:08:00,0.900,0.760,0.300,0.560,0.930,0.270,0.900,0.970,0.260
2023-03-04 17:10:00,0.710,0.760,0.220,0.380,0.780,0.110,0.830,0.950,0.240
2023-03-04 17:12:00,0.760,0.620,0.240,0.650,0.400,0.280,0.840,0.870,0.250
2023-03-04 17:14:00,0.750,1.28,0.200,0.600,2.70,0.170,0.820,1.07,0.230
2023-03-04 17:16:00,0.690,1.01,0.190,0.540,0.800,0.200,0.790,0.990,0.220
2023-03-04 17:18:00,0.660,0.830,0.240,0.550,0.440,0.330,0.770,0.930,0.220
2023-03-04 17:20:00,0.860,1.27,0.230,1.28,3.10,0.240,0.830,1.06,0.220
2023-03-04 17:22:00,0.730,1.40,0.730,0.640,2.02,1.68,0.780,1.12,0.400
2023-03-04 17:24:00,0.630,1.26,0.780,0.350,0.940,0.750,0.740,1.11,0.460
2023-03-04 17:26:00,0.670,1.74,0.560,0.740,2.93,0.260,0.740,1.29,0.420
2023-03-04 17:28:00,0.580,1.33,0.450,0.540,0.780,0.300,0.690,1.19,0.390
2023-03-04 17:30:00,0.490,1.21,0.320,0.280,0.900,0.100,0.650,1.16,0.350
2023-03-04 17:32:00,0.500,1.09,0.250,0.340,0.860,0.100,0.630,1.12,0.320
2023-03-04 17:34:00,0.510,0.840,0.210,0.540,0.380,0.120,0.620,1.02,0.290
2023-03-04 17:36:00,0.460,1.80,0.240,0.400,4,0.200,0.590,1.34,0.290
2023-03-04 17:38:00,0.420,1.60,0.580,0.250,1.48,0.890,0.560,1.33,0.420
2023-03-04 17:40:00,0.580,1.46,0.730,1.22,1.44,1.05,0.590,1.30,0.490
2023-03-04 17:42:00,0.920,1.27,0.690,1.60,0.850,0.550,0.710,1.25,0.510
2023-03-04 17:44:00,3.01,1.09,0.500,6.04,0.740,0.120,1.52,1.18,0.450
2023-03-04 17:46:00,2.64,0.960,0.370,2.15,0.770,0.0800,1.57,1.12,0.410
2023-03-04 17:48:00,1.94,0.960,0.560,0.700,0.740,0.930,1.44,1.10,0.470
2023-03-04 17:50:00,1.51,0.910,0.400,0.640,0.900,0.250,1.34,1.06,0.420
2023-03-04 17:52:00,1.21,0.840,0.340,0.430,0.730,0.330,1.25,1.01,0.390
2023-03-04 17:54:00,0.850,0.850,0.300,0.190,0.720,0.300,1.11,0.990,0.360
2023-03-04 17:56:00,0.690,1.29,0.260,0.270,1.89,0.330,1.02,1.14,0.340
2023-03-04 17:58:00,0.540,1.24,0.230,0.190,1.12,0.250,0.920,1.13,0.320
2023-03-04 18:00:00,0.440,0.940,0.160,0.200,0.370,0.0700,0.840,1.04,0.270
2023-03-04 18:02:00,0.390,2.69,0.210,0.190,5.29,0.340,0.770,1.67,0.280
2023-03-04 18:04:00,0.450,2.84,0.210,0.420,3.31,0.260,0.750,1.84,0.270
2023-03-04 18:06:00,0.470,2.82,0.310,0.390,2.74,0.350,0.720,1.96,0.300
2023-03-04 18:08:00,0.570,2.23,0.880,0.770,1.42,1.37,0.720,1.84,0.520
2023-03-04 18:10:00,0.430,1.68,0.580,0.250,0.690,0.180,0.650,1.68,0.450
2023-03-04 18:12:00,0.930,1.33,0.430,1.18,0.510,0.110,0.820,1.55,0.410
2023-03-04 18:14:00,0.690,1.33,0.320,0.310,1.40,0.0800,0.750,1.52,0.370
2023-03-04 18:16:00,0.600,1.07,0.230,0.300,0.750,0.0400,0.710,1.40,0.330
2023-03-04 18:18:00,0.570,1.25,0.350,0.410,1.05,0.740,0.680,1.44,0.350
2023-03-04 18:20:00,0.480,1.04,0.260,0.380,0.670,0.180,0.630,1.34,0.320
2023-03-04 18:22:00,0.620,0.920,0.250,1.08,0.780,0.200,0.660,1.25,0.310
2023-03-04 18:24:00,0.730,0.840,0.250,0.930,0.670,0.230,0.700,1.18,0.290
2023-03-04 18:26:00,0.730,0.920,0.170,0.690,0.870,0.0500,0.700,1.17,0.260
2023-03-04 18:28:00,0.880,0.790,0.160,1.45,0.640,0.140,0.760,1.08,0.240
2023-03-04 18:30:00,0.840,0.640,0.110,0.770,0.430,0.0300,0.760,0.990,0.210
2023-03-04 18:32:00,0.740,0.680,0.100,0.730,0.720,0.150,0.720,0.960,0.190
2023-03-04 18:34:00,1.13,0.790,0.130,2.01,0.810,0.220,0.860,0.970,0.180
2023-03-04 18:36:00,0.950,1.26,0.160,0.660,1.23,0.240,0.830,1.14,0.190
2023-03-04 18:38:00,0.990,1.54,0.140,0.890,1.72,0.110,0.860,1.26,0.170
2023-03-04 18:40:00,0.750,1.75,0.160,0.380,2.24,0.180,0.780,1.36,0.180
2023-03-04 18:42:00,0.650,1.53,0.140,0.700,1.14,0.0700,0.740,1.33,0.170
2023-03-04 18:44:00,0.730,1.28,0.120,1.01,0.850,0.120,0.750,1.26,0.160
2023-03-04 18:46:00,1.25,0.970,0.140,1.85,0.410,0.160,0.950,1.14,0.160
2023-03-04 18:48:00,1.28,0.900,0.110,1.05,0.810,0.0700,1,1.09,0.150
2023-03-04 18:50:00,0.960,1.45,0.100,0.360,2.22,0.0700,0.920,1.27,0.130
2023-03-04 18:52:00,0.790,1.27,0.240,0.540,1.06,0.300,0.860,1.22,0.180
2023-03-04 18:54:00,0.610,0.990,0.240,0.260,0.530,0.280,0.790,1.12,0.190
2023-03-04 18:56:00,0.520,1.32,0.180,0.240,1.35,0.0900,0.730,1.24,0.170
2023-03-04 18:58:00,0.550,1.65,0.160,0.550,2.87,0.110,0.720,1.35,0.170
2023-03-04 19:00:00,0.590,1.37,0.810,0.620,1.11,1.80,0.710,1.28,0.400
2023-03-04 19:02:00,0.610,1.31,0.550,0.550,1.39,0.250,0.710,1.26,0.350
2023-03-04 19:04:00,0.740,1.01,0.360,0.940,0.560,0.0300,0.750,1.15,0.300
2023-03-04 19:06:00,0.700,1.18,0.800,0.840,1.65,1.73,0.730,1.19,0.470
2023-03-04 19:08:00,0.550,1.31,0.870,0.310,1.33,0.900,0.670,1.24,0.540
2023-03-04 19:10:00,0.470,1.01,0.670,0.360,0.510,0.370,0.620,1.14,0.500
2023-03-04 19:12:00,0.390,0.910,0.550,0.210,0.590,0.300,0.570,1.09,0.480
2023-03-04 19:14:00,0.480,0.830,0.390,0.680,0.690,0.100,0.580,1.03,0.430
2023-03-04 19:16:00,0.390,1.22,0.390,0.290,1.37,0.390,0.530,1.16,0.420
2023-03-04 19:18:00,0.470,0.980,0.260,0.580,0.600,0.0500,0.540,1.08,0.360
2023-03-04 19:20:00,0.500,1.37,0.260,0.870,1.52,0.240,0.540,1.22,0.350
2023-03-04 19:22:00,0.480,1.10,0.380,0.600,0.770,0.580,0.520,1.13,0.380
2023-03-04 19:24:00,0.430,1.07,0.950,0.430,1.27,1.67,0.500,1.11,0.590
2023-03-04 19:26:00,0.710,1.10,0.870,1.16,1.11,0.880,0.600,1.12,0.610
2023-03-04 19:28:00,1.45,0.930,0.680,3.01,0.680,0.300,0.880,1.05,0.570
2023-03-04 19:30:00,1.36,0.920,0.610,1.42,0.650,0.340,0.920,1.03,0.560
2023-03-04 19:32:00,1.09,0.780,0.420,0.550,0.500,0.0900,0.870,0.960,0.490
2023-03-04 19:34:00,1.43,1.07,0.360,3.24,1.72,0.240,1,1.04,0.450
2023-03-04 19:36:00,1.02,0.940,0.340,0.570,0.850,0.330,0.900,0.990,0.440
2023-03-04 19:38:00,0.770,0.890,0.380,0.280,0.770,0.320,0.820,0.970,0.440
2023-03-04 19:40:00,0.740,1.44,0.310,0.660,2.64,0.250,0.810,1.15,0.410
2023-03-04 19:42:00,0.630,1.72,0.260,0.440,2.11,0.160,0.760,1.28,0.370
2023-03-04 19:44:00,0.600,1.38,0.240,0.390,0.860,0.180,0.730,1.21,0.350
2023-03-04 19:46:00,0.550,1.11,0.180,0.490,0.680,0.100,0.700,1.12,0.310
2023-03-04 19:48:00,0.600,1.40,0.460,0.720,2.02,0.630,0.700,1.22,0.400
2023-03-04 19:50:00,0.540,1.60,0.480,0.440,2.08,0.540,0.660,1.32,0.420
2023-03-04 19:52:00,0.480,2.01,0.580,0.440,3.07,0.660,0.620,1.49,0.460
2023-03-04 19:54:00,0.390,1.56,0.410,0.210,0.930,0.140,0.570,1.39,0.410
2023-03-04 19:56:00,0.430,1.28,0.300,0.410,0.860,0.0900,0.560,1.30,0.360
2023-03-04 19:58:00,0.990,0.990,0.290,2.67,0.430,0.240,0.730,1.19,0.350
2023-03-04 20:00:00,0.790,0.910,0.230,0.690,0.670,0.0900,0.690,1.14,0.330
2023-03-04 20:02:00,0.580,0.820,0.220,0.210,0.590,0.160,0.620,1.07,0.310
2023-03-04 20:04:00,0.510,0.790,0.220,0.380,0.620,0.210,0.590,1.03,0.290
2023-03-04 20:06:00,0.670,0.660,0.180,1.06,0.410,0.0700,0.640,0.950,0.270
2023-03-04 20:08:00,0.840,1.32,0.190,1.06,1.54,0.240,0.710,1.19,0.260
2023-03-04 20:10:00,0.790,2.28,0.180,0.650,4.60,0.140,0.710,1.53,0.250
2023-03-04 20:12:00,0.840,1.80,0.160,0.690,1.15,0.140,0.740,1.44,0.240
2023-03-04 20:14:00,0.800,1.91,0.110,0.700,1.45,0.0200,0.740,1.55,0.200
2023-03-04 20:16:00,0.590,1.45,0.0800,0.240,0.690,0.0700,0.660,1.42,0.180
2023-03-04 20:18:00,0.630,1.27,0.130,0.450,0.710,0.330,0.670,1.35,0.180
2023-03-04 20:20:00,0.560,1.62,0.100,0.410,2.89,0.120,0.640,1.45,0.160
2023-03-04 20:22:00,0.420,1.77,0.160,0.150,2.10,0.230,0.580,1.52,0.180
2023-03-04 20:24:00,0.420,1.42,0.180,0.330,1.03,0.180,0.560,1.42,0.180
2023-03-04 20:26:00,0.560,1.14,0.130,0.820,0.690,0.0400,0.590,1.32,0.160
2023-03-04 20:28:00,0.750,1.24,0.100,1.34,1.42,0.0800,0.640,1.33,0.140
2023-03-04 20:30:00,1.24,0.940,0.100,2.05,0.440,0.140,0.840,1.20,0.140
2023-03-04 20:32:00,1.17,1.33,0.110,0.920,1.86,0.0900,0.870,1.30,0.130
2023-03-04 20:34:00,1.04,1.12,0.100,0.810,0.900,0.100,0.860,1.23,0.120
2023-03-04 20:36:00,0.830,0.870,0.200,0.300,0.420,0.400,0.810,1.12,0.160
2023-03-04 20:38:00,1.04,0.900,0.200,1.11,0.960,0.230,0.890,1.10,0.160
2023-03-04 20:40:00,0.850,0.760,0.240,0.420,0.530,0.180,0.850,1.02,0.180
2023-03-04 20:42:00,0.700,1.29,0.400,0.360,3.35,0.340,0.790,1.15,0.260
2023-03-04 20:44:00,0.640,1.52,0.320,0.590,2.63,0.240,0.750,1.24,0.240
2023-03-04 20:46:00,0.650,1.16,0.210,0.700,0.810,0.0300,0.740,1.14,0.210
2023-03-04 20:48:00,0.660,0.960,0.200,0.810,0.610,0.310,0.730,1.06,0.200
2023-03-04 20:50:00,0.520,1.47,0.550,0.320,2.37,1.47,0.670,1.23,0.310
2023-03-04 20:52:00,0.520,1.50,1,0.460,1.44,1.77,0.650,1.28,0.510
2023-03-04 20:54:00,0.480,1.18,0.720,0.500,0.530,0.360,0.620,1.19,0.460
2023-03-04 20:56:00,0.460,1.05,0.490,0.470,0.720,0.0600,0.600,1.14,0.410
2023-03-04 20:58:00,0.470,0.850,0.400,0.540,0.510,0.140,0.580,1.05,0.380
2023-03-04 21:00:00,0.440,0.720,0.390,0.360,0.400,0.420,0.550,0.980,0.380
2023-03-04 21:02:00,0.550,0.680,0.290,0.630,0.550,0.130,0.580,0.930,0.340
2023-03-04 21:04:00,0.450,1.13,0.320,0.220,1.61,0.280,0.540,1.07,0.350
2023-03-04 21:06:00,0.460,1.04,0.430,0.290,0.770,0.710,0.530,1.04,0.380
2023-03-04 21:08:00,0.480,1.01,1.68,0.520,1.01,4.51,0.530,1.03,0.820
2023-03-04 21:10:00,1.27,1.02,1.47,2.23,1.02,1.45,0.830,1.03,0.850
2023-03-04 21:12:00,1.55,1.24,1.51,2.19,1.29,1.18,0.980,1.11,0.950
2023-03-04 21:14:00,1.78,1.10,1.08,1.45,0.980,0.380,1.16,1.07,0.860
2023-03-04 21:16:00,1.54,1.12,0.730,0.950,1.06,0.100,1.15,1.08,0.750
2023-03-04 21:18:00,1.22,1.77,0.500,0.760,2.17,0.0300,1.08,1.33,0.660
2023-03-04 21:20:00,0.890,1.38,0.400,0.240,0.830,0.190,0.970,1.24,0.600
2023-03-04 21:22:00,0.700,1.54,0.270,0.280,1.68,0.0400,0.890,1.31,0.530
2023-03-04 21:24:00,0.660,1.77,0.270,0.530,2.67,0.240,0.850,1.40,0.490
2023-03-04 21:26:00,0.650,1.44,0.330,0.670,1.03,0.360,0.820,1.32,0.490
2023-03-04 21:28:00,0.480,1.26,0.240,0.240,1.07,0.130,0.730,1.26,0.430
2023-03-04 21:30:00,0.470,1.58,0.240,0.410,2.45,0.290,0.700,1.37,0.410
2023-03-04 21:32:00,0.470,2.11,0.200,0.320,3.91,0.170,0.670,1.57,0.360
2023-03-04 21:34:00,0.570,2.44,0.300,0.580,3.93,0.470,0.690,1.74,0.380
2023-03-04 21:36:00,0.620,2,0.480,0.720,1.29,0.770,0.690,1.66,0.430
2023-03-04 21:38:00,0.590,1.61,0.310,0.700,0.890,0.100,0.660,1.56,0.370
2023-03-04 21:40:00,0.560,1.41,0.220,0.550,0.980,0.0600,0.640,1.49,0.330
2023-03-04 21:42:00,0.410,1.13,0.330,0.130,0.660,0.270,0.570,1.38,0.360
2023-03-04 21:44:00,0.420,1.09,0.260,0.280,0.770,0.150,0.560,1.34,0.330
2023-03-04 21:46:00,1.01,1.82,0.280,1.64,1.84,0.310,0.760,1.61,0.320
2023-03-04 21:48:00,0.740,1.76,0.270,0.400,1.07,0.240,0.690,1.62,0.310
2023-03-04 21:50:00,0.740,1.37,0.200,0.770,0.730,0.110,0.690,1.49,0.280
2023-03-04 21:52:00,0.960,1.15,0.170,1.46,0.690,0.120,0.780,1.39,0.260
2023-03-04 21:54:00,0.780,1,0.150,0.420,0.550,0.0900,0.730,1.31,0.240
2023-03-04 21:56:00,0.600,0.880,0.140,0.210,0.660,0.0900,0.670,1.22,0.220
2023-03-04 21:58:00,0.460,0.850,0.380,0.210,0.790,1.22,0.610,1.16,0.290
2023-03-04 22:00:00,0.410,0.680,0.250,0.330,0.310,0.160,0.570,1.06,0.250
2023-03-04 22:02:00,0.340,0.720,0.190,0.220,0.900,0.100,0.520,1.02,0.220
2023-03-04 22:04:00,0.280,0.580,0.230,0.120,0.400,0.250,0.480,0.930,0.240
2023-03-04 22:06:00,0.330,1.11,0.230,0.440,2.06,0.250,0.470,1.07,0.240
2023-03-04 22:08:00,0.480,0.950,0.240,0.480,0.890,0.200,0.510,1.01,0.240
2023-03-04 22:10:00,0.540,0.830,0.200,0.380,0.650,0.160,0.540,0.960,0.220
2023-03-04 22:12:00,0.790,1.55,0.130,1.57,3.08,0.0200,0.620,1.19,0.190
2023-03-04 22:14:00,1.31,1.55,0.220,2.30,2.12,0.250,0.840,1.23,0.210
2023-03-04 22:16:00,1.61,1.71,0.170,1.76,2.26,0.0600,1.01,1.31,0.190
2023-03-04 22:18:00,1.16,1.34,0.190,0.420,0.830,0.240,0.920,1.22,0.190
2023-03-04 22:20:00,0.930,1.08,0.270,0.470,0.560,0.400,0.860,1.14,0.210
2023-03-04 22:22:00,0.890,0.870,0.280,0.640,0.410,0.340,0.860,1.05,0.220
2023-03-04 22:24:00,0.730,0.720,0.210,0.350,0.480,0.110,0.810,0.970,0.200
2023-03-04 22:26:00,0.570,0.650,0.230,0.250,0.560,0.160,0.740,0.910,0.200
2023-03-04 22:28:00,0.600,1.05,0.220,0.490,1.15,0.200,0.730,1.04,0.200
2023-03-04 22:30:00,0.720,1.55,0.240,0.750,3.75,0.260,0.760,1.20,0.200
2023-03-04 22:32:00,0.800,1.20,0.170,1.05,0.920,0.0500,0.780,1.11,0.180
2023-03-04 22:34:00,0.780,1.22,0.370,0.750,1.47,0.930,0.770,1.11,0.240
2023-03-04 22:36:00,0.780,1.52,0.930,0.580,1.97,1.53,0.780,1.24,0.480
2023-03-04 22:38:00,0.790,1.22,0.650,0.940,0.940,0.290,0.780,1.16,0.430
2023-03-04 22:40:00,1.32,0.930,0.510,2.02,0.400,0.260,0.970,1.06,0.400
2023-03-04 22:42:00,0.990,0.950,0.380,0.610,0.660,0.100,0.900,1.05,0.360
2023-03-04 22:44:00,0.850,0.910,0.340,0.630,0.860,0.370,0.850,1.02,0.350
2023-03-04 22:46:00,0.670,0.730,0.250,0.340,0.390,0.0900,0.790,0.940,0.310
2023-03-04 22:48:00,0.600,1.16,0.320,0.330,1.64,0.470,0.750,1.07,0.330
2023-03-04 22:50:00,0.640,1,0.990,0.690,0.820,2.19,0.740,1.02,0.570
2023-03-04 22:52:00,0.640,1.29,1.69,0.670,1.34,3.41,0.730,1.13,0.860
2023-03-04 22:54:00,0.760,1.63,1.38,0.910,1.90,1.15,0.760,1.27,0.840
2023-03-04 22:56:00,1.30,1.40,1.04,1.79,1.10,0.390,0.970,1.23,0.780
2023-03-04 22:58:00,1.61,1.02,0.750,1.86,0.340,0.200,1.13,1.11,0.710
2023-03-04 23:00:00,1.45,0.980,0.570,1.22,0.910,0.170,1.13,1.08,0.640
2023-03-04 23:02:00,1.11,0.880,0.430,0.370,0.640,0.210,1.04,1.03,0.580
2023-03-04 23:04:00,0.860,0.800,0.330,0.290,0.650,0.100,0.960,0.970,0.520
2023-03-04 23:06:00,0.750,0.790,0.250,0.400,0.840,0.0700,0.910,0.950,0.470
2023-03-04 23:08:00,0.570,1.30,0.160,0.250,3.40,0.0100,0.820,1.09,0.410
2023-03-04 23:10:00,0.590,1.07,0.200,0.620,0.950,0.260,0.800,1.03,0.390
2023-03-04 23:12:00,0.530,0.920,0.200,0.370,0.700,0.200,0.750,0.980,0.360
2023-03-04 23:14:00,0.480,1.10,0.680,0.430,1.93,1.30,0.700,1.03,0.520
2023-03-04 23:16:00,0.500,1.67,0.570,0.660,2.82,0.550,0.680,1.23,0.500
2023-03-04 23:18:00,0.710,1.68,0.490,1.14,1.81,0.350,0.730,1.29,0.470
2023-03-04 23:20:00,0.530,1.54,0.900,0.330,1.01,2.05,0.660,1.30,0.610
2023-03-04 23:22:00,0.450,1.24,0.670,0.240,0.530,0.440,0.620,1.22,0.560
2023-03-04 23:24:00,0.440,1.12,0.460,0.330,0.800,0.120,0.590,1.18,0.490
2023-03-04 23:26:00,0.740,0.980,0.350,1.14,0.740,0.160,0.680,1.11,0.440
2023-03-04 23:28:00,0.520,0.930,0.230,0.200,0.610,0.0200,0.600,1.08,0.380
2023-03-04 23:30:00,0.510,1.38,0.220,0.410,1.74,0.200,0.590,1.23,0.360
2023-03-04 23:32:00,0.440,1.53,0.210,0.240,1.44,0.160,0.550,1.31,0.340
2023-03-04 23:34:00,0.520,2.07,0.160,0.830,1.79,0.0700,0.570,1.57,0.310
2023-03-04 23:36:00,0.730,2.21,0.130,1.07,3.47,0.0600,0.640,1.66,0.270
2023-03-04 23:38:00,0.680,2.20,0.190,0.600,2.07,0.210,0.630,1.72,0.270
2023-03-04 23:40:00,0.720,1.58,0.120,0.710,0.650,0.0300,0.650,1.55,0.240
2023-03-04 23:42:00,0.690,1.22,0.100,0.560,0.550,0.0500,0.650,1.42,0.210
2023-03-04 23:44:00,0.600,1.16,0.0900,0.260,0.980,0.0600,0.620,1.37,0.190
2023-03-04 23:46:00,0.540,0.900,0.100,0.430,0.400,0.150,0.600,1.24,0.180
2023-03-04 23:48:00,0.640,0.800,0.100,0.740,0.520,0.120,0.630,1.16,0.170
2023-03-04 23:50:00,0.580,1.51,0.0700,0.580,3.47,0.0200,0.600,1.35,0.150
2023-03-04 23:52:00,0.500,1.38,0.110,0.450,1.52,0.170,0.570,1.32,0.160
2023-03-04 23:54:00,0.560,1.37,0.230,0.340,1.53,0.200,0.590,1.32,0.200
2023-03-04 23:56:00,0.550,1.04,0.430,0.520,0.490,0.340,0.580,1.20,0.280
2023-03-04 23:58:00,1.13,0.930,0.980,2.26,0.590,2.08,0.790,1.14,0.490
2023-03-05 00:00:00,1.35,1.44,0.830,1.37,3.22,0.570,0.930,1.28,0.500
2023-03-05 00:02:00,1.13,1.23,0.560,0.660,1.07,0.110,0.900,1.22,0.440
2023-03-05 00:04:00,0.890,1.12,0.510,0.380,0.850,0.460,0.840,1.18,0.430
2023-03-05 00:06:00,0.740,0.960,0.410,0.360,0.700,0.320,0.790,1.11,0.400
2023-03-05 00:08:00,0.590,1.02,0.370,0.350,1.19,0.250,0.720,1.10,0.380
2023-03-05 00:10:00,0.500,0.850,0.310,0.310,0.530,0.210,0.680,1.03,0.350
2023-03-05 00:12:00,0.550,0.770,0.240,0.540,0.560,0.140,0.670,0.980,0.320
2023-03-05 00:14:00,0.640,0.680,0.200,0.850,0.480,0.110,0.680,0.920,0.290
2023-03-05 00:16:00,0.630,0.660,0.260,0.760,0.440,0.230,0.670,0.890,0.300
2023-03-05 00:18:00,0.580,0.920,0.400,0.530,1.57,0.840,0.650,0.950,0.340
2023-03-05 00:20:00,0.730,1.37,0.920,0.610,2,1.61,0.700,1.12,0.540
2023-03-05 00:22:00,0.670,1.51,0.840,0.660,1.21,0.750,0.680,1.21,0.560
2023-03-05 00:24:00,0.710,1.28,0.650,0.830,0.920,0.340,0.700,1.16,0.530
2023-03-05 00:26:00,0.600,1.04,0.510,0.440,0.540,0.320,0.650,1.09,0.480
2023-03-05 00:28:00,0.490,0.840,0.460,0.290,0.410,0.440,0.610,1,0.460
2023-03-05 00:30:00,0.560,0.770,0.400,0.670,0.570,0.260,0.620,0.960,0.440
2023-03-05 00:32:00,0.480,1.75,0.270,0.320,3.12,0.0300,0.580,1.29,0.380
2023-03-05 00:34:00,0.510,1.44,0.800,0.700,1.08,2.30,0.570,1.23,0.550
2023-03-05 00:36:00,0.490,1.74,0.780,0.460,2.08,0.890,0.560,1.36,0.570
2023-03-05 00:38:00,1.45,1.52,0.800,3.52,1.16,0.880,0.880,1.33,0.600
2023-03-05 00:40:00,1.47,1.26,0.600,1.97,0.870,0.260,0.960,1.25,0.550
2023-03-05 00:42:00,2.69,1.29,0.430,4.08,1.30,0.130,1.48,1.26,0.490
2023-03-05 00:44:00,2.02,1.08,0.340,1.07,0.740,0.110,1.38,1.19,0.450
2023-03-05 00:46:00,1.53,0.850,0.250,0.550,0.420,0.0400,1.28,1.09,0.400
2023-03-05 00:48:00,1.19,0.710,0.250,0.450,0.410,0.300,1.18,1,0.380
2023-03-05 00:50:00,1.01,0.810,0.220,0.640,1.12,0.140,1.12,1,0.350
2023-03-05 00:52:00,0.920,1.29,0.180,0.860,2.89,0.100,1.06,1.13,0.320
2023-03-05 00:54:00,0.680,1.90,0.140,0.290,3.41,0.0500,0.950,1.38,0.280
2023-03-05 00:56:00,0.580,1.42,0.150,0.360,0.800,0.210,0.880,1.26,0.270
2023-03-05 00:58:00,0.550,1.53,0.200,0.430,1.88,0.360,0.830,1.32,0.270
2023-03-05 01:00:00,1.01,1.41,0.220,1.18,1.37,0.290,0.980,1.30,0.270
2023-03-05 01:02:00,0.860,1.52,0.230,0.540,1.52,0.290,0.930,1.35,0.270
2023-03-05 01:04:00,0.650,1.29,0.550,0.250,0.770,1.21,0.840,1.29,0.380
2023-03-05 01:06:00,0.550,1.21,0.470,0.240,0.910,0.300,0.780,1.27,0.360
2023-03-05 01:08:00,0.550,1.29,0.350,0.560,1,0.140,0.750,1.30,0.330
2023-03-05 01:10:00,0.390,1.52,0.350,0.180,1.20,0.410,0.670,1.40,0.330
2023-03-05 01:12:00,0.300,1.73,0.280,0.100,1.55,0.170,0.600,1.50,0.310
2023-03-05 01:14:00,0.300,1.86,0.240,0.360,1.87,0.100,0.550,1.57,0.280
2023-03-05 01:16:00,0.320,1.49,0.180,0.480,0.770,0.0800,0.530,1.47,0.260
2023-03-05 01:18:00,0.230,1.65,0.150,0.100,1.20,0.160,0.470,1.55,0.230
2023-03-05 01:20:00,0.980,1.34,0.140,1.56,0.750,0.150,0.730,1.45,0.220
2023-03-05 01:22:00,0.990,1.03,0.250,1.24,0.420,0.410,0.760,1.32,0.240
2023-03-05 01:24:00,0.760,0.910,0.180,0.410,0.590,0.0900,0.700,1.24,0.220
2023-03-05 01:26:00,0.850,1.42,0.160,0.970,2.19,0.0600,0.740,1.37,0.200
2023-03-05 01:28:00,0.810,1.21,0.110,0.700,1.05,0.0200,0.740,1.30,0.170
2023-03-05 01:30:00,0.970,2.42,0.130,0.700,5.18,0.230,0.820,1.70,0.170
2023-03-05 01:32:00,0.970,1.76,0.180,0.680,1.09,0.230,0.850,1.54,0.180
2023-03-05 01:34:00,0.730,1.83,0.130,0.340,2.87,0.0600,0.780,1.58,0.170
2023-03-05 01:36:00,0.650,1.56,0.300,0.410,1.25,0.280,0.740,1.51,0.230
2023-03-05 01:38:00,0.490,1.63,0.340,0.170,1.48,0.260,0.670,1.54,0.260
2023-03-05 01:40:00,0.390,1.41,0.260,0.260,1.34,0.0700,0.610,1.46,0.240
2023-03-05 01:42:00,0.850,1.12,0.240,1.64,0.680,0.170,0.750,1.34,0.240
2023-03-05 01:44:00,1.20,0.860,0.220,1.69,0.330,0.290,0.900,1.21,0.220
2023-03-05 01:46:00,0.940,0.900,0.150,0.630,0.940,0.0500,0.840,1.18,0.190
2023-03-05 01:48:00,0.780,0.800,0.270,0.480,0.740,0.590,0.790,1.10,0.220
2023-03-05 01:50:00,0.800,0.740,0.210,0.980,0.530,0.210,0.790,1.05,0.200
2023-03-05 01:52:00,0.990,0.730,0.190,1.12,0.650,0.160,0.870,1,0.190
2023-03-05 01:54:00,0.740,0.630,0.180,0.270,0.490,0.200,0.790,0.930,0.180
2023-03-05 01:56:00,0.650,1.01,0.190,0.390,1.18,0.160,0.750,1.04,0.180
2023-03-05 01:58:00,0.730,1.03,0.140,0.730,1.01,0.0600,0.770,1.04,0.170
2023-03-05 02:00:00,0.840,1.37,0.110,0.990,2.36,0.0200,0.810,1.15,0.150
2023-03-05 02:02:00,0.720,1.77,0.270,0.510,3.24,0.810,0.780,1.31,0.200
2023-03-05 02:04:00,0.830,1.94,0.750,1.04,2.30,1.48,0.800,1.43,0.390
2023-03-05 02:06:00,0.720,1.54,0.650,0.590,0.760,0.460,0.770,1.35,0.400
2023-03-05 02:08:00,0.730,1.25,0.530,0.890,0.560,0.280,0.760,1.27,0.380
2023-03-05 02:10:00,0.620,1.11,0.380,0.450,0.800,0.120,0.710,1.21,0.340
2023-03-05 02:12:00,0.520,1.12,0.300,0.240,1.11,0.130,0.670,1.20,0.320
2023-03-05 02:14:00,0.440,0.920,0.370,0.240,0.590,0.360,0.620,1.11,0.340
2023-03-05 02:16:00,0.470,1,0.260,0.270,1.25,0.0900,0.610,1.11,0.300
2023-03-05 02:18:00,0.440,2.10,0.310,0.500,6.02,0.530,0.580,1.45,0.310
2023-03-05 02:20:00,0.520,1.60,0.480,0.760,1.32,0.830,0.590,1.35,0.370
2023-03-05 02:22:00,0.650,1.70,0.530,0.950,2.07,0.690,0.620,1.41,0.400
2023-03-05 02:24:00,1.57,1.38,0.500,3.79,1.05,0.480,0.950,1.32,0.400
2023-03-05 02:26:00,1.68,1.14,0.370,2.02,0.640,0.120,1.07,1.24,0.360
2023-03-05 02:28:00,1.54,1.09,0.310,1.29,1.08,0.170,1.09,1.20,0.340
2023-03-05 02:30:00,1.30,0.900,0.290,1.29,0.660,0.190,1.05,1.11,0.330
2023-03-05 02:32:00,1,0.750,0.210,0.550,0.420,0.0500,0.970,1.03,0.300
2023-03-05 02:34:00,0.740,0.800,0.200,0.310,0.880,0.180,0.870,1.01,0.270
2023-03-05 02:36:00,0.720,0.730,0.180,0.720,0.600,0.0900,0.850,0.960,0.260
2023-03-05 02:38:00,0.510,1.21,0.150,0.220,1.08,0.0900,0.750,1.13,0.240
2023-03-05 02:40:00,0.370,1.12,0.280,0.120,0.900,0.480,0.660,1.11,0.270
2023-03-05 02:42:00,0.270,1.01,0.280,0.0700,0.910,0.400,0.590,1.07,0.270
2023-03-05 02:44:00,0.390,1.15,0.220,0.600,1.48,0.150,0.590,1.11,0.250
2023-03-05 02:46:00,0.430,1.36,0.290,0.610,1.65,0.410,0.580,1.19,0.270
2023-03-05 02:48:00,0.420,1.16,0.430,0.400,0.780,0.890,0.550,1.14,0.320
2023-03-05 02:50:00,0.420,1.41,0.330,0.410,1.25,0.180,0.540,1.24,0.300
2023-03-05 02:52:00,0.450,1.15,0.250,0.410,0.770,0.120,0.540,1.17,0.270
2023-03-05 02:54:00,0.440,0.990,0.260,0.290,0.700,0.420,0.520,1.10,0.270
2023-03-05 02:56:00,0.430,0.850,0.240,0.390,0.650,0.250,0.510,1.03,0.260
2023-03-05 02:58:00,0.340,1.44,0.230,0.200,2.51,0.220,0.460,1.21,0.250
2023-03-05 03:00:00,0.470,1.46,0.150,0.890,1.59,0.0300,0.490,1.25,0.220
2023-03-05 03:02:00,0.530,1.28,0.120,0.740,1.11,0.0600,0.500,1.20,0.190
2023-03-05 03:04:00,0.820,1.06,0.100,1.50,0.710,0.0500,0.610,1.12,0.170
2023-03-05 03:06:00,0.880,0.870,0.190,0.810,0.490,0.340,0.660,1.04,0.200
2023-03-05 03:08:00,0.980,0.850,0.220,1.47,0.770,0.300,0.720,1.01,0.200
2023-03-05 03:10:00,1.06,0.840,0.140,1.06,0.910,0.0400,0.780,0.980,0.170
2023-03-05 03:12:00,0.810,0.760,0.110,0.430,0.680,0.0400,0.720,0.930,0.150
2023-03-05 03:14:00,0.710,0.690,0.460,0.510,0.590,0.500,0.700,0.890,0.290
2023-03-05 03:16:00,0.650,1.10,0.400,0.530,2.20,0.270,0.670,1,0.280
2023-03-05 03:18:00,0.670,0.840,0.310,0.480,0.550,0.150,0.680,0.920,0.260
2023-03-05 03:20:00,0.470,1.82,0.270,0.120,3.60,0.160,0.600,1.27,0.250
2023-03-05 03:22:00,0.570,1.43,0.180,0.540,1.10,0.0300,0.630,1.19,0.220
2023-03-05 03:24:00,0.480,1.05,0.150,0.330,0.390,0.0700,0.590,1.07,0.200
2023-03-05 03:26:00,0.960,0.910,0.180,1.88,0.520,0.230,0.750,1.02,0.200
2023-03-05 03:28:00,1.28,1.29,0.170,1.74,1.24,0.130,0.900,1.17,0.190
2023-03-05 03:30:00,1.05,1.12,0.170,0.920,0.960,0.120,0.860,1.11,0.180
2023-03-05 03:32:00,0.970,0.980,0.240,0.690,0.520,0.470,0.850,1.07,0.200
2023-03-05 03:34:00,0.770,0.840,0.260,0.360,0.540,0.350,0.790,1,0.210
2023-03-05 03:36:00,0.620,1.26,0.260,0.260,1.42,0.280,0.730,1.15,0.210
2023-03-05 03:38:00,0.490,1.20,0.230,0.260,0.930,0.210,0.670,1.14,0.190
2023-03-05 03:40:00,0.570,1.53,0.660,0.610,1.85,0.690,0.680,1.27,0.370
2023-03-05 03:42:00,0.910,1.17,0.560,1.32,0.660,0.540,0.800,1.17,0.370
2023-03-05 03:44:00,0.790,0.930,0.450,0.560,0.470,0.280,0.770,1.07,0.350
2023-03-05 03:46:00,0.760,1.03,0.390,0.510,1.24,0.400,0.760,1.09,0.340
2023-03-05 03:48:00,0.640,1.58,0.910,0.490,2.36,1.70,0.720,1.29,0.540
2023-03-05 03:50:00,0.600,1.92,0.750,0.400,1.83,0.520,0.700,1.46,0.530
2023-03-05 03:52:00,0.740,2.05,0.560,0.810,2.06,0.190,0.740,1.56,0.490
2023-03-05 03:54:00,0.580,1.57,0.450,0.300,0.840,0.230,0.680,1.44,0.450
2023-03-05 03:56:00,0.570,1.24,0.340,0.410,0.520,0.150,0.660,1.34,0.410
2023-03-05 03:58:00,0.900,1.11,0.350,0.930,0.790,0.350,0.790,1.28,0.400
2023-03-05 04:00:00,0.740,1.52,0.280,0.390,3.07,0.130,0.740,1.38,0.360
2023-03-05 04:02:00,0.690,1.72,0.700,0.540,1.77,0.940,0.720,1.48,0.520
2023-03-05 04:04:00,0.550,1.82,0.700,0.320,2.41,0.690,0.670,1.53,0.550
2023-03-05 04:06:00,0.700,1.80,0.900,0.950,1.84,0.900,0.700,1.55,0.640
2023-03-05 04:08:00,1.08,1.60,1.60,1.79,1.52,1.51,0.850,1.50,0.960
2023-03-05 04:10:00,1.47,1.30,1.10,1.93,0.770,0.280,1.02,1.40,0.860
2023-03-05 04:12:00,1.35,1.08,0.820,1.18,0.660,0.200,1.03,1.31,0.780
2023-03-05 04:14:00,1.03,0.920,0.550,0.530,0.480,0.0200,0.950,1.22,0.680
2023-03-05 04:16:00,0.820,0.930,0.390,0.350,0.790,0.0900,0.880,1.19,0.610
2023-03-05 04:18:00,0.660,1.21,0.320,0.410,1,0.170,0.810,1.28,0.550
2023-03-05 04:20:00,0.510,1.09,0.670,0.240,0.650,0.800,0.730,1.23,0.660
2023-03-05 04:22:00,0.480,1.40,0.490,0.350,1.47,0.280,0.700,1.33,0.590
2023-03-05 04:24:00,0.580,1.11,0.390,0.540,0.630,0.170,0.710,1.23,0.540
2023-03-05 04:26:00,0.440,1.30,0.330,0.200,0.990,0.230,0.640,1.30,0.500
2023-03-05 04:28:00,0.520,1.18,0.280,0.700,1.14,0.180,0.640,1.25,0.460
2023-03-05 04:30:00,0.500,1.65,0.320,0.540,2.09,0.390,0.620,1.42,0.450
2023-03-05 04:32:00,0.390,1.65,0.410,0.170,1.58,0.680,0.570,1.45,0.460
2023-03-05 04:34:00,0.390,1.62,1.26,0.400,1.45,1.47,0.540,1.46,0.810
2023-03-05 04:36:00,0.500,1.35,0.840,0.830,0.920,0.200,0.560,1.38,0.700
2023-03-05 04:38:00,0.460,1.16,0.590,0.460,0.720,0.130,0.540,1.31,0.620
2023-03-05 04:40:00,0.490,1.10,0.470,0.580,0.960,0.250,0.540,1.26,0.580
2023-03-05 04:42:00,0.470,1.45,0.340,0.620,2.46,0.130,0.520,1.35,0.510
2023-03-05 04:44:00,0.480,1.25,0.300,0.590,1.23,0.240,0.520,1.28,0.470
2023-03-05 04:46:00,0.410,1.70,0.260,0.290,2.27,0.230,0.490,1.45,0.430
2023-03-05 04:48:00,0.540,1.80,0.220,0.830,2.28,0.140,0.520,1.50,0.400
2023-03-05 04:50:00,0.750,2.03,0.230,1.23,3.79,0.240,0.600,1.59,0.370
2023-03-05 04:52:00,0.700,1.60,0.170,0.630,1.16,0.0600,0.600,1.48,0.330
2023-03-05 04:54:00,0.640,1.23,0.130,0.480,0.540,0.0600,0.590,1.36,0.290
2023-03-05 04:56:00,0.500,1.09,0.100,0.240,0.930,0.0600,0.540,1.29,0.260
2023-03-05 04:58:00,0.490,1.07,0.0800,0.420,0.940,0.0400,0.540,1.25,0.230
2023-03-05 05:00:00,0.410,0.900,0.0800,0.200,0.570,0.0600,0.500,1.17,0.210
2023-03-05 05:02:00,0.400,0.780,0.0800,0.410,0.480,0.0500,0.490,1.09,0.190
2023-03-05 05:04:00,0.570,1.07,0.0800,0.740,1.04,0.0600,0.530,1.17,0.170
2023-03-05 05:06:00,0.580,0.880,0.150,0.500,0.520,0.250,0.540,1.08,0.190
2023-03-05 05:08:00,0.450,0.900,0.210,0.220,0.750,0.310,0.500,1.06,0.200
2023-03-05 05:10:00,0.980,0.860,0.260,1.92,0.590,0.320,0.690,1.03,0.220
2023-03-05 05:12:00,1.56,0.700,0.190,2.62,0.350,0.0700,0.940,0.950,0.190
2023-03-05 05:14:00,1.26,0.770,0.140,0.710,0.990,0.0500,0.910,0.940,0.170
2023-03-05 05:16:00,0.940,0.700,0.160,0.330,0.590,0.250,0.830,0.890,0.180
2023-03-05 05:18:00,0.860,0.820,0.370,0.980,0.800,0.760,0.810,0.910,0.250
2023-03-05 05:20:00,0.760,0.810,0.290,0.530,0.750,0.200,0.780,0.900,0.230
2023-03-05 05:22:00,0.640,0.680,0.240,0.380,0.490,0.140,0.730,0.840,0.220
2023-03-05 05:24:00,0.610,1.19,0.230,0.370,1.95,0.210,0.710,1,0.210
2023-03-05 05:26:00,0.730,1.06,0.220,0.970,1.01,0.170,0.740,0.980,0.210
2023-03-05 05:28:00,0.730,1.17,0.190,0.690,1.30,0.0800,0.740,1.02,0.190
2023-03-05 05:30:00,0.680,0.910,0.180,0.560,0.460,0.230,0.720,0.950,0.190
2023-03-05 05:32:00,0.650,1.37,0.830,0.580,2.26,1.97,0.700,1.11,0.420
2023-03-05 05:34:00,0.550,1.18,0.910,0.380,0.790,0.810,0.660,1.07,0.520
2023-03-05 05:36:00,0.590,0.910,0.690,0.550,0.440,0.340,0.660,0.980,0.480
2023-03-05 05:38:00,0.590,0.960,0.590,0.510,1.19,0.400,0.650,0.990,0.460
2023-03-05 05:40:00,0.670,1.35,0.400,0.760,2.15,0.0700,0.670,1.12,0.410
2023-03-05 05:42:00,0.640,1.22,0.350,0.590,0.820,0.210,0.650,1.11,0.380
2023-03-05 05:44:00,0.520,1.06,0.290,0.340,0.870,0.290,0.610,1.06,0.350
2023-03-05 05:46:00,0.490,1.44,0.250,0.380,2.81,0.230,0.590,1.17,0.330
2023-03-05 05:48:00,0.460,1.15,0.660,0.330,0.820,1.03,0.560,1.10,0.480
2023-03-05 05:50:00,0.490,1.22,0.670,0.550,1.53,0.750,0.560,1.13,0.510
2023-03-05 05:52:00,0.740,1.32,1.04,1.28,2.10,1.08,0.640,1.16,0.680
2023-03-05 05:54:00,1.31,1.14,0.700,2.47,0.920,0.160,0.860,1.11,0.600
2023-03-05 05:56:00,1.19,1.36,0.490,1.04,1.10,0.0600,0.880,1.21,0.530
2023-03-05 05:58:00,0.930,1.12,0.410,0.510,0.800,0.140,0.820,1.14,0.500
2023-03-05 06:00:00,0.730,0.980,0.300,0.260,0.710,0.0500,0.760,1.08,0.440
2023-03-05 06:02:00,0.690,0.890,0.280,0.450,0.790,0.240,0.740,1.03,0.420
2023-03-05 06:04:00,0.660,0.900,0.210,0.430,0.960,0.130,0.720,1.01,0.370
2023-03-05 06:06:00,0.500,1.33,0.300,0.170,1.63,0.480,0.660,1.16,0.380
2023-03-05 06:08:00,0.620,1.22,0.230,1.05,1.08,0.160,0.670,1.14,0.340
2023-03-05 06:10:00,0.530,0.930,0.240,0.490,0.460,0.220,0.630,1.04,0.330
2023-03-05 06:12:00,0.440,1.21,0.230,0.350,1.77,0.190,0.580,1.12,0.320
2023-03-05 06:14:00,0.440,1.40,0.190,0.370,1.95,0.0900,0.560,1.20,0.290
2023-03-05 06:16:00,0.500,1.35,0.320,0.570,1.22,0.550,0.570,1.20,0.320
2023-03-05 06:18:00,0.490,1.33,0.350,0.500,1.14,0.310,0.550,1.21,0.330
2023-03-05 06:20:00,0.420,1.09,0.310,0.340,0.760,0.290,0.520,1.13,0.320
2023-03-05 06:22:00,0.430,1.81,0.280,0.510,3.22,0.250,0.500,1.38,0.300
2023-03-05 06:24:00,0.690,1.37,0.280,1.40,0.890,0.300,0.590,1.26,0.300
2023-03-05 06:26:00,0.540,2.39,0.200,0.390,5.29,0.0800,0.540,1.62,0.260
2023-03-05 06:28:00,0.530,2.17,0.190,0.360,2.50,0.140,0.540,1.62,0.250
2023-03-05 06:30:00,0.460,2.12,0.170,0.270,2.55,0.100,0.510,1.65,0.240
2023-03-05 06:32:00,0.630,2.28,0.190,1.02,3.35,0.200,0.560,1.74,0.240
2023-03-05 06:34:00,1.17,1.77,0.220,1.84,1.13,0.280,0.770,1.62,0.240
2023-03-05 06:36:00,1.06,1.48,0.180,1.10,0.820,0.0900,0.770,1.53,0.220
2023-03-05 06:38:00,0.840,1.26,0.130,0.510,0.840,0.0800,0.730,1.44,0.190
2023-03-05 06:40:00,1.28,1.04,0.100,1.85,0.720,0.0200,0.900,1.34,0.170
2023-03-05 06:42:00,1.12,0.840,0.130,1,0.450,0.180,0.880,1.22,0.180
2023-03-05 06:44:00,0.860,1.18,0.200,0.410,1.05,0.350,0.810,1.32,0.190
2023-03-05 06:46:00,0.670,0.950,0.360,0.260,0.630,0.530,0.750,1.22,0.250
2023-03-05 06:48:00,0.770,1.33,0.300,0.920,1.36,0.220,0.770,1.33,0.250
2023-03-05 06:50:00,0.680,1.17,0.320,0.490,0.910,0.260,0.740,1.27,0.260
2023-03-05 06:52:00,0.680,1.95,0.310,0.700,3.07,0.310,0.730,1.54,0.260
2023-03-05 06:54:00,0.990,2.07,0.290,2.04,2.02,0.270,0.830,1.64,0.260
2023-03-05 06:56:00,1.41,1.60,0.460,2.07,0.900,0.650,1.01,1.52,0.330
2023-03-05 06:58:00,1.62,1.32,0.350,1.25,0.810,0.250,1.16,1.42,0.300
2023-03-05 07:00:00,1.24,1.06,0.250,0.470,0.460,0.0800,1.07,1.31,0.260
2023-03-05 07:02:00,0.960,0.900,0.270,0.400,0.610,0.180,0.990,1.22,0.270
2023-03-05 07:04:00,0.770,0.820,0.230,0.400,0.620,0.140,0.910,1.15,0.260
2023-03-05 07:06:00,0.590,0.710,0.220,0.210,0.580,0.170,0.830,1.06,0.250
2023-03-05 07:08:00,0.530,1.31,0.220,0.340,2.85,0.220,0.770,1.22,0.250
2023-03-05 07:10:00,0.610,1.11,0.190,0.740,1.15,0.160,0.780,1.15,0.230
2023-03-05 07:12:00,0.590,0.960,0.150,0.620,0.730,0.120,0.740,1.09,0.210
2023-03-05 07:14:00,0.630,0.940,0.140,0.780,0.890,0.0900,0.740,1.06,0.190
2023-03-05 07:16:00,0.630,2.37,0.590,0.610,4.62,1.49,0.720,1.57,0.350
2023-03-05 07:18:00,0.630,1.88,0.740,0.540,1.17,0.940,0.710,1.49,0.440
2023-03-05 07:20:00,0.680,2.23,0.600,0.810,3.28,0.320,0.720,1.64,0.430
2023-03-05 07:22:00,0.490,1.65,0.470,0.160,0.890,0.190,0.640,1.50,0.400
2023-03-05 07:24:00,0.490,1.33,0.350,0.620,0.670,0.130,0.620,1.40,0.360
2023-03-05 07:26:00,0.440,1.08,0.310,0.420,0.570,0.180,0.590,1.30,0.340
2023-03-05 07:28:00,0.640,0.840,0.220,1.01,0.410,0.0400,0.640,1.18,0.300
2023-03-05 07:30:00,0.530,1.21,0.180,0.450,1.19,0.0700,0.600,1.29,0.270
2023-03-05 07:32:00,0.470,1.06,0.380,0.430,0.770,0.630,0.560,1.22,0.340
2023-03-05 07:34:00,0.530,0.980,0.540,0.770,1,0.930,0.570,1.16,0.400
2023-03-05 07:36:00,0.800,0.870,0.630,1.12,0.550,0.700,0.660,1.10,0.450
2023-03-05 07:38:00,1.36,0.840,0.450,2.54,0.740,0.150,0.880,1.06,0.410
2023-03-05 07:40:00,1.75,0.690,0.340,1.98,0.470,0.100,1.10,0.980,0.370
2023-03-05 07:42:00,1.24,0.800,0.250,0.360,0.680,0.0900,0.990,0.990,0.330
2023-03-05 07:44:00,1.20,0.730,0.160,0.810,0.630,0.0100,1.01,0.940,0.280
2023-03-05 07:46:00,0.970,0.700,0.240,0.530,0.590,0.470,0.950,0.900,0.290
2023-03-05 07:48:00,0.770,0.680,0.360,0.470,0.660,0.490,0.870,0.870,0.330
2023-03-05 07:50:00,0.560,1.21,0.270,0.120,2.02,0.150,0.780,1.04,0.290
2023-03-05 07:52:00,0.680,1.02,0.260,1.19,0.770,0.270,0.790,0.990,0.280
2023-03-05 07:54:00,0.570,0.910,0.200,0.350,0.700,0.130,0.740,0.950,0.250
2023-03-05 07:56:00,0.640,1.01,0.160,0.640,1.31,0.150,0.740,0.980,0.230
2023-03-05 07:58:00,0.700,1.26,0.300,0.860,1.85,0.350,0.750,1.07,0.270
2023-03-05 08:00:00,0.610,1.21,0.480,0.360,1.12,0.560,0.710,1.08,0.350
2023-03-05 08:02:00,0.590,1.27,0.910,0.540,1.49,0.820,0.690,1.11,0.550
2023-03-05 08:04:00,0.570,1.03,0.650,0.410,0.680,0.260,0.670,1.04,0.500
2023-03-05 08:06:00,0.500,1.03,0.480,0.470,1.02,0.190,0.630,1.03,0.450
2023-03-05 08:08:00,0.550,0.920,0.450,0.470,0.710,0.180,0.630,0.990,0.440
2023-03-05 08:10:00,0.470,0.930,0.310,0.340,1.09,0.0400,0.600,0.980,0.390
2023-03-05 08:12:00,0.450,1.83,0.310,0.240,2.30,0.330,0.580,1.34,0.370
2023-03-05 08:14:00,0.450,1.45,0.230,0.570,0.900,0.160,0.560,1.26,0.340
2023-03-05 08:16:00,0.690,1.20,0.190,1.48,0.690,0.100,0.620,1.18,0.310
2023-03-05 08:18:00,0.800,1.63,0.320,1.17,3.54,0.430,0.670,1.32,0.340
2023-03-05 08:20:00,0.750,1.46,0.230,0.530,1.27,0.0900,0.670,1.30,0.310
2023-03-05 08:22:00,0.920,1.78,0.180,1.17,2.17,0.0800,0.740,1.43,0.270
2023-03-05 08:24:00,0.780,1.39,0.130,0.660,0.640,0.0300,0.710,1.33,0.240
2023-03-05 08:26:00,1.05,1.21,0.140,1.33,0.840,0.130,0.810,1.27,0.230
2023-03-05 08:28:00,1.18,1.08,0.150,1.27,0.680,0.210,0.890,1.22,0.220
2023-03-05 08:30:00,0.870,0.990,0.190,0.370,0.650,0.220,0.810,1.17,0.220
2023-03-05 08:32:00,0.960,1.37,0.310,1.39,1.71,0.570,0.840,1.29,0.260
2023-03-05 08:34:00,0.850,1.06,0.300,0.710,0.580,0.270,0.810,1.18,0.260
2023-03-05 08:36:00,0.710,0.840,0.220,0.500,0.490,0.0700,0.770,1.08,0.240
2023-03-05 08:38:00,1,0.780,0.150,1.66,0.660,0.0200,0.860,1.02,0.210
2023-03-05 08:40:00,1.50,0.660,0.200,2.27,0.470,0.200,1.06,0.950,0.220
2023-03-05 08:42:00,1.93,1.15,0.160,2.32,2.56,0.0900,1.28,1.08,0.200
2023-03-05 08:44:00,1.38,1.11,0.540,0.480,1.25,1.18,1.15,1.07,0.330
2023-03-05 08:46:00,1.08,0.910,0.480,0.460,0.620,0.370,1.07,1,0.330
2023-03-05 08:48:00,0.880,0.750,0.370,0.420,0.480,0.220,0.990,0.930,0.310
2023-03-05 08:50:00,0.800,0.960,0.300,0.480,1.40,0.190,0.950,0.980,0.280
2023-03-05 08:52:00,0.630,1.57,0.210,0.300,3.51,0.0400,0.870,1.18,0.250
2023-03-05 08:54:00,0.680,1.76,0.180,0.700,2.53,0.100,0.860,1.29,0.230
2023-03-05 08:56:00,0.610,1.90,0.140,0.460,2.52,0.0500,0.810,1.38,0.210
2023-03-05 08:58:00,0.580,1.42,0.220,0.610,0.780,0.500,0.780,1.27,0.220
2023-03-05 09:00:00,0.430,1.92,0.650,0.220,3.53,1.63,0.690,1.45,0.370
2023-03-05 09:02:00,0.340,1.88,0.950,0.130,1.73,1.17,0.630,1.50,0.530
2023-03-05 09:04:00,0.460,1.41,0.760,0.610,0.640,0.350,0.630,1.36,0.510
2023-03-05 09:06:00,0.430,1.11,0.530,0.390,0.600,0.0900,0.600,1.26,0.450
2023-03-05 09:08:00,0.550,0.980,0.440,0.770,0.680,0.200,0.630,1.19,0.430
2023-03-05 09:10:00,0.520,0.830,0.360,0.520,0.470,0.220,0.610,1.11,0.400
2023-03-05 09:12:00,0.480,0.880,0.320,0.400,0.740,0.220,0.580,1.10,0.380
2023-03-05 09:14:00,0.400,1.33,0.270,0.280,1.55,0.190,0.540,1.24,0.350
2023-03-05 09:16:00,0.480,1.05,0.860,0.530,0.460,1.39,0.550,1.15,0.570
2023-03-05 09:18:00,0.420,1.05,0.820,0.340,1.21,0.860,0.520,1.13,0.580
2023-03-05 09:20:00,0.680,0.920,0.750,1.02,0.680,0.560,0.610,1.07,0.590
2023-03-05 09:22:00,1.28,1.01,0.630,2.53,0.950,0.320,0.830,1.09,0.560
2023-03-05 09:24:00,1.24,0.880,0.600,1.25,0.760,0.410,0.880,1.02,0.550
2023-03-05 09:26:00,1.17,0.790,0.410,1.02,0.530,0.130,0.900,0.970,0.490
2023-03-05 09:28:00,0.890,1.31,0.310,0.500,1.75,0.110,0.820,1.15,0.440
2023-03-05 09:30:00,0.700,1.51,0.220,0.340,1.48,0.0500,0.760,1.25,0.390
2023-03-05 09:32:00,0.660,1.19,0.170,0.570,0.660,0.0300,0.730,1.16,0.340
2023-03-05 09:34:00,0.470,1.61,0.250,0.140,2.32,0.340,0.650,1.31,0.350
2023-03-05 09:36:00,0.400,1.49,0.240,0.260,1.23,0.230,0.600,1.31,0.340
2023-03-05 09:38:00,0.390,1.17,0.280,0.330,0.690,0.470,0.580,1.21,0.340
2023-03-05 09:40:00,0.380,0.950,0.220,0.390,0.470,0.170,0.550,1.12,0.310
2023-03-05 09:42:00,0.410,1.42,0.200,0.470,2.49,0.130,0.540,1.27,0.290
2023-03-05 09:44:00,0.440,2.45,0.290,0.490,4.06,0.400,0.530,1.66,0.310
2023-03-05 09:46:00,0.440,1.85,0.450,0.520,1.13,0.600,0.520,1.53,0.370
2023-03-05 09:48:00,0.360,2.13,0.340,0.270,3.22,0.270,0.480,1.66,0.340
2023-03-05 09:50:00,0.380,1.72,0.270,0.370,1,0.150,0.470,1.56,0.310
2023-03-05 09:52:00,0.380,1.45,0.200,0.360,0.840,0.0800,0.450,1.49,0.270
2023-03-05 09:54:00,0.390,1.13,0.180,0.310,0.500,0.120,0.450,1.36,0.260
2023-03-05 09:56:00,0.330,1.38,0.260,0.220,1.20,0.320,0.420,1.44,0.270
2023-03-05 09:58:00,0.500,1.18,0.230,0.680,0.590,0.160,0.470,1.36,0.260
2023-03-05 10:00:00,0.480,1.21,0.220,0.540,0.960,0.140,0.460,1.36,0.260
2023-03-05 10:02:00,0.650,3.46,0.180,0.820,9.06,0.130,0.530,2.11,0.240
2023-03-05 10:04:00,0.810,2.50,0.200,1.17,1.65,0.180,0.600,1.92,0.240
2023-03-05 10:06:00,1.09,1.88,0.190,1.38,0.760,0.180,0.730,1.76,0.230
2023-03-05 10:08:00,1.01,1.86,0.140,0.710,1.14,0.0400,0.750,1.78,0.200
2023-03-05 10:10:00,0.820,1.56,0.100,0.440,0.850,0.0300,0.710,1.68,0.180
2023-03-05 10:12:00,0.790,1.23,0.100,0.660,0.620,0.150,0.720,1.54,0.160
2023-03-05 10:14:00,0.670,0.960,0.130,0.410,0.470,0.220,0.690,1.40,0.170
2023-03-05 10:16:00,0.590,1.06,0.120,0.300,1.06,0.120,0.650,1.38,0.160
2023-03-05 10:18:00,0.510,0.920,0.190,0.350,0.820,0.320,0.620,1.29,0.180
2023-03-05 10:20:00,0.580,0.850,0.150,0.420,0.750,0.140,0.640,1.21,0.170
2023-03-05 10:22:00,0.680,0.670,0.100,0.960,0.380,0.0200,0.660,1.10,0.140
2023-03-05 10:24:00,1.92,0.630,0.230,4.60,0.560,0.440,1.10,1.02,0.180
2023-03-05 10:26:00,1.69,0.640,0.280,1.48,0.620,0.480,1.12,0.980,0.200
2023-03-05 10:28:00,1.46,0.560,0.180,0.850,0.370,0.0600,1.11,0.910,0.170
2023-03-05 10:30:00,1.09,0.620,0.250,0.270,0.690,0.290,1.02,0.890,0.190
2023-03-05 10:32:00,0.990,1.07,0.170,0.520,1.97,0.0500,0.990,1.01,0.170
2023-03-05 10:34:00,0.870,0.890,0.140,0.510,0.670,0.0500,0.950,0.960,0.160
2023-03-05 10:36:00,0.720,1.56,0.130,0.400,4.19,0.0700,0.880,1.16,0.150
2023-03-05 10:38:00,1.25,1.27,0.170,3.38,1.23,0.250,1.03,1.10,0.160
2023-03-05 10:40:00,0.970,1.50,0.140,0.720,1.41,0.100,0.950,1.21,0.150
2023-03-05 10:42:00,0.900,1.26,0.110,0.800,0.850,0.0900,0.930,1.16,0.140
2023-03-05 10:44:00,0.780,1.53,0.510,0.720,2.25,1.52,0.870,1.26,0.280
2023-03-05 10:46:00,0.690,1.56,0.950,0.540,1.41,1.54,0.830,1.31,0.470
2023-03-05 10:48:00,0.630,1.92,0.710,0.540,3.34,0.420,0.790,1.46,0.440
2023-03-05 10:50:00,0.740,1.43,0.500,0.770,0.890,0.0900,0.810,1.33,0.390
2023-03-05 10:52:00,0.590,1.15,0.410,0.250,0.590,0.160,0.750,1.23,0.370
2023-03-05 10:54:00,0.470,1.04,0.380,0.180,0.910,0.390,0.690,1.18,0.360
2023-03-05 10:56:00,0.520,0.850,0.300,0.600,0.590,0.250,0.680,1.09,0.330
2023-03-05 10:58:00,0.580,0.910,0.230,0.600,0.850,0.120,0.680,1.08,0.300
2023-03-05 11:00:00,0.580,0.790,1.24,0.560,0.580,3.21,0.660,1.01,0.650
2023-03-05 11:02:00,0.510,0.760,1.06,0.410,0.650,1.09,0.630,0.980,0.650
2023-03-05 11:04:00,0.740,1.65,1.31,0.970,2.13,1.64,0.700,1.30,0.790
2023-03-05 11:06:00,1.63,1.60,0.960,2.56,1.47,0.380,1.05,1.32,0.730
2023-03-05 11:08:00,1.57,1.23,0.720,1.27,0.550,0.300,1.10,1.22,0.670
2023-03-05 11:10:00,1.31,1.07,0.490,0.680,0.650,0.0700,1.07,1.16,0.590
2023-03-05 11:12:00,1.05,1.08,0.330,0.600,1.06,0.0100,1,1.15,0.510
2023-03-05 11:14:00,0.840,1.07,0.230,0.490,1.08,0.0600,0.920,1.13,0.450
2023-03-05 11:16:00,0.840,0.840,0.230,0.960,0.450,0.160,0.910,1.04,0.420
2023-03-05 11:18:00,0.640,1.09,0.200,0.330,1.74,0.0800,0.830,1.09,0.390
2023-03-05 11:20:00,0.460,1.05,0.260,0.0900,1.23,0.430,0.740,1.07,0.380
2023-03-05 11:22:00,0.460,1.20,0.220,0.300,1.78,0.120,0.700,1.11,0.350
2023-03-05 11:24:00,0.460,2.06,0.170,0.660,3.95,0.0900,0.660,1.42,0.310
2023-03-05 11:26:00,0.470,2.40,0.140,0.460,3.83,0.0700,0.640,1.61,0.280
2023-03-05 11:28:00,0.560,2.21,0.210,0.710,1.79,0.340,0.650,1.64,0.280
2023-03-05 11:30:00,0.690,1.85,1.24,0.920,0.990,2.99,0.690,1.59,0.650
2023-03-05 11:32:00,0.500,1.36,0.900,0.220,0.520,0.570,0.610,1.44,0.590
2023-03-05 11:34:00,0.550,1.35,0.630,0.540,0.770,0.190,0.620,1.43,0.520
2023-03-05 11:36:00,0.540,1.15,0.550,0.630,0.740,0.410,0.610,1.35,0.510
2023-03-05 11:38:00,0.490,1.05,0.820,0.560,0.760,0.620,0.580,1.29,0.630
2023-03-05 11:40:00,0.480,1.38,0.620,0.300,1.43,0.250,0.570,1.39,0.570
2023-03-05 11:42:00,0.430,2.02,0.950,0.280,3.01,1.02,0.530,1.63,0.710
2023-03-05 11:44:00,0.560,2.45,0.630,1.08,3.51,0.140,0.560,1.82,0.620
2023-03-05 11:46:00,0.790,2.46,0.450,1.15,1.95,0.0700,0.650,1.92,0.550
2023-03-05 11:48:00,0.780,1.87,0.380,0.630,0.940,0.220,0.670,1.76,0.510
2023-03-05 11:50:00,0.640,1.70,0.290,0.440,1.20,0.200,0.620,1.72,0.460
2023-03-05 11:52:00,0.640,2,0.220,0.670,1.71,0.0800,0.630,1.84,0.410
2023-03-05 11:54:00,0.640,1.51,0.150,0.720,0.700,0.0200,0.630,1.68,0.360
2023-03-05 11:56:00,0.550,1.23,0.130,0.360,0.640,0.0800,0.600,1.55,0.320
2023-03-05 11:58:00,0.570,1.01,0.130,0.460,0.600,0.100,0.610,1.43,0.300
2023-03-05 12:00:00,0.730,1.38,0.130,0.590,2.16,0.140,0.670,1.50,0.270
2023-03-05 12:02:00,0.660,1.41,0.110,0.490,1.52,0.100,0.650,1.50,0.250
2023-03-05 12:04:00,0.540,1.08,0.170,0.270,0.540,0.260,0.610,1.36,0.250
2023-03-05 12:06:00,0.610,2.07,0.130,0.870,3.23,0.0700,0.620,1.70,0.230
2023-03-05 12:08:00,1.26,1.56,1.27,2.38,1.04,3.93,0.860,1.55,0.610
2023-03-05 12:10:00,1.39,1.24,0.890,1.28,0.630,0.610,0.970,1.43,0.550
2023-03-05 12:12:00,1.14,1.20,0.730,0.680,1.13,0.230,0.930,1.39,0.530
2023-03-05 12:14:00,0.970,0.980,0.660,0.640,0.720,0.370,0.890,1.28,0.540
2023-03-05 12:16:00,1.09,0.840,0.520,1.26,0.590,0.230,0.940,1.19,0.500
2023-03-05 12:18:00,0.820,0.770,0.350,0.370,0.650,0.0400,0.860,1.12,0.440
2023-03-05 12:20:00,0.690,0.630,0.300,0.360,0.400,0.170,0.810,1.02,0.410
2023-03-05 12:22:00,0.580,1.04,0.270,0.250,0.930,0.180,0.760,1.14,0.380
2023-03-05 12:24:00,0.530,1.05,0.220,0.320,0.870,0.120,0.720,1.13,0.350
2023-03-05 12:26:00,0.540,0.830,0.160,0.640,0.480,0.0600,0.700,1.04,0.310
2023-03-05 12:28:00,0.660,0.980,0.380,0.710,1.32,0.890,0.720,1.06,0.370
2023-03-05 12:30:00,0.880,1.61,0.950,0.990,2.51,1.87,0.800,1.28,0.580
2023-03-05 12:32:00,0.640,1.44,0.670,0.280,1.38,0.330,0.720,1.26,0.520
2023-03-05 12:34:00,0.670,1.16,0.510,0.420,0.600,0.190,0.730,1.18,0.480
2023-03-05 12:36:00,0.670,1.08,0.420,0.600,1.02,0.250,0.720,1.14,0.450
2023-03-05 12:38:00,1.13,0.910,0.380,2.65,0.700,0.470,0.870,1.06,0.420
2023-03-05 12:40:00,0.970,1.25,0.310,1,1.35,0.230,0.830,1.18,0.390
2023-03-05 12:42:00,0.810,1.49,0.310,0.690,1.87,0.360,0.790,1.27,0.370
2023-03-05 12:44:00,0.680,1.26,0.860,0.470,1,1.66,0.740,1.21,0.560
2023-03-05 12:46:00,0.500,1.01,1.34,0.160,0.470,2.33,0.670,1.12,0.770
2023-03-05 12:48:00,1.06,1.44,1.21,1.86,1.75,1.12,0.850,1.27,0.790
2023-03-05 12:50:00,1.32,1.31,1,1.79,1.13,0.590,0.970,1.24,0.770
2023-03-05 12:52:00,1.40,1.62,0.720,1.22,1.79,0.220,1.06,1.37,0.690
2023-03-05 12:54:00,1.21,1.32,0.530,0.910,0.920,0.130,1.03,1.28,0.620
2023-03-05 12:56:00,0.850,0.990,0.370,0.200,0.440,0.0600,0.920,1.16,0.550
2023-03-05 12:58:00,0.780,0.920,0.260,0.560,0.670,0.0300,0.880,1.11,0.490
2023-03-05 13:00:00,0.600,0.840,0.310,0.330,0.750,0.340,0.800,1.06,0.470
2023-03-05 13:02:00,0.470,1.34,0.270,0.220,3.36,0.230,0.730,1.19,0.440
2023-03-05 13:04:00,0.380,1.11,0.230,0.220,0.880,0.120,0.660,1.12,0.400
2023-03-05 13:06:00,0.460,0.940,0.150,0.550,0.620,0.0100,0.650,1.06,0.350
2023-03-05 13:08:00,0.410,0.820,0.140,0.270,0.580,0.0900,0.610,1,0.320
2023-03-05 13:10:00,0.410,2.25,0.180,0.530,4.08,0.320,0.580,1.51,0.310
2023-03-05 13:12:00,0.350,3.18,0.290,0.260,5.43,0.460,0.540,1.94,0.330
2023-03-05 13:14:00,0.330,2.59,0.420,0.330,1.56,0.600,0.510,1.88,0.380
2023-03-05 13:16:00,0.380,2.03,0.340,0.370,0.790,0.160,0.500,1.76,0.350
2023-03-05 13:18:00,0.550,2.02,0.320,0.970,1.31,0.340,0.540,1.81,0.340
2023-03-05 13:20:00,0.420,1.53,0.270,0.320,0.680,0.250,0.500,1.65,0.310
2023-03-05 13:22:00,0.340,1.28,0.220,0.340,0.690,0.130,0.450,1.54,0.280
2023-03-05 13:24:00,0.390,1.99,0.200,0.360,2.27,0.140,0.460,1.79,0.270
2023-03-05 13:26:00,0.440,1.93,0.170,0.540,1.57,0.140,0.470,1.79,0.250
2023-03-05 13:28:00,0.470,2,0.120,0.620,1.59,0.0700,0.470,1.84,0.220
2023-03-05 13:30:00,0.770,1.57,0.120,1.20,0.870,0.130,0.580,1.70,0.200
2023-03-05 13:32:00,0.930,1.29,0.150,1,0.890,0.140,0.670,1.58,0.200
2023-03-05 13:34:00,0.860,0.970,0.130,0.650,0.420,0.100,0.670,1.42,0.180
2023-03-05 13:36:00,0.750,0.880,0.210,0.660,0.690,0.360,0.650,1.33,0.200
2023-03-05 13:38:00,0.600,0.730,0.180,0.400,0.560,0.150,0.610,1.21,0.180
2023-03-05 13:40:00,0.950,0.630,0.200,0.950,0.400,0.220,0.750,1.11,0.190
2023-03-05 13:42:00,0.750,0.630,0.220,0.430,0.610,0.250,0.700,1.05,0.190
2023-03-05 13:44:00,0.600,1.13,0.170,0.250,2.58,0.0800,0.650,1.16,0.170
2023-03-05 13:46:00,0.480,0.930,0.270,0.210,0.730,0.330,0.600,1.09,0.200
2023-03-05 13:48:00,0.490,1.28,0.370,0.380,1.32,0.290,0.590,1.21,0.260
2023-03-05 13:50:00,0.480,0.970,0.410,0.470,0.480,0.280,0.570,1.10,0.290
2023-03-05 13:52:00,1.18,0.830,0.490,2.23,0.490,0.420,0.820,1.03,0.340
2023-03-05 13:54:00,1.34,0.900,0.410,1.57,0.910,0.440,0.930,1.03,0.320
2023-03-05 13:56:00,1.07,1.07,0.270,0.740,1.68,0.0600,0.880,1.07,0.280
2023-03-05 13:58:00,0.780,0.860,0.320,0.230,0.470,0.450,0.790,0.990,0.290
2023-03-05 14:00:00,0.830,0.790,0.270,0.880,0.720,0.260,0.810,0.950,0.270
2023-03-05 14:02:00,0.680,0.700,0.260,0.430,0.630,0.250,0.760,0.900,0.270
2023-03-05 14:04:00,0.520,1.10,0.220,0.300,1.34,0.140,0.690,1.02,0.260
2023-03-05 14:06:00,0.480,2.93,0.170,0.320,7.59,0.0500,0.650,1.67,0.230
2023-03-05 14:08:00,1.11,2.13,0.150,1.34,1.41,0.100,0.890,1.53,0.210
2023-03-05 14:10:00,0.910,1.60,0.190,0.580,0.580,0.170,0.840,1.41,0.220
2023-03-05 14:12:00,0.740,1.40,0.360,0.420,1.19,0.750,0.790,1.35,0.270
2023-03-05 14:14:00,0.700,1.88,1.35,0.690,2.23,2.16,0.760,1.54,0.670
2023-03-05 14:16:00,0.500,1.66,0.940,0.170,1.07,0.350,0.680,1.51,0.610
2023-03-05 14:18:00,0.540,1.37,0.670,0.400,0.850,0.130,0.670,1.42,0.540
2023-03-05 14:20:00,0.500,1.15,0.460,0.400,0.700,0.0900,0.640,1.33,0.480
2023-03-05 14:22:00,0.410,0.930,0.320,0.250,0.420,0.0500,0.590,1.23,0.420
2023-03-05 14:24:00,0.340,0.840,0.320,0.170,0.630,0.230,0.540,1.16,0.410
2023-03-05 14:26:00,0.260,1.37,0.240,0.120,2.29,0.0700,0.480,1.30,0.370
2023-03-05 14:28:00,0.260,1.12,0.850,0.220,0.970,2.05,0.450,1.21,0.560
2023-03-05 14:30:00,0.360,1.48,0.850,0.520,1.95,0.900,0.460,1.33,0.600
2023-03-05 14:32:00,1.19,1.87,1.21,3.15,2.45,1.21,0.740,1.49,0.790
2023-03-05 14:34:00,1.94,1.36,0.880,3.20,0.610,0.290,1.07,1.34,0.720
2023-03-05 14:36:00,2.11,1.08,0.640,2.10,0.540,0.190,1.25,1.24,0.650
2023-03-05 14:38:00,1.63,0.930,0.480,0.740,0.630,0.150,1.18,1.16,0.590
2023-03-05 14:40:00,1.26,0.760,0.360,0.710,0.400,0.170,1.10,1.07,0.530
2023-03-05 14:42:00,0.980,1.11,0.260,0.310,2.14,0.0900,1.01,1.14,0.460
2023-03-05 14:44:00,0.740,0.840,0.250,0.300,0.600,0.230,0.920,1.03,0.440
2023-03-05 14:46:00,0.520,1.40,0.670,0.110,3.05,0.720,0.810,1.19,0.590
2023-03-05 14:48:00,0.450,1.57,0.520,0.290,1.54,0.390,0.750,1.29,0.540
2023-03-05 14:50:00,0.460,1.82,0.390,0.350,2.55,0.190,0.710,1.41,0.490
2023-03-05 14:52:00,0.510,1.50,0.320,0.550,1.05,0.290,0.700,1.33,0.450
2023-03-05 14:54:00,0.510,1.66,0.290,0.490,1.59,0.250,0.680,1.43,0.420
2023-03-05 14:56:00,0.510,1.75,0.420,0.470,1.69,0.870,0.660,1.49,0.450
2023-03-05 14:58:00,0.410,1.68,0.590,0.280,1.12,0.970,0.600,1.50,0.500
2023-03-05 15:00:00,0.720,1.36,0.490,1.04,0.820,0.290,0.690,1.40,0.480
2023-03-05 15:02:00,0.640,1.08,0.350,0.510,0.540,0.0700,0.670,1.30,0.430
2023-03-05 15:04:00,0.590,1.20,0.300,0.430,1.01,0.180,0.640,1.32,0.400
2023-03-05 15:06:00,0.480,1.12,0.240,0.270,0.960,0.180,0.600,1.27,0.360
2023-03-05 15:08:00,0.980,1.04,0.180,2.49,0.900,0.0800,0.750,1.22,0.320
2023-03-05 15:10:00,0.760,1.49,0.160,0.570,1.61,0.0700,0.700,1.38,0.290
2023-03-05 15:12:00,0.640,1.26,0.170,0.360,0.900,0.210,0.660,1.31,0.280
2023-03-05 15:14:00,0.840,1.15,0.140,1.07,0.960,0.110,0.730,1.26,0.250
2023-03-05 15:16:00,0.820,0.910,0.160,0.790,0.460,0.140,0.730,1.15,0.250
2023-03-05 15:18:00,0.660,0.930,0.150,0.380,0.970,0.120,0.680,1.13,0.230
2023-03-05 15:20:00,0.670,1.11,0.140,0.720,1.50,0.160,0.690,1.16,0.220
2023-03-05 15:22:00,0.680,0.960,0.170,0.800,0.800,0.200,0.680,1.09,0.210
2023-03-05 15:24:00,0.610,1.36,0.150,0.430,2.13,0.110,0.660,1.21,0.200
2023-03-05 15:26:00,0.750,1.63,0.140,0.450,2.38,0.100,0.720,1.32,0.180
2023-03-05 15:28:00,0.700,1.85,0.210,0.610,3.29,0.360,0.700,1.42,0.200
2023-03-05 15:30:00,0.810,1.87,0.310,1.24,2.49,0.210,0.740,1.47,0.240
2023-03-05 15:32:00,0.690,1.38,0.290,0.510,0.680,0.310,0.700,1.33,0.240
2023-03-05 15:34:00,0.640,1.12,0.450,0.570,0.530,0.330,0.680,1.24,0.320
2023-03-05 15:36:00,1.21,0.970,0.390,2.14,0.630,0.360,0.890,1.17,0.310
2023-03-05 15:38:00,1.30,1.30,0.350,1.33,1.93,0.370,0.970,1.26,0.300
2023-03-05 15:40:00,1.11,1.06,0.240,0.820,0.790,0.100,0.940,1.17,0.260
2023-03-05 15:42:00,0.930,0.910,0.450,0.690,0.650,0.950,0.890,1.10,0.330
2023-03-05 15:44:00,0.930,0.760,0.350,0.710,0.600,0.260,0.900,1.01,0.300
2023-03-05 15:46:00,1,0.660,0.390,0.920,0.450,0.510,0.930,0.940,0.320
2023-03-05 15:48:00,0.760,0.700,0.260,0.330,0.770,0.0700,0.850,0.930,0.270
2023-03-05 15:50:00,0.740,1.31,0.270,0.450,1.81,0.200,0.840,1.13,0.270
2023-03-05 15:52:00,0.780,1.45,0.230,0.650,1.11,0.180,0.840,1.22,0.260
2023-03-05 15:54:00,0.670,1.66,0.190,0.360,1.51,0.100,0.790,1.33,0.240
2023-03-05 15:56:00,0.650,1.38,0.330,0.420,1.23,0.710,0.780,1.26,0.290
2023-03-05 15:58:00,0.580,2.12,0.880,0.430,2.80,1.64,0.730,1.56,0.500
2023-03-05 16:00:00,0.500,1.71,0.760,0.340,1.08,0.580,0.680,1.47,0.500
2023-03-05 16:02:00,0.560,1.40,0.560,0.620,0.690,0.180,0.680,1.39,0.460
2023-03-05 16:04:00,0.540,1.07,0.380,0.610,0.400,0.0400,0.650,1.27,0.400
2023-03-05 16:06:00,0.530,1.15,0.260,0.460,1.30,0.0300,0.630,1.27,0.350
2023-03-05 16:08:00,0.530,1.23,0.310,0.540,1.40,0.390,0.630,1.28,0.360
2023-03-05 16:10:00,0.450,2.07,0.240,0.390,4.45,0.200,0.580,1.55,0.330
2023-03-05 16:12:00,0.460,1.70,0.320,0.430,1.42,0.580,0.570,1.48,0.340
2023-03-05 16:14:00,0.420,1.35,0.440,0.350,0.870,0.680,0.540,1.37,0.380
2023-03-05 16:16:00,0.860,1.51,1.07,2.17,1.69,2.13,0.670,1.42,0.620
2023-03-05 16:18:00,1.19,1.44,0.860,2.09,1.63,0.630,0.810,1.40,0.600
2023-03-05 16:20:00,1.43,1.23,0.610,1.76,0.950,0.140,0.950,1.32,0.530
2023-03-05 16:22:00,1.27,1.05,0.520,1.07,0.880,0.260,0.950,1.24,0.510
2023-03-05 16:24:00,0.890,0.860,0.380,0.320,0.580,0.100,0.850,1.14,0.460
2023-03-05 16:26:00,0.730,0.740,0.270,0.400,0.500,0.0600,0.790,1.06,0.410
2023-03-05 16:28:00,0.560,0.790,0.200,0.310,0.860,0.0800,0.720,1.04,0.360
2023-03-05 16:30:00,0.510,0.870,0.160,0.420,0.830,0.0800,0.680,1.04,0.320
2023-03-05 16:32:00,0.520,1.27,0.130,0.560,1.46,0.100,0.660,1.18,0.290
2023-03-05 16:34:00,0.490,1.43,0.110,0.500,0.980,0.130,0.630,1.27,0.260
2023-03-05 16:36:00,0.380,1.69,0.0700,0.180,1.56,0.0200,0.570,1.39,0.230
2023-03-05 16:38:00,0.370,2.03,0.100,0.360,2.97,0.0900,0.540,1.54,0.210
2023-03-05 16:40:00,0.510,1.96,0.200,0.560,1.92,0.350,0.580,1.57,0.240
2023-03-05 16:42:00,0.450,1.72,1.29,0.370,1.35,4.15,0.540,1.53,0.610
2023-03-05 16:44:00,0.390,1.55,1.38,0.220,1.13,1.24,0.510,1.49,0.750
2023-03-05 16:46:00,0.440,1.51,0.930,0.450,1.22,0.180,0.520,1.49,0.660
2023-03-05 16:48:00,0.440,1.32,0.690,0.380,1.08,0.200,0.510,1.42,0.600
2023-03-05 16:50:00,0.410,1.02,0.510,0.360,0.510,0.110,0.490,1.29,0.540
2023-03-05 16:52:00,0.320,1.38,0.390,0.200,2.02,0.150,0.440,1.38,0.490
2023-03-05 16:54:00,0.360,1.28,0.390,0.390,1.20,0.360,0.450,1.34,0.480
2023-03-05 16:56:00,0.390,1.30,0.280,0.440,1.27,0.0900,0.450,1.34,0.420
2023-03-05 16:58:00,0.790,1.24,0.220,1.48,0.750,0.120,0.580,1.32,0.380
2023-03-05 17:00:00,0.820,1.06,0.220,0.900,0.700,0.210,0.620,1.24,0.360

