"Time","172.16.66.106:10250 verify_controller_attached_volume kubernetes.io/configmap","172.16.66.106:10250 verify_controller_attached_volume kubernetes.io/empty-dir","172.16.66.106:10250 verify_controller_attached_volume kubernetes.io/host-path","172.16.66.106:10250 verify_controller_attached_volume kubernetes.io/projected","172.16.66.106:10250 verify_controller_attached_volume kubernetes.io/secret","172.16.66.106:10250 volume_apply_access_control kubernetes.io/configmap","172.16.66.106:10250 volume_apply_access_control kubernetes.io/empty-dir","172.16.66.106:10250 volume_apply_access_control kubernetes.io/projected","172.16.66.106:10250 volume_mount kubernetes.io/configmap","172.16.66.106:10250 volume_mount kubernetes.io/empty-dir","172.16.66.106:10250 volume_mount kubernetes.io/host-path","172.16.66.106:10250 volume_mount kubernetes.io/projected","172.16.66.106:10250 volume_mount kubernetes.io/secret","172.16.66.106:10250 volume_unmount kubernetes.io/configmap","172.16.66.106:10250 volume_unmount kubernetes.io/projected","172.16.66.107:10250 verify_controller_attached_volume kubernetes.io/configmap","172.16.66.107:10250 verify_controller_attached_volume kubernetes.io/empty-dir","172.16.66.107:10250 verify_controller_attached_volume kubernetes.io/host-path","172.16.66.107:10250 verify_controller_attached_volume kubernetes.io/projected","172.16.66.107:10250 verify_controller_attached_volume kubernetes.io/secret","172.16.66.107:10250 volume_apply_access_control kubernetes.io/configmap","172.16.66.107:10250 volume_apply_access_control kubernetes.io/empty-dir","172.16.66.107:10250 volume_apply_access_control kubernetes.io/projected","172.16.66.107:10250 volume_apply_access_control kubernetes.io/secret","172.16.66.107:10250 volume_mount kubernetes.io/configmap","172.16.66.107:10250 volume_mount kubernetes.io/empty-dir","172.16.66.107:10250 volume_mount kubernetes.io/host-path","172.16.66.107:10250 volume_mount kubernetes.io/projected","172.16.66.107:10250 volume_mount kubernetes.io/secret","172.16.66.107:10250 volume_unmount kubernetes.io/configmap","172.16.66.107:10250 volume_unmount kubernetes.io/projected","172.16.66.107:10250 volume_unmount kubernetes.io/secret","172.16.66.112:10250 verify_controller_attached_volume kubernetes.io/configmap","172.16.66.112:10250 verify_controller_attached_volume kubernetes.io/empty-dir","172.16.66.112:10250 verify_controller_attached_volume kubernetes.io/host-path","172.16.66.112:10250 verify_controller_attached_volume kubernetes.io/projected","172.16.66.112:10250 verify_controller_attached_volume kubernetes.io/secret","172.16.66.112:10250 volume_apply_access_control kubernetes.io/configmap","172.16.66.112:10250 volume_apply_access_control kubernetes.io/empty-dir","172.16.66.112:10250 volume_apply_access_control kubernetes.io/projected","172.16.66.112:10250 volume_apply_access_control kubernetes.io/secret","172.16.66.112:10250 volume_mount kubernetes.io/configmap","172.16.66.112:10250 volume_mount kubernetes.io/empty-dir","172.16.66.112:10250 volume_mount kubernetes.io/host-path","172.16.66.112:10250 volume_mount kubernetes.io/projected","172.16.66.112:10250 volume_mount kubernetes.io/secret","172.16.66.112:10250 volume_unmount kubernetes.io/configmap","172.16.66.112:10250 volume_unmount kubernetes.io/projected","172.16.66.112:10250 volume_unmount kubernetes.io/secret"
2023-02-22 11:00:00,0,0,0,0,0,0.0125,0,0.0250,0.183,0,0,0.412,0.0500,0,0,0,0,0,0,0,0.0375,0,0.0500,0.0500,0.0500,0,0,0.317,0.113,0,0,0,0,0,0,0,0,0.0375,0,0.0250,0.0250,0.0500,0,0,0.400,0.0792,0,0,0
2023-02-22 11:04:00,0,0,0,0,0,0.0125,0,0.0250,0.171,0,0,0.413,0.0500,0,0,0,0,0,0,0,0.0375,0,0.0500,0.0500,0.0542,0,0,0.317,0.117,0,0,0,0,0,0,0,0,0.0375,0,0.0250,0.0250,0.0500,0,0,0.417,0.0792,0,0,0
2023-02-22 11:08:00,0,0,0,0,0,0.0125,0,0.0250,0.167,0,0,0.425,0.0542,0,0,0,0,0,0,0,0.0458,0,0.0542,0.0625,0.0583,0,0,0.321,0.138,0,0,0,0,0,0,0,0,0.0375,0,0.0292,0.0333,0.0542,0,0,0.417,0.0917,0,0,0
2023-02-22 11:12:00,0,0,0,0,0,0.0167,0,0.0333,0.167,0,0,0.417,0.0500,0,0,0,0,0,0,0,0.0375,0,0.0500,0.0500,0.0500,0,0,0.317,0.113,0,0,0,0,0,0,0,0,0.0375,0,0.0250,0.0250,0.0500,0,0,0.408,0.0750,0,0,0
2023-02-22 11:16:00,0,0,0,0,0,0.0125,0,0.0208,0.175,0,0,0.421,0.0542,0,0,0,0,0,0,0,0.0417,0,0.0583,0.0542,0.0542,0,0,0.321,0.117,0,0,0,0,0,0,0,0,0.0500,0,0.0250,0.0167,0.0625,0,0,0.413,0.0750,0,0,0
2023-02-22 11:20:00,0,0,0,0,0,0.0125,0,0.0292,0.167,0,0,0.433,0.0500,0,0,0,0,0,0,0,0.0375,0,0.0500,0.0458,0.0542,0,0,0.325,0.113,0,0,0,0,0,0,0,0,0.0375,0,0.0292,0.0333,0.0500,0,0,0.413,0.0833,0,0,0
2023-02-22 11:24:00,0,0,0,0,0,0.0167,0,0.0292,0.196,0,0,0.433,0.0542,0,0,0,0,0,0,0,0.0375,0,0.0542,0.0542,0.0500,0,0,0.313,0.117,0,0,0,0,0,0,0,0,0.0500,0,0.0292,0.0250,0.0625,0,0,0.417,0.0792,0,0,0
2023-02-22 11:28:00,0,0,0,0,0,0.0125,0,0.0292,0.167,0,0,0.442,0.0542,0,0,0,0,0,0,0,0.0417,0,0.0583,0.0500,0.0583,0,0,0.338,0.121,0,0,0,0,0,0,0,0,0.0375,0,0.0250,0.0250,0.0500,0,0,0.421,0.0792,0,0,0
2023-02-22 11:32:00,0,0,0,0,0,0.0125,0,0.0250,0.163,0,0,0.408,0.0500,0,0,0,0,0,0,0,0.0375,0,0.0458,0.0500,0.0500,0,0,0.308,0.121,0,0,0,0,0,0,0,0,0.0500,0,0.0292,0.0250,0.0667,0,0,0.408,0.0792,0,0,0
2023-02-22 11:36:00,0,0,0,0,0,0.0125,0,0.0292,0.163,0,0,0.429,0.0583,0,0,0,0,0,0,0,0.0458,0,0.0542,0.0625,0.0583,0,0,0.317,0.121,0,0,0,0,0,0,0,0,0.0375,0,0.0292,0.0333,0.0500,0,0,0.417,0.0833,0,0,0
2023-02-22 11:40:00,0,0,0,0,0,0.0125,0,0.0208,0.179,0,0,0.417,0.0500,0,0,0,0,0,0,0,0.0375,0,0.0542,0.0542,0.0500,0,0,0.317,0.121,0,0,0,0,0,0,0,0,0.0375,0,0.0250,0.0250,0.0500,0,0,0.417,0.0750,0,0,0
2023-02-22 11:44:00,0,0,0,0,0,0.0167,0,0.0333,0.192,0,0,0.446,0.0542,0,0,0,0,0,0,0,0.0417,0,0.0583,0.0500,0.0583,0,0,0.325,0.125,0,0,0,0,0,0,0,0,0.0500,0,0.0292,0.0250,0.0625,0,0,0.404,0.0833,0,0,0
2023-02-22 11:48:00,0,0,0,0,0,0.0125,0,0.0250,0.163,0,0,0.408,0.0500,0,0,0,0,0,0,0,0.0333,0,0.0500,0.0542,0.0458,0,0,0.317,0.113,0,0,0,0,0,0,0,0,0.0250,0,0.0250,0.0333,0.0375,0,0,0.396,0.0833,0,0,0
2023-02-22 11:52:00,0,0,0,0,0,0.0125,0,0.0250,0.171,0,0,0.425,0.0542,0,0,0,0,0,0,0,0.0417,0,0.0542,0.0500,0.0542,0,0,0.321,0.117,0,0,0,0,0,0,0,0,0.0375,0,0.0250,0.0250,0.0500,0,0,0.413,0.0750,0,0,0
2023-02-22 11:56:00,0,0,0,0,0,0.0125,0,0.0292,0.188,0,0,0.425,0.0500,0,0,0,0,0,0,0,0.0333,0,0.0500,0.0500,0.0500,0,0,0.308,0.121,0,0,0,0,0,0,0,0,0.0500,0,0.0292,0.0250,0.0625,0,0,0.425,0.0750,0,0,0
2023-02-22 12:00:00,0,0,0,0,0,0.0125,0,0.0250,0.171,0,0,0.413,0.0500,0,0,0,0,0,0,0,0.0417,0,0.0542,0.0542,0.0542,0,0,0.317,0.117,0,0,0,0,0,0,0,0,0.0375,0,0.0250,0.0250,0.0542,0,0,0.408,0.0833,0,0,0
2023-02-22 12:04:00,0,0,0,0,0,0.0125,0,0.0250,0.171,0,0,0.429,0.0542,0,0,0,0,0,0,0,0.0458,0,0.0583,0.0625,0.0583,0,0,0.325,0.129,0,0,0,0,0,0,0,0,0.0375,0,0.0250,0.0250,0.0500,0,0,0.404,0.0833,0,0,0
2023-02-22 12:08:00,0,0,0,0,0,0.0125,0,0.0250,0.171,0,0,0.433,0.0583,0,0,0,0,0,0,0,0.0375,0,0.0542,0.0542,0.0500,0,0,0.325,0.121,0,0,0,0,0,0,0,0,0.0375,0,0.0250,0.0250,0.0500,0,0,0.396,0.0750,0,0,0
2023-02-22 12:12:00,0,0,0,0,0,0.0125,0,0.0250,0.196,0,0,0.413,0.0459,0,0,0,0,0,0,0,0.0417,0,0.0542,0.0500,0.0542,0,0,0.313,0.113,0,0,0,0,0,0,0,0,0.0500,0,0.0292,0.0250,0.0625,0,0,0.425,0.0750,0,0,0
2023-02-22 12:16:00,0,0,0,0,0,0.0125,0,0.0250,0.167,0,0,0.413,0.0583,0,0,0,0,0,0,0,0.0375,0,0.0500,0.0500,0.0542,0,0,0.329,0.133,0,0,0,0,0,0,0,0,0.0375,0,0.0292,0.0333,0.0500,0,0,0.404,0.0875,0,0,0
2023-02-22 12:20:00,0,0,0,0,0,0.0125,0,0.0250,0.171,0,0,0.425,0.0542,0,0,0,0,0,0,0,0.0375,0,0.0500,0.0500,0.0500,0,0,0.313,0.113,0,0,0,0,0,0,0,0,0.0375,0,0.0250,0.0250,0.0500,0,0,0.413,0.0750,0,0,0
2023-02-22 12:24:00,0,0,0,0,0,0.0167,0,0.0333,0.167,0,0,0.421,0.0542,0,0,0,0,0,0,0,0.0375,0,0.0583,0.0542,0.0542,0,0,0.338,0.125,0,0,0,0,0,0,0,0,0.0375,0,0.0250,0.0250,0.0500,0,0,0.425,0.0792,0,0,0
2023-02-22 12:28:00,0,0,0,0,0,0.0125,0,0.0208,0.196,0,0,0.438,0.0500,0,0,0,0,0,0,0,0.0375,0,0.0500,0.0500,0.0500,0,0,0.300,0.117,0,0,0,0,0,0,0,0,0.0500,0,0.0292,0.0250,0.0667,0,0,0.408,0.0792,0,0,0
2023-02-22 12:32:00,0,0,0,0,0,0.0125,0,0.0292,0.163,0,0,0.421,0.0542,0,0,0,0,0,0,0,0.0333,0,0.0542,0.0417,0.0458,0,0,0.325,0.104,0,0,0,0,0,0,0,0,0.0375,0,0.0250,0.0250,0.0500,0,0,0.408,0.0750,0,0,0
2023-02-22 12:36:00,0,0,0,0,0,0.0125,0,0.0250,0.167,0,0,0.421,0.0500,0,0,0,0,0,0,0,0.0375,0,0.0500,0.0500,0.0542,0,0,0.313,0.121,0,0,0,0,0,0,0,0,0.0375,0,0.0250,0.0250,0.0500,0,0,0.413,0.0792,0,0,0
2023-02-22 12:40:00,0,0,0,0,0,0.0167,0,0.0292,0.167,0,0,0.413,0.0542,0,0,0,0,0,0,0,0.0458,0,0.0542,0.0625,0.0583,0,0,0.321,0.121,0,0,0,0,0,0,0,0,0.0375,0,0.0250,0.0250,0.0500,0,0,0.396,0.0792,0,0,0
2023-02-22 12:44:00,0,0,0,0,0,0.0125,0,0.0250,0.167,0,0,0.421,0.0542,0,0,0,0,0,0,0,0.0292,0,0.0458,0.0375,0.0417,0,0,0.317,0.108,0,0,0,0,0,0,0,0,0.0500,0,0.0333,0.0333,0.0625,0,0,0.425,0.0875,0,0,0
2023-02-22 12:48:00,0,0,0,0,0,0.0167,0,0.0292,0.200,0,0,0.438,0.0542,0,0,0,0,0,0,0,0.0458,0,0.0542,0.0625,0.0583,0,0,0.317,0.125,0,0,0,0,0,0,0,0,0.0375,0,0.0250,0.0250,0.0500,0,0,0.404,0.0750,0,0,0
2023-02-22 12:52:00,0,0,0,0,0,0.00833,0,0.0208,0.163,0,0,0.429,0.0583,0,0,0,0,0,0,0,0.0375,0,0.0500,0.0500,0.0500,0,0,0.313,0.117,0,0,0,0,0,0,0,0,0.0375,0,0.0250,0.0250,0.0500,0,0,0.425,0.0750,0,0,0
2023-02-22 12:56:00,0,0,0,0,0,0.0167,0,0.0333,0.167,0,0,0.404,0.0500,0,0,0,0,0,0,0,0.0417,0,0.0583,0.0500,0.0542,0,0,0.313,0.113,0,0,0,0,0,0,0,0,0.0375,0,0.0250,0.0250,0.0542,0,0,0.408,0.0833,0,0,0
2023-02-22 13:00:00,0,0,0,0,0,0.0125,0,0.0250,0.167,0,0,0.421,0.0542,0,0,0,0,0,0,0,0.0333,0,0.0458,0.0500,0.0458,0,0,0.308,0.117,0,0,0,0,0,0,0,0,0.0375,0,0.0250,0.0250,0.0500,0,0,0.413,0.0792,0,0,0
2023-02-22 13:04:00,0,0,0,0,0,0.0125,0,0.0250,0.188,0,0,0.425,0.0542,0,0,0,0,0,0,0,0.0417,0,0.0542,0.0500,0.0542,0,0,0.317,0.113,0,0,0,0,0,0,0,0,0.0500,0,0.0292,0.0250,0.0625,0,0,0.400,0.0708,0,0,0
2023-02-22 13:08:00,0,0,0,0,0,0.0125,0,0.0250,0.163,0,0,0.421,0.0583,0,0,0,0,0,0,0,0.0375,0,0.0500,0.0500,0.0500,0,0,0.313,0.121,0,0,0,0,0,0,0,0,0.0375,0,0.0250,0.0250,0.0500,0,0,0.408,0.0792,0,0,0
2023-02-22 13:12:00,0,0,0,0,0,0.0167,0,0.0292,0.187,0,0,0.417,0.0500,0,0,0,0,0,0,0,0.0375,0,0.0583,0.0542,0.0500,0,0,0.308,0.117,0,0,0,0,0,0,0,0,0.0375,0,0.0250,0.0250,0.0500,0,0,0.396,0.0750,0,0,0
2023-02-22 13:16:00,0,0,0,0,0,0.0125,0,0.0250,0.167,0,0,0.413,0.0500,0,0,0,0,0,0,0,0.0375,0,0.0500,0.0500,0.0500,0,0,0.329,0.117,0,0,0,0,0,0,0,0,0.0375,0,0.0250,0.0250,0.0500,0,0,0.417,0.0792,0,0,0
2023-02-22 13:20:00,0,0,0,0,0,0.0125,0,0.0292,0.175,0,0,0.429,0.0542,0,0,0,0,0,0,0,0.0458,0,0.0583,0.0667,0.0583,0,0,0.321,0.133,0,0,0,0,0,0,0,0,0.0375,0,0.0250,0.0250,0.0500,0,0,0.408,0.0750,0,0,0
2023-02-22 13:24:00,0,0,0,0,0,0.0125,0,0.0250,0.163,0,0,0.421,0.0500,0,0,0,0,0,0,0,0.0417,0,0.0542,0.0500,0.0542,0,0,0.313,0.121,0,0,0,0,0,0,0,0,0.0250,0,0.0208,0.0250,0.0375,0,0,0.404,0.0750,0,0,0
2023-02-22 13:28:00,0,0,0,0,0,0.0125,0,0.0250,0.163,0,0,0.408,0.0500,0,0,0,0,0,0,0,0.0375,0,0.0500,0.0500,0.0500,0,0,0.317,0.113,0,0,0,0,0,0,0,0,0.0500,0,0.0333,0.0333,0.0667,0,0,0.425,0.0875,0,0,0
2023-02-22 13:32:00,0,0,0,0,0,0.0125,0,0.0250,0.167,0,0,0.421,0.0583,0,0,0,0,0,0,0,0.0375,0,0.0542,0.0500,0.0500,0,0,0.313,0.117,0,0,0,0,0,0,0,0,0.0250,0,0.0208,0.0250,0.0375,0,0,0.408,0.0792,0,0,0
2023-02-22 13:36:00,0,0,0,0,0,0.0125,0,0.0250,0.163,0,0,0.425,0.0500,0,0,0,0,0,0,0,0.0458,0,0.0542,0.0625,0.0583,0,0,0.325,0.125,0,0,0,0,0,0,0,0,0.0500,0,0.0333,0.0333,0.0625,0,0,0.417,0.0917,0,0,0
2023-02-22 13:40:00,0,0,0,0,0,0.0125,0,0.0250,0.192,0,0,0.446,0.0542,0,0,0,0,0,0,0,0.0417,0,0.0542,0.0500,0.0542,0,0,0.317,0.117,0,0,0,0,0,0,0,0,0.0375,0,0.0250,0.0250,0.0500,0,0,0.400,0.0750,0,0,0
2023-02-22 13:44:00,0,0,0,0,0,0.0167,0,0.0292,0.179,0,0,0.425,0.0542,0,0,0,0,0,0,0,0.0375,0,0.0542,0.0500,0.0500,0,0,0.304,0.108,0,0,0,0,0,0,0,0,0.0375,0,0.0250,0.0250,0.0542,0,0,0.417,0.0833,0,0,0
2023-02-22 13:48:00,0,0,0,0,0,0.0125,0,0.0250,0.163,0,0,0.421,0.0500,0,0,0,0,0,0,0,0.0458,0,0.0542,0.0625,0.0583,0,0,0.321,0.133,0,0,0,0,0,0,0,0,0.0375,0,0.0250,0.0250,0.0500,0,0,0.400,0.0750,0,0,0
2023-02-22 13:52:00,0,0,0,0,0,0.0125,0,0.0250,0.167,0,0,0.413,0.0542,0,0,0,0,0,0,0,0.0375,0,0.0542,0.0542,0.0542,0,0,0.329,0.125,0,0,0,0,0,0,0,0,0.0375,0,0.0292,0.0333,0.0500,0,0,0.417,0.0833,0,0,0
2023-02-22 13:56:00,0,0,0,0,0,0.0125,0,0.0292,0.188,0,0,0.433,0.0500,0,0,0,0,0,0,0,0.0375,0,0.0500,0.0500,0.0500,0,0,0.313,0.108,0,0,0,0,0,0,0,0,0.0500,0,0.0292,0.0250,0.0667,0,0,0.417,0.0792,0,0,0
2023-02-22 14:00:00,0,0,0,0,0,0.0125,0,0.0250,0.163,0,0,0.413,0.0542,0,0,0,0,0,0,0,0.0417,0,0.0542,0.0500,0.0583,0,0,0.337,0.125,0,0,0,0,0,0,0,0,0.0375,0,0.0250,0.0250,0.0500,0,0,0.396,0.0750,0,0,0
2023-02-22 14:04:00,0,0,0,0,0,0.0167,0,0.0292,0.175,0,0,0.425,0.0542,0,0,0,0,0,0,0,0.0375,0,0.0583,0.0542,0.0500,0,0,0.313,0.117,0,0,0,0,0,0,0,0,0.0375,0,0.0250,0.0250,0.0500,0,0,0.404,0.0792,0,0,0
2023-02-22 14:08:00,0,0,0,0,0,0.0125,0,0.0250,0.175,0,0,0.429,0.0500,0,0,0,0,0,0,0,0.0375,0,0.0542,0.0542,0.0500,0,0,0.321,0.125,0,0,0,0,0,0,0,0,0.0500,0,0.0292,0.0250,0.0625,0,0,0.408,0.0792,0,0,0
2023-02-22 14:12:00,0,0,0,0,0,0.0125,0,0.0292,0.188,0,0,0.438,0.0542,0,0,0,0,0,0,0,0.0458,0,0.0542,0.0625,0.0583,0,0,0.321,0.129,0,0,0,0,0,0,0,0,0.0375,0,0.0292,0.0333,0.0500,0,0,0.429,0.0833,0,0,0
2023-02-22 14:16:00,0,0,0,0,0,0.0167,0,0.0292,0.179,0,0,0.433,0.0542,0,0,0,0,0,0,0,0.0375,0,0.0500,0.0500,0.0500,0,0,0.329,0.121,0,0,0,0,0,0,0,0,0.0375,0,0.0250,0.0250,0.0542,0,0,0.417,0.0833,0,0,0
2023-02-22 14:20:00,0,0,0,0,0,0.00833,0,0.0208,0.163,0,0,0.404,0.0500,0,0,0,0,0,0,0,0.0375,0,0.0542,0.0500,0.0542,0,0,0.313,0.113,0,0,0,0,0,0,0,0,0.0375,0,0.0292,0.0333,0.0500,0,0,0.408,0.0833,0,0,0
2023-02-22 14:24:00,0,0,0,0,0,0.0167,0,0.0292,0.167,0,0,0.413,0.0500,0,0,0,0,0,0,0,0.0375,0,0.0500,0.0500,0.0500,0,0,0.308,0.113,0,0,0,0,0,0,0,0,0.0375,0,0.0250,0.0250,0.0500,0,0,0.396,0.0792,0,0,0
2023-02-22 14:28:00,0,0,0,0,0,0.0125,0,0.0292,0.163,0,0,0.417,0.0542,0,0,0,0,0,0,0,0.0417,0,0.0542,0.0500,0.0542,0,0,0.329,0.117,0,0,0,0,0,0,0,0,0.0500,0,0.0292,0.0250,0.0625,0,0,0.417,0.0750,0,0,0
2023-02-22 14:32:00,0,0,0,0,0,0.0125,0,0.0250,0.171,0,0,0.417,0.0458,0,0,0,0,0,0,0,0.0458,0,0.0542,0.0625,0.0583,0,0,0.321,0.129,0,0,0,0,0,0,0,0,0.0375,0,0.0250,0.0250,0.0500,0,0,0.421,0.0750,0,0,0
2023-02-22 14:36:00,0,0,0,0,0,0.0167,0,0.0292,0.183,0,0,0.438,0.0583,0,0,0,0,0,0,0,0.0375,0,0.0542,0.0542,0.0500,0,0,0.313,0.117,0,0,0,0,0,0,0,0,0.0375,0,0.0250,0.0250,0.0500,0,0,0.404,0.0792,0,0,0
2023-02-22 14:40:00,0,0,0,0,0,0.0125,0,0.0250,0.167,0,0,0.433,0.0583,0,0,0,0,0,0,0,0.0375,0,0.0458,0.0458,0.0542,0,0,0.321,0.117,0,0,0,0,0,0,0,0,0.0375,0,0.0250,0.0250,0.0542,0,0,0.429,0.0875,0,0,0
2023-02-22 14:44:00,0,0,0,0,0,0.0125,0,0.0208,0.171,0,0,0.417,0.0542,0,0,0,0,0,0,0,0.0375,0,0.0542,0.0500,0.0500,0,0,0.325,0.121,0,0,0,0,0,0,0,0,0.0500,0,0.0292,0.0250,0.0625,0,0,0.400,0.0750,0,0,0
2023-02-22 14:48:00,0,0,0,0,0,0.0125,0,0.0292,0.167,0,0,0.417,0.0500,0,0,0,0,0,0,0,0.0375,0,0.0542,0.0542,0.0500,0,0,0.321,0.121,0,0,0,0,0,0,0,0,0.0375,0,0.0292,0.0333,0.0500,0,0,0.417,0.0833,0,0,0
2023-02-22 14:52:00,0,0,0,0,0,0.0125,0,0.0208,0.192,0,0,0.425,0.0542,0,0,0,0,0,0,0,0.0458,0,0.0542,0.0625,0.0583,0,0,0.313,0.125,0,0,0,0,0,0,0,0,0.0375,0,0.0250,0.0250,0.0500,0,0,0.404,0.0792,0,0,0
2023-02-22 14:56:00,0,0,0,0,0,0.0125,0,0.0250,0.163,0,0,0.433,0.0542,0,0,0,0,0,0,0,0.0417,0,0.0542,0.0500,0.0583,0,0,0.321,0.117,0,0,0,0,0,0,0,0,0.0375,0,0.0250,0.0250,0.0500,0,0,0.413,0.0833,0,0,0
2023-02-22 15:00:00,0,0,0,0,0,0.0125,0,0.0292,0.171,0,0,0.425,0.0500,0,0,0,0,0,0,0,0.0375,0,0.0542,0.0500,0.0500,0,0,0.342,0.121,0,0,0,0,0,0,0,0,0.0375,0,0.0208,0.0167,0.0500,0,0,0.404,0.0708,0,0,0
2023-02-22 15:04:00,0,0,0,0,0,0.0125,0,0.0250,0.179,0,0,0.421,0.0500,0,0,0,0,0,0,0,0.0375,0,0.0500,0.0500,0.0500,0,0,0.304,0.117,0,0,0,0,0,0,0,0,0.0375,0,0.0250,0.0250,0.0542,0,0,0.417,0.0792,0,0,0
2023-02-22 15:08:00,0,0,0,0,0,0.0167,0,0.0333,0.183,0,0,0.438,0.0542,0,0,0,0,0,0,0,0.0375,0,0.0500,0.0500,0.0500,0,0,0.308,0.117,0,0,0,0,0,0,0,0,0.0375,0,0.0250,0.0250,0.0500,0,0,0.413,0.0750,0,0,0
2023-02-22 15:12:00,0,0,0,0,0,0.0125,0,0.0250,0.163,0,0,0.413,0.0500,0,0,0,0,0,0,0,0.0375,0,0.0542,0.0542,0.0500,0,0,0.329,0.117,0,0,0,0,0,0,0,0,0.0375,0,0.0292,0.0333,0.0500,0,0,0.413,0.0875,0,0,0
2023-02-22 15:16:00,0,0,0,0,0,0.0125,0,0.0250,0.188,0,0,0.429,0.0542,0,0,0,0,0,0,0,0.0458,0,0.0542,0.0625,0.0625,0,0,0.329,0.133,0,0,0,0,0,0,0,0,0.0500,0,0.0250,0.0167,0.0667,0,0,0.421,0.0750,0,0,0
2023-02-22 15:20:00,0,0,0,0,0,0.0125,0,0.0250,0.163,0,0,0.417,0.0542,0,0,0,0,0,0,0,0.0375,0,0.0500,0.0500,0.0500,0,0,0.317,0.117,0,0,0,0,0,0,0,0,0.0375,0,0.0292,0.0333,0.0500,0,0,0.392,0.0833,0,0,0
2023-02-22 15:24:00,0,0,0,0,0,0.0167,0,0.0333,0.175,0,0,0.425,0.0542,0,0,0,0,0,0,0,0.0375,0,0.0542,0.0500,0.0500,0,0,0.317,0.113,0,0,0,0,0,0,0,0,0.0375,0,0.0250,0.0250,0.0500,0,0,0.408,0.0750,0,0,0
2023-02-22 15:28:00,0,0,0,0,0,0.0125,0,0.0250,0.163,0,0,0.413,0.0500,0,0,0,0,0,0,0,0.0375,0,0.0500,0.0500,0.0500,0,0,0.308,0.121,0,0,0,0,0,0,0,0,0.0375,0,0.0250,0.0250,0.0500,0,0,0.413,0.0750,0,0,0
2023-02-22 15:32:00,0,0,0,0,0,0.0125,0,0.0250,0.171,0,0,0.429,0.0542,0,0,0,0,0,0,0,0.0375,0,0.0500,0.0500,0.0500,0,0,0.313,0.117,0,0,0,0,0,0,0,0,0.0250,0,0.0250,0.0333,0.0375,0,0,0.425,0.0875,0,0,0
2023-02-22 15:36:00,0,0,0,0,0,0.0125,0,0.0250,0.183,0,0,0.421,0.0542,0,0,0,0,0,0,0,0.0375,0,0.0542,0.0542,0.0542,0,0,0.325,0.125,0,0,0,0,0,0,0,0,0.0500,0,0.0292,0.0250,0.0667,0,0,0.425,0.0792,0,0,0
2023-02-22 15:40:00,0,0,0,0,0,0.0125,0,0.0250,0.175,0,0,0.433,0.0583,0,0,0,0,0,0,0,0.0375,0,0.0500,0.0500,0.0500,0,0,0.321,0.113,0,0,0,0,0,0,0,0,0.0375,0,0.0292,0.0333,0.0500,0,0,0.400,0.0875,0,0,0
2023-02-22 15:44:00,0,0,0,0,0,0.0125,0,0.0250,0.167,0,0,0.413,0.0500,0,0,0,0,0,0,0,0.0458,0,0.0583,0.0625,0.0583,0,0,0.317,0.133,0,0,0,0,0,0,0,0,0.0375,0,0.0250,0.0250,0.0500,0,0,0.425,0.0833,0,0,0
2023-02-22 15:48:00,0,0,0,0,0,0.0167,0,0.0292,0.192,0,0,0.433,0.0500,0,0,0,0,0,0,0,0.0375,0,0.0500,0.0500,0.0500,0,0,0.304,0.113,0,0,0,0,0,0,0,0,0.0375,0,0.0250,0.0250,0.0500,0,0,0.413,0.0792,0,0,0
2023-02-22 15:52:00,0,0,0,0,0,0.0125,0,0.0250,0.158,0,0,0.417,0.0500,0,0,0,0,0,0,0,0.0375,0,0.0500,0.0500,0.0542,0,0,0.321,0.121,0,0,0,0,0,0,0,0,0.0500,0,0.0292,0.0250,0.0667,0,0,0.421,0.0792,0,0,0
2023-02-22 15:56:00,0,0,0,0,0,0.0125,0,0.0250,0.167,0,0,0.425,0.0500,0,0,0,0,0,0,0,0.0375,0,0.0500,0.0500,0.0500,0,0,0.325,0.121,0,0,0,0,0,0,0,0,0.0375,0,0.0250,0.0250,0.0500,0,0,0.413,0.0833,0,0,0
2023-02-22 16:00:00,0,0,0,0,0,0.0167,0,0.0292,0.171,0,0,0.429,0.0583,0,0,0,0,0,0,0,0.0417,0,0.0583,0.0542,0.0542,0,0,0.321,0.117,0,0,0,0,0,0,0,0,0.0375,0,0.0292,0.0333,0.0500,0,0,0.408,0.0833,0,0,0
2023-02-22 16:04:00,0,0,0,0,0,0.0125,0,0.0292,0.171,0,0,0.442,0.0542,0,0,0,0,0,0,0,0.0375,0,0.0542,0.0500,0.0500,0,0,0.313,0.117,0,0,0,0,0,0,0,0,0.0375,0,0.0250,0.0250,0.0500,0,0,0.408,0.0792,0,0,0
2023-02-22 16:08:00,0,0,0,0,0,0.0125,0,0.0250,0.183,0,0,0.413,0.0542,0,0,0,0,0,0,0,0.0375,0,0.0500,0.0500,0.0542,0,0,0.321,0.117,0,0,0,0,0,0,0,0,0.0375,0,0.0250,0.0250,0.0542,0,0,0.417,0.0792,0,0,0
2023-02-22 16:12:00,0,0,0,0,0,0.0125,0,0.0250,0.171,0,0,0.433,0.0542,0,0,0,0,0,0,0,0.0375,0,0.0542,0.0500,0.0500,0,0,0.321,0.125,0,0,0,0,0,0,0,0,0.0500,0,0.0292,0.0250,0.0625,0,0,0.413,0.0792,0,0,0
2023-02-22 16:16:00,0,0,0,0,0,0.0167,0,0.0292,0.188,0,0,0.433,0.0542,0,0,0,0,0,0,0,0.0375,0,0.0500,0.0500,0.0500,0,0,0.313,0.113,0,0,0,0,0,0,0,0,0.0375,0,0.0250,0.0250,0.0500,0,0,0.417,0.0792,0,0,0
2023-02-22 16:20:00,0,0,0,0,0,0.0125,0,0.0292,0.154,0,0,0.413,0.0500,0,0,0,0,0,0,0,0.0417,0,0.0542,0.0500,0.0542,0,0,0.325,0.117,0,0,0,0,0,0,0,0,0.0375,0,0.0250,0.0250,0.0500,0,0,0.413,0.0750,0,0,0
2023-02-22 16:24:00,0,0,0,0,0,0.0125,0,0.0250,0.196,0,0,0.429,0.0542,0,0,0,0,0,0,0,0.0375,0,0.0500,0.0500,0.0500,0,0,0.325,0.117,0,0,0,0,0,0,0,0,0.0375,0,0.0250,0.0250,0.0500,0,0,0.400,0.0750,0,0,0
2023-02-22 16:28:00,0,0,0,0,0,0.0125,0,0.0250,0.142,0,0,0.417,0.0542,0,0,0,0,0,0,0,0.0375,0,0.0500,0.0500,0.0500,0,0,0.300,0.108,0,0,0,0,0,0,0,0,0.0375,0,0.0250,0.0250,0.0542,0,0,0.408,0.0792,0,0,0
2023-02-22 16:32:00,0,0,0,0,0,0.0167,0,0.0292,0.192,0,0,0.429,0.0500,0,0,0,0,0,0,0,0.0375,0,0.0583,0.0542,0.0500,0,0,0.317,0.121,0,0,0,0,0,0,0,0,0.0500,0,0.0292,0.0250,0.0625,0,0,0.404,0.0792,0,0,0
2023-02-22 16:36:00,0,0,0,0,0,0.00833,0,0.0167,0.163,0,0,0.408,0.0500,0,0,0,0,0,0,0,0.0500,0,0.0583,0.0625,0.0625,0,0,0.329,0.133,0,0,0,0,0,0,0,0,0.0375,0,0.0250,0.0250,0.0500,0,0,0.413,0.0792,0,0,0
2023-02-22 16:40:00,0,0,0,0,0,0.0167,0,0.0333,0.167,0,0,0.429,0.0542,0,0,0,0,0,0,0,0.0375,0,0.0500,0.0500,0.0500,0,0,0.304,0.108,0,0,0,0,0,0,0,0,0.0375,0,0.0250,0.0250,0.0500,0,0,0.408,0.0750,0,0,0
2023-02-22 16:44:00,0,0,0,0,0,0.0125,0,0.0250,0.179,0,0,0.438,0.0583,0,0,0,0,0,0,0,0.0375,0,0.0500,0.0500,0.0500,0,0,0.313,0.117,0,0,0,0,0,0,0,0,0.0500,0,0.0333,0.0333,0.0625,0,0,0.408,0.0917,0,0,0
2023-02-22 16:48:00,0,0,0,0,0,0.00833,0,0.0208,0.171,0,0,0.425,0.0500,0,0,0,0,0,0,0,0.0417,0,0.0542,0.0500,0.0583,0,0,0.333,0.125,0,0,0,0,0,0,0,0,0.0375,0,0.0250,0.0250,0.0500,0,0,0.404,0.0750,0,0,0
2023-02-22 16:52:00,0,0,0,0,0,0.0125,0,0.0250,0.167,0,0,0.425,0.0542,0,0,0,0,0,0,0,0.0375,0,0.0542,0.0500,0.0500,0,0,0.308,0.113,0,0,0,0,0,0,0,0,0.0375,0,0.0250,0.0250,0.0542,0,0,0.417,0.0792,0,0,0
2023-02-22 16:56:00,0,0,0,0,0,0.0167,0,0.0292,0.179,0,0,0.425,0.0542,0,0,0,0,0,0,0,0.0375,0,0.0500,0.0500,0.0500,0,0,0.317,0.117,0,0,0,0,0,0,0,0,0.0375,0,0.0292,0.0333,0.0500,0,0,0.421,0.0833,0,0,0
2023-02-22 17:00:00,0,0,0,0,0,0.0125,0,0.0250,0.163,0,0,0.400,0.0458,0,0,0,0,0,0,0,0.0375,0,0.0583,0.0542,0.0500,0,0,0.321,0.125,0,0,0,0,0,0,0,0,0.0500,0,0.0292,0.0250,0.0625,0,0,0.396,0.0750,0,0,0
2023-02-22 17:04:00,0,0,0,0,0,0.0125,0,0.0292,0.171,0,0,0.442,0.0583,0,0,0,0,0,0,0,0.0375,0,0.0500,0.0500,0.0542,0,0,0.333,0.121,0,0,0,0,0,0,0,0,0.0375,0,0.0292,0.0333,0.0500,0,0,0.413,0.0875,0,0,0
2023-02-22 17:08:00,0,0,0,0,0,0.0167,0,0.0292,0.175,0,0,0.429,0.0542,0,0,0,0,0,0,0,0.0417,0,0.0542,0.0500,0.0542,0,0,0.313,0.113,0,0,0,0,0,0,0,0,0.0375,0,0.0250,0.0250,0.0500,0,0,0.404,0.0750,0,0,0
2023-02-22 17:12:00,0,0,0,0,0,0.00833,0,0.0208,0.158,0,0,0.408,0.0500,0,0,0,0,0,0,0,0.0375,0,0.0500,0.0500,0.0500,0,0,0.321,0.117,0,0,0,0,0,0,0,0,0.0375,0,0.0250,0.0250,0.0500,0,0,0.413,0.0750,0,0,0
2023-02-22 17:16:00,0,0,0,0,0,0.0167,0,0.0292,0.192,0,0,0.438,0.0542,0,0,0,0,0,0,0,0.0375,0,0.0500,0.0500,0.0500,0,0,0.313,0.117,0,0,0,0,0,0,0,0,0.0375,0,0.0250,0.0250,0.0542,0,0,0.404,0.0792,0,0,0
2023-02-22 17:20:00,0,0,0,0,0,0.0125,0,0.0250,0.171,0,0,0.429,0.0542,0,0,0,0,0,0,0,0.0458,0,0.0542,0.0625,0.0583,0,0,0.317,0.129,0,0,0,0,0,0,0,0,0.0500,0,0.0292,0.0250,0.0625,0,0,0.417,0.0792,0,0,0
2023-02-22 17:24:00,0,0,0,0,0,0.0167,0,0.0333,0.163,0,0,0.421,0.0583,0,0,0,0,0,0,0,0.0375,0,0.0542,0.0542,0.0500,0,0,0.317,0.125,0,0,0,0,0,0,0,0,0.0375,0,0.0250,0.0250,0.0500,0,0,0.404,0.0750,0,0,0
2023-02-22 17:28:00,0,0,0,0,0,0.0125,0,0.0250,0.175,0,0,0.433,0.0458,0,0,0,0,0,0,0,0.0375,0,0.0500,0.0500,0.0500,0,0,0.308,0.117,0,0,0,0,0,0,0,0,0.0500,0,0.0292,0.0250,0.0625,0,0,0.404,0.0750,0,0,0
2023-02-22 17:32:00,0,0,0,0,0,0.0125,0,0.0250,0.163,0,0,0.417,0.0542,0,0,0,0,0,0,0,0.0417,0,0.0583,0.0542,0.0583,0,0,0.333,0.121,0,0,0,0,0,0,0,0,0.0375,0,0.0292,0.0333,0.0500,0,0,0.417,0.0833,0,0,0
2023-02-22 17:36:00,0,0,0,0,0,0.0125,0,0.0250,0.163,0,0,0.413,0.0500,0,0,0,0,0,0,0,0.0458,0,0.0542,0.0625,0.0583,0,0,0.317,0.125,0,0,0,0,0,0,0,0,0.0375,0,0.0250,0.0250,0.0500,0,0,0.400,0.0792,0,0,0
2023-02-22 17:40:00,0,0,0,0,0,0.0167,0,0.0292,0.167,0,0,0.421,0.0500,0,0,0,0,0,0,0,0.0375,0,0.0500,0.0500,0.0542,0,0,0.317,0.125,0,0,0,0,0,0,0,0,0.0375,0,0.0250,0.0250,0.0542,0,0,0.421,0.0792,0,0,0
2023-02-22 17:44:00,0,0,0,0,0,0.0125,0,0.0250,0.167,0,0,0.425,0.0542,0,0,0,0,0,0,0,0.0458,0,0.0583,0.0625,0.0583,0,0,0.321,0.125,0,0,0,0,0,0,0,0,0.0375,0,0.0250,0.0250,0.0500,0,0,0.413,0.0792,0,0,0
2023-02-22 17:48:00,0,0,0,0,0,0.0125,0,0.0250,0.171,0,0,0.425,0.0542,0,0,0,0,0,0,0,0.0375,0,0.0542,0.0542,0.0500,0,0,0.329,0.121,0,0,0,0,0,0,0,0,0.0500,0,0.0292,0.0250,0.0583,0,0,0.396,0.0708,0,0,0
2023-02-22 17:52:00,0,0,0,0,0,0.0167,0,0.0333,0.200,0,0,0.438,0.0583,0,0,0,0,0,0,0,0.0375,0,0.0500,0.0500,0.0500,0,0,0.321,0.117,0,0,0,0,0,0,0,0,0.0375,0,0.0250,0.0250,0.0500,0,0,0.400,0.0833,0,0,0
2023-02-22 17:56:00,0,0,0,0,0,0.0125,0,0.0250,0.163,0,0,0.421,0.0542,0,0,0,0,0,0,0,0.0375,0,0.0500,0.0500,0.0500,0,0,0.308,0.117,0,0,0,0,0,0,0,0,0.0375,0,0.0250,0.0250,0.0500,0,0,0.421,0.0792,0,0,0
2023-02-22 18:00:00,0,0,0,0,0,0.0125,0,0.0250,0.163,0,0,0.417,0.0500,0,0,0,0,0,0,0,0.0375,0,0.0500,0.0500,0.0500,0,0,0.313,0.117,0,0,0,0,0,0,0,0,0.0375,0,0.0250,0.0250,0.0500,0,0,0.396,0.0750,0,0,0
2023-02-22 18:04:00,0,0,0,0,0,0.0125,0,0.0250,0.167,0,0,0.417,0.0541,0,0,0,0,0,0,0,0.0458,0,0.0583,0.0667,0.0583,0,0,0.317,0.129,0,0,0,0,0,0,0,0,0.0375,0,0.0292,0.0333,0.0542,0,0,0.425,0.0917,0,0,0
2023-02-22 18:08:00,0,0,0,0,0,0.0125,0,0.0250,0.175,0,0,0.429,0.0542,0,0,0,0,0,0,0,0.0417,0,0.0500,0.0458,0.0542,0,0,0.329,0.113,0,0,0,0,0,0,0,0,0.0375,0,0.0250,0.0250,0.0500,0,0,0.417,0.0792,0,0,0
2023-02-22 18:12:00,0,0,0,0,0,0.0125,0,0.0250,0.167,0,0,0.421,0.0500,0,0,0,0,0,0,0,0.0375,0,0.0500,0.0500,0.0542,0,0,0.333,0.129,0,0,0,0,0,0,0,0,0.0375,0,0.0250,0.0250,0.0500,0,0,0.408,0.0833,0,0,0
2023-02-22 18:16:00,0,0,0,0,0,0.0125,0,0.0250,0.188,0,0,0.433,0.0542,0,0,0,0,0,0,0,0.0375,0,0.0500,0.0500,0.0500,0,0,0.304,0.108,0,0,0,0,0,0,0,0,0.0500,0,0.0292,0.0250,0.0667,0,0,0.404,0.0792,0,0,0
2023-02-22 18:20:00,0,0,0,0,0,0.0167,0,0.0292,0.171,0,0,0.429,0.0500,0,0,0,0,0,0,0,0.0375,0,0.0583,0.0542,0.0500,0,0,0.329,0.121,0,0,0,0,0,0,0,0,0.0375,0,0.0292,0.0333,0.0500,0,0,0.408,0.0875,0,0,0
2023-02-22 18:24:00,0,0,0,0,0,0.0125,0,0.0292,0.171,0,0,0.417,0.0542,0,0,0,0,0,0,0,0.0458,0,0.0542,0.0625,0.0583,0,0,0.317,0.125,0,0,0,0,0,0,0,0,0.0500,0,0.0292,0.0250,0.0625,0,0,0.413,0.0750,0,0,0
2023-02-22 18:28:00,0,0,0,0,0,0.0125,0,0.0250,0.167,0,0,0.421,0.0583,0,0,0,0,0,0,0,0.0375,0,0.0542,0.0542,0.0500,0,0,0.300,0.117,0,0,0,0,0,0,0,0,0.0375,0,0.0250,0.0250,0.0500,0,0,0.396,0.0750,0,0,0
2023-02-22 18:32:00,0,0,0,0,0,0.0125,0,0.0250,0.175,0,0,0.433,0.0500,0,0,0,0,0,0,0,0.0417,0,0.0542,0.0500,0.0542,0,0,0.333,0.117,0,0,0,0,0,0,0,0,0.0375,0,0.0250,0.0250,0.0500,0,0,0.408,0.0792,0,0,0
2023-02-22 18:36:00,0,0,0,0,0,0.0125,0,0.0250,0.167,0,0,0.417,0.0500,0,0,0,0,0,0,0,0.0375,0,0.0542,0.0500,0.0500,0,0,0.317,0.117,0,0,0,0,0,0,0,0,0.0375,0,0.0250,0.0250,0.0542,0,0,0.421,0.0875,0,0,0
2023-02-22 18:40:00,0,0,0,0,0,0.0125,0,0.0292,0.200,0,0,0.438,0.0583,0,0,0,0,0,0,0,0.0458,0,0.0542,0.0625,0.0583,0,0,0.308,0.125,0,0,0,0,0,0,0,0,0.0375,0,0.0292,0.0333,0.0500,0,0,0.408,0.0833,0,0,0
2023-02-22 18:44:00,0,0,0,0,0,0.0125,0,0.0250,0.158,0,0,0.413,0.0500,0,0,0,0,0,0,0,0.0375,0,0.0500,0.0500,0.0500,0,0,0.308,0.117,0,0,0,0,0,0,0,0,0.0500,0,0.0292,0.0250,0.0625,0,0,0.404,0.0792,0,0,0
2023-02-22 18:48:00,0,0,0,0,0,0.0167,0,0.0292,0.167,0,0,0.421,0.0583,0,0,0,0,0,0,0,0.0417,0,0.0583,0.0542,0.0583,0,0,0.338,0.125,0,0,0,0,0,0,0,0,0.0375,0,0.0250,0.0250,0.0500,0,0,0.400,0.0708,0,0,0
2023-02-22 18:52:00,0,0,0,0,0,0.0125,0,0.0250,0.192,0,0,0.446,0.0583,0,0,0,0,0,0,0,0.0375,0,0.0542,0.0500,0.0458,0,0,0.308,0.108,0,0,0,0,0,0,0,0,0.0375,0,0.0250,0.0250,0.0500,0,0,0.417,0.0833,0,0,0
2023-02-22 18:56:00,0,0,0,0,0,0.0125,0,0.0250,0.163,0,0,0.404,0.0500,0,0,0,0,0,0,0,0.0375,0,0.0500,0.0500,0.0542,0,0,0.321,0.117,0,0,0,0,0,0,0,0,0.0375,0,0.0250,0.0250,0.0500,0,0,0.413,0.0750,0,0,0
2023-02-22 19:00:00,0,0,0,0,0,0.0125,0,0.0250,0.163,0,0,0.429,0.0542,0,0,0,0,0,0,0,0.0375,0,0.0500,0.0500,0.0500,0,0,0.304,0.113,0,0,0,0,0,0,0,0,0.0375,0,0.0250,0.0250,0.0542,0,0,0.400,0.0792,0,0,0
2023-02-22 19:04:00,0,0,0,0,0,0.0125,0,0.0292,0.167,0,0,0.413,0.0542,0,0,0,0,0,0,0,0.0417,0,0.0542,0.0500,0.0542,0,0,0.321,0.121,0,0,0,0,0,0,0,0,0.0375,0,0.0250,0.0250,0.0500,0,0,0.417,0.0792,0,0,0
2023-02-22 19:08:00,0,0,0,0,0,0.0167,0,0.0292,0.171,0,0,0.446,0.0583,0,0,0,0,0,0,0,0.0375,0,0.0542,0.0542,0.0500,0,0,0.325,0.117,0,0,0,0,0,0,0,0,0.0375,0,0.0292,0.0333,0.0500,0,0,0.400,0.0833,0,0,0
2023-02-22 19:12:00,0,0,0,0,0,0.0125,0,0.0250,0.163,0,0,0.417,0.0542,0,0,0,0,0,0,0,0.0458,0,0.0542,0.0625,0.0583,0,0,0.313,0.129,0,0,0,0,0,0,0,0,0.0500,0,0.0292,0.0250,0.0625,0,0,0.404,0.0750,0,0,0
2023-02-22 19:16:00,0,0,0,0,0,0.0167,0,0.0292,0.179,0,0,0.421,0.0500,0,0,0,0,0,0,0,0.0375,0,0.0500,0.0500,0.0500,0,0,0.308,0.113,0,0,0,0,0,0,0,0,0.0375,0,0.0250,0.0250,0.0542,0,0,0.413,0.0875,0,0,0
2023-02-22 19:20:00,0,0,0,0,0,0.0125,0,0.0250,0.188,0,0,0.438,0.0500,0,0,0,0,0,0,0,0.0375,0,0.0542,0.0542,0.0500,0,0,0.325,0.121,0,0,0,0,0,0,0,0,0.0375,0,0.0250,0.0250,0.0500,0,0,0.413,0.0750,0,0,0
2023-02-22 19:24:00,0,0,0,0,0,0.0125,0,0.0250,0.163,0,0,0.408,0.0500,0,0,0,0,0,0,0,0.0375,0,0.0500,0.0500,0.0542,0,0,0.329,0.117,0,0,0,0,0,0,0,0,0.0375,0,0.0292,0.0333,0.0500,0,0,0.413,0.0875,0,0,0
2023-02-22 19:28:00,0,0,0,0,0,0.0125,0,0.0250,0.163,0,0,0.417,0.0542,0,0,0,0,0,0,0,0.0417,0,0.0542,0.0500,0.0542,0,0,0.300,0.117,0,0,0,0,0,0,0,0,0.0375,0,0.0250,0.0250,0.0542,0,0,0.433,0.0792,0,0,0
2023-02-22 19:32:00,0,0,0,0,0,0.0167,0,0.0292,0.175,0,0,0.421,0.0542,0,0,0,0,0,0,0,0.0375,0,0.0542,0.0500,0.0500,0,0,0.321,0.117,0,0,0,0,0,0,0,0,0.0500,0,0.0292,0.0250,0.0625,0,0,0.404,0.0792,0,0,0
2023-02-22 19:36:00,0,0,0,0,0,0.0125,0,0.0250,0.179,0,0,0.429,0.0542,0,0,0,0,0,0,0,0.0458,0,0.0583,0.0667,0.0583,0,0,0.313,0.129,0,0,0,0,0,0,0,0,0.0375,0,0.0250,0.0250,0.0500,0,0,0.392,0.0750,0,0,0
2023-02-22 19:40:00,0,0,0,0,0,0.0125,0,0.0250,0.171,0,0,0.421,0.0542,0,0,0,0,0,0,0,0.0375,0,0.0500,0.0500,0.0542,0,0,0.342,0.121,0,0,0,0,0,0,0,0,0.0375,0,0.0292,0.0333,0.0500,0,0,0.425,0.0833,0,0,0
2023-02-22 19:44:00,0,0,0,0,0,0.0167,0,0.0292,0.175,0,0,0.417,0.0500,0,0,0,0,0,0,0,0.0458,0,0.0542,0.0625,0.0583,0,0,0.304,0.125,0,0,0,0,0,0,0,0,0.0375,0,0.0250,0.0250,0.0500,0,0,0.417,0.0792,0,0,0
2023-02-22 19:48:00,0,0,0,0,0,0.0125,0,0.0250,0.167,0,0,0.433,0.0625,0,0,0,0,0,0,0,0.0375,0,0.0500,0.0500,0.0500,0,0,0.313,0.117,0,0,0,0,0,0,0,0,0.0375,0,0.0250,0.0250,0.0542,0,0,0.421,0.0833,0,0,0
2023-02-22 19:52:00,0,0,0,0,0,0.0125,0,0.0292,0.163,0,0,0.417,0.0500,0,0,0,0,0,0,0,0.0375,0,0.0583,0.0542,0.0500,0,0,0.313,0.121,0,0,0,0,0,0,0,0,0.0375,0,0.0250,0.0250,0.0500,0,0,0.408,0.0750,0,0,0
2023-02-22 19:56:00,0,0,0,0,0,0.0167,0,0.0292,0.175,0,0,0.433,0.0542,0,0,0,0,0,0,0,0.0500,0,0.0583,0.0625,0.0667,0,0,0.350,0.138,0,0,0,0,0,0,0,0,0.0250,0,0.0208,0.0250,0.0375,0,0,0.404,0.0750,0,0,0
2023-02-22 20:00:00,0,0,0,0,0,0.0125,0,0.0250,0.183,0,0,0.408,0.0500,0,0,0,0,0,0,0,0.0375,0,0.0500,0.0500,0.0500,0,0,0.304,0.108,0,0,0,0,0,0,0,0,0.0500,0,0.0292,0.0250,0.0625,0,0,0.413,0.0792,0,0,0
2023-02-22 20:04:00,0,0,0,0,0,0.0125,0,0.0292,0.171,0,0,0.425,0.0458,0,0,0,0,0,0,0,0.0375,0,0.0542,0.0500,0.0500,0,0,0.321,0.121,0,0,0,0,0,0,0,0,0.0250,0,0.0208,0.0250,0.0375,0,0,0.404,0.0750,0,0,0
2023-02-22 20:08:00,0,0,0,0,0,0.0125,0,0.0250,0.167,0,0,0.425,0.0542,0,0,0,0,0,0,0,0.0458,0,0.0583,0.0667,0.0583,0,0,0.321,0.129,0,0,0,0,0,0,0,0,0.0500,0,0.0333,0.0333,0.0625,0,0,0.413,0.0833,0,0,0
2023-02-22 20:12:00,0,0,0,0,0,0.0125,0,0.0250,0.167,0,0,0.433,0.0542,0,0,0,0,0,0,0,0.0375,0,0.0500,0.0500,0.0500,0,0,0.317,0.121,0,0,0,0,0,0,0,0,0.0375,0,0.0250,0.0250,0.0500,0,0,0.400,0.0750,0,0,0
2023-02-22 20:16:00,0,0,0,0,0,0.0125,0,0.0250,0.171,0,0,0.413,0.0542,0,0,0,0,0,0,0,0.0417,0,0.0542,0.0500,0.0542,0,0,0.317,0.113,0,0,0,0,0,0,0,0,0.0375,0,0.0250,0.0250,0.0500,0,0,0.400,0.0792,0,0,0
2023-02-22 20:20:00,0,0,0,0,0,0.0167,0,0.0292,0.167,0,0,0.404,0.0458,0,0,0,0,0,0,0,0.0375,0,0.0542,0.0542,0.0500,0,0,0.317,0.125,0,0,0,0,0,0,0,0,0.0375,0,0.0250,0.0250,0.0500,0,0,0.400,0.0708,0,0,0
2023-02-22 20:24:00,0,0,0,0,0,0.0125,0,0.0292,0.188,0,0,0.442,0.0583,0,0,0,0,0,0,0,0.0375,0,0.0500,0.0500,0.0500,0,0,0.317,0.113,0,0,0,0,0,0,0,0,0.0375,0,0.0250,0.0250,0.0500,0,0,0.421,0.0875,0,0,0
2023-02-22 20:28:00,0,0,0,0,0,0.0167,0,0.0292,0.167,0,0,0.429,0.0583,0,0,0,0,0,0,0,0.0375,0,0.0500,0.0500,0.0500,0,0,0.300,0.113,0,0,0,0,0,0,0,0,0.0375,0,0.0292,0.0333,0.0500,0,0,0.404,0.0833,0,0,0
2023-02-22 20:32:00,0,0,0,0,0,0.0125,0,0.0250,0.175,0,0,0.421,0.0500,0,0,0,0,0,0,0,0.0458,0,0.0583,0.0625,0.0583,0,0,0.325,0.125,0,0,0,0,0,0,0,0,0.0375,0,0.0250,0.0250,0.0542,0,0,0.425,0.0792,0,0,0
2023-02-22 20:36:00,0,0,0,0,0,0.0125,0,0.0250,0.171,0,0,0.425,0.0458,0,0,0,0,0,0,0,0.0375,0,0.0500,0.0500,0.0542,0,0,0.321,0.125,0,0,0,0,0,0,0,0,0.0500,0,0.0292,0.0250,0.0625,0,0,0.408,0.0792,0,0,0
2023-02-22 20:40:00,0,0,0,0,0,0.0125,0,0.0250,0.192,0,0,0.433,0.0542,0,0,0,0,0,0,0,0.0375,0,0.0500,0.0500,0.0500,0,0,0.317,0.113,0,0,0,0,0,0,0,0,0.0375,0,0.0250,0.0250,0.0500,0,0,0.400,0.0750,0,0,0
2023-02-22 20:44:00,0,0,0,0,0,0.0125,0,0.0250,0.163,0,0,0.421,0.0542,0,0,0,0,0,0,0,0.0375,0,0.0500,0.0500,0.0500,0,0,0.312,0.121,0,0,0,0,0,0,0,0,0.0375,0,0.0250,0.0250,0.0500,0,0,0.421,0.0750,0,0,0
2023-02-22 20:48:00,0,0,0,0,0,0.0125,0,0.0250,0.175,0,0,0.417,0.0542,0,0,0,0,0,0,0,0.0417,0,0.0542,0.0500,0.0542,0,0,0.317,0.113,0,0,0,0,0,0,0,0,0.0500,0,0.0292,0.0250,0.0625,0,0,0.413,0.0792,0,0,0
2023-02-22 20:52:00,0,0,0,0,0,0.0125,0,0.0292,0.163,0,0,0.425,0.0500,0,0,0,0,0,0,0,0.0375,0,0.0500,0.0500,0.0542,0,0,0.321,0.117,0,0,0,0,0,0,0,0,0.0375,0,0.0250,0.0250,0.0542,0,0,0.413,0.0833,0,0,0
2023-02-22 20:56:00,0,0,0,0,0,0.0125,0,0.0250,0.162,0,0,0.412,0.0541,0,0,0,0,0,0,0,0.0375,0,0.0500,0.0500,0.0500,0,0,0.317,0.117,0,0,0,0,0,0,0,0,0.0500,0,0.0292,0.0250,0.0625,0,0,0.417,0.0792,0,0,0
2023-02-22 21:00:00,0,0,0,0,0,0.0125,0,0.0292,0.167,0,0,0.425,0.0542,0,0,0,0,0,0,0,0.0417,0,0.0583,0.0500,0.0542,0,0,0.317,0.117,0,0,0,0,0,0,0,0,0.0375,0,0.0292,0.0333,0.0500,0,0,0.413,0.0833,0,0,0
2023-02-22 21:04:00,0,0,0,0,0,0.0167,0,0.0292,0.196,0,0,0.417,0.0542,0,0,0,0,0,0,0,0.0375,0,0.0542,0.0542,0.0500,0,0,0.313,0.121,0,0,0,0,0,0,0,0,0.0375,0,0.0250,0.0250,0.0500,0,0,0.400,0.0792,0,0,0
2023-02-22 21:08:00,0,0,0,0,0,0.0125,0,0.0250,0.175,0,0,0.442,0.0500,0,0,0,0,0,0,0,0.0375,0,0.0500,0.0500,0.0500,0,0,0.308,0.113,0,0,0,0,0,0,0,0,0.0375,0,0.0250,0.0250,0.0500,0,0,0.413,0.0750,0,0,0
2023-02-22 21:12:00,0,0,0,0,0,0.0125,0,0.0250,0.171,0,0,0.417,0.0500,0,0,0,0,0,0,0,0.0458,0,0.0542,0.0625,0.0625,0,0,0.321,0.129,0,0,0,0,0,0,0,0,0.0500,0,0.0333,0.0333,0.0625,0,0,0.421,0.0875,0,0,0
2023-02-22 21:16:00,0,0,0,0,0,0.0125,0,0.0250,0.150,0,0,0.421,0.0583,0,0,0,0,0,0,0,0.0375,0,0.0542,0.0500,0.0500,0,0,0.317,0.117,0,0,0,0,0,0,0,0,0.0375,0,0.0250,0.0250,0.0500,0,0,0.396,0.0708,0,0,0
2023-02-22 21:20:00,0,0,0,0,0,0.0125,0,0.0250,0.192,0,0,0.438,0.0542,0,0,0,0,0,0,0,0.0417,0,0.0542,0.0500,0.0542,0,0,0.308,0.113,0,0,0,0,0,0,0,0,0.0375,0,0.0250,0.0250,0.0500,0,0,0.396,0.0833,0,0,0
2023-02-22 21:24:00,0,0,0,0,0,0.0125,0,0.0250,0.163,0,0,0.413,0.0542,0,0,0,0,0,0,0,0.0375,0,0.0542,0.0542,0.0500,0,0,0.333,0.121,0,0,0,0,0,0,0,0,0.0500,0,0.0292,0.0250,0.0625,0,0,0.425,0.0792,0,0,0
2023-02-22 21:28:00,0,0,0,0,0,0.0125,0,0.0250,0.183,0,0,0.433,0.0583,0,0,0,0,0,0,0,0.0417,0,0.0542,0.0500,0.0583,0,0,0.333,0.125,0,0,0,0,0,0,0,0,0.0375,0,0.0292,0.0333,0.0500,0,0,0.417,0.0833,0,0,0
2023-02-22 21:32:00,0,0,0,0,0,0.0125,0,0.0250,0.183,0,0,0.404,0.0500,0,0,0,0,0,0,0,0.0375,0,0.0500,0.0500,0.0500,0,0,0.321,0.121,0,0,0,0,0,0,0,0,0.0375,0,0.0250,0.0250,0.0542,0,0,0.392,0.0792,0,0,0
2023-02-22 21:36:00,0,0,0,0,0,0.0125,0,0.0250,0.171,0,0,0.429,0.0500,0,0,0,0,0,0,0,0.0458,0,0.0583,0.0625,0.0583,0,0,0.317,0.125,0,0,0,0,0,0,0,0,0.0375,0,0.0250,0.0250,0.0500,0,0,0.413,0.0750,0,0,0
2023-02-22 21:40:00,0,0,0,0,0,0.0125,0,0.0250,0.167,0,0,0.433,0.0500,0,0,0,0,0,0,0,0.0375,0,0.0542,0.0542,0.0500,0,0,0.325,0.117,0,0,0,0,0,0,0,0,0.0375,0,0.0250,0.0250,0.0500,0,0,0.400,0.0792,0,0,0
2023-02-22 21:44:00,0,0,0,0,0,0.0125,0,0.0292,0.171,0,0,0.429,0.0542,0,0,0,0,0,0,0,0.0375,0,0.0500,0.0500,0.0500,0,0,0.325,0.121,0,0,0,0,0,0,0,0,0.0375,0,0.0250,0.0250,0.0500,0,0,0.408,0.0750,0,0,0
2023-02-22 21:48:00,0,0,0,0,0,0.0167,0,0.0292,0.188,0,0,0.421,0.0500,0,0,0,0,0,0,0,0.0417,0,0.0583,0.0542,0.0542,0,0,0.308,0.125,0,0,0,0,0,0,0,0,0.0375,0,0.0250,0.0250,0.0542,0,0,0.429,0.0792,0,0,0
2023-02-22 21:52:00,0,0,0,0,0,0.0125,0,0.0250,0.146,0,0,0.417,0.0583,0,0,0,0,0,0,0,0.0375,0,0.0500,0.0500,0.0500,0,0,0.304,0.108,0,0,0,0,0,0,0,0,0.0375,0,0.0250,0.0250,0.0500,0,0,0.408,0.0792,0,0,0
2023-02-22 21:56:00,0,0,0,0,0,0.0167,0,0.0292,0.175,0,0,0.438,0.0500,0,0,0,0,0,0,0,0.0375,0,0.0583,0.0542,0.0500,0,0,0.333,0.121,0,0,0,0,0,0,0,0,0.0500,0,0.0292,0.0250,0.0625,0,0,0.400,0.0750,0,0,0
2023-02-22 22:00:00,0,0,0,0,0,0.0125,0,0.0292,0.188,0,0,0.425,0.0500,0,0,0,0,0,0,0,0.0458,0,0.0542,0.0625,0.0583,0,0,0.317,0.125,0,0,0,0,0,0,0,0,0.0375,0,0.0250,0.0250,0.0542,0,0,0.413,0.0833,0,0,0
2023-02-22 22:04:00,0,0,0,0,0,0.0125,0,0.0250,0.163,0,0,0.421,0.0542,0,0,0,0,0,0,0,0.0375,0,0.0500,0.0500,0.0542,0,0,0.329,0.121,0,0,0,0,0,0,0,0,0.0375,0,0.0250,0.0250,0.0500,0,0,0.408,0.0750,0,0,0
2023-02-22 22:08:00,0,0,0,0,0,0.0125,0,0.0250,0.171,0,0,0.433,0.0542,0,0,0,0,0,0,0,0.0375,0,0.0500,0.0500,0.0500,0,0,0.313,0.117,0,0,0,0,0,0,0,0,0.0375,0,0.0292,0.0333,0.0500,0,0,0.413,0.0833,0,0,0
2023-02-22 22:12:00,0,0,0,0,0,0.0125,0,0.0250,0.167,0,0,0.408,0.0500,0,0,0,0,0,0,0,0.0458,0,0.0542,0.0625,0.0583,0,0,0.313,0.125,0,0,0,0,0,0,0,0,0.0500,0,0.0292,0.0250,0.0625,0,0,0.417,0.0750,0,0,0
2023-02-22 22:16:00,0,0,0,0,0,0.0167,0,0.0292,0.171,0,0,0.438,0.0500,0,0,0,0,0,0,0,0.0375,0,0.0542,0.0500,0.0500,0,0,0.317,0.113,0,0,0,0,0,0,0,0,0.0375,0,0.0250,0.0250,0.0500,0,0,0.413,0.0875,0,0,0
2023-02-22 22:20:00,0,0,0,0,0,0.0125,0,0.0292,0.167,0,0,0.429,0.0583,0,0,0,0,0,0,0,0.0500,0,0.0583,0.0625,0.0667,0,0,0.342,0.138,0,0,0,0,0,0,0,0,0.0375,0,0.0292,0.0333,0.0500,0,0,0.413,0.0792,0,0,0
2023-02-22 22:24:00,0,0,0,0,0,0.0125,0,0.0250,0.183,0,0,0.421,0.0500,0,0,0,0,0,0,0,0.0292,0,0.0458,0.0375,0.0417,0,0,0.296,0.100,0,0,0,0,0,0,0,0,0.0375,0,0.0250,0.0250,0.0500,0,0,0.413,0.0750,0,0,0
2023-02-22 22:28:00,0,0,0,0,0,0.0125,0,0.0250,0.167,0,0,0.421,0.0542,0,0,0,0,0,0,0,0.0458,0,0.0583,0.0625,0.0583,0,0,0.313,0.125,0,0,0,0,0,0,0,0,0.0375,0,0.0250,0.0250,0.0542,0,0,0.400,0.0833,0,0,0
2023-02-22 22:32:00,0,0,0,0,0,0.0125,0,0.0250,0.167,0,0,0.413,0.0542,0,0,0,0,0,0,0,0.0458,0,0.0542,0.0625,0.0583,0,0,0.321,0.125,0,0,0,0,0,0,0,0,0.0375,0,0.0250,0.0250,0.0500,0,0,0.417,0.0792,0,0,0
2023-02-22 22:36:00,0,0,0,0,0,0.0125,0,0.0250,0.192,0,0,0.433,0.0542,0,0,0,0,0,0,0,0.0375,0,0.0500,0.0500,0.0542,0,0,0.325,0.125,0,0,0,0,0,0,0,0,0.0375,0,0.0292,0.0333,0.0500,0,0,0.400,0.0833,0,0,0
2023-02-22 22:40:00,0,0,0,0,0,0.0125,0,0.0292,0.167,0,0,0.433,0.0500,0,0,0,0,0,0,0,0.0375,0,0.0500,0.0500,0.0500,0,0,0.308,0.117,0,0,0,0,0,0,0,0,0.0375,0,0.0250,0.0250,0.0500,0,0,0.392,0.0708,0,0,0
2023-02-22 22:44:00,0,0,0,0,0,0.0125,0,0.0250,0.163,0,0,0.417,0.0542,0,0,0,0,0,0,0,0.0375,0,0.0500,0.0500,0.0500,0,0,0.317,0.113,0,0,0,0,0,0,0,0,0.0375,0,0.0250,0.0250,0.0542,0,0,0.417,0.0833,0,0,0
2023-02-22 22:48:00,0,0,0,0,0,0.0167,0,0.0292,0.175,0,0,0.417,0.0542,0,0,0,0,0,0,0,0.0375,0,0.0583,0.0542,0.0500,0,0,0.317,0.117,0,0,0,0,0,0,0,0,0.0375,0,0.0250,0.0250,0.0500,0,0,0.413,0.0750,0,0,0
2023-02-22 22:52:00,0,0,0,0,0,0.0125,0,0.0250,0.167,0,0,0.425,0.0542,0,0,0,0,0,0,0,0.0458,0,0.0542,0.0625,0.0583,0,0,0.317,0.129,0,0,0,0,0,0,0,0,0.0500,0,0.0333,0.0333,0.0625,0,0,0.417,0.0875,0,0,0
2023-02-22 22:56:00,0,0,0,0,0,0.0125,0,0.0250,0.171,0,0,0.413,0.0458,0,0,0,0,0,0,0,0.0417,0,0.0542,0.0500,0.0542,0,0,0.308,0.117,0,0,0,0,0,0,0,0,0.0375,0,0.0250,0.0250,0.0500,0,0,0.413,0.0792,0,0,0
2023-02-22 23:00:00,0,0,0,0,0,0.0167,0,0.0292,0.196,0,0,0.458,0.0625,0,0,0,0,0,0,0,0.0375,0,0.0500,0.0500,0.0542,0,0,0.317,0.117,0,0,0,0,0,0,0,0,0.0375,0,0.0292,0.0333,0.0542,0,0,0.421,0.0875,0,0,0
2023-02-22 23:04:00,0,0,0,0,0,0.0125,0,0.0250,0.171,0,0,0.417,0.0500,0,0,0,0,0,0,0,0.0375,0,0.0542,0.0500,0.0500,0,0,0.317,0.117,0,0,0,0,0,0,0,0,0.0500,0,0.0292,0.0250,0.0625,0,0,0.408,0.0792,0,0,0
2023-02-22 23:08:00,0,0,0,0,0,0.0125,0,0.0250,0.163,0,0,0.421,0.0542,0,0,0,0,0,0,0,0.0417,0,0.0542,0.0500,0.0583,0,0,0.329,0.121,0,0,0,0,0,0,0,0,0.0375,0,0.0250,0.0250,0.0500,0,0,0.388,0.0708,0,0,0
2023-02-22 23:12:00,0,0,0,0,0,0.0125,0,0.0292,0.163,0,0,0.408,0.0500,0,0,0,0,0,0,0,0.0375,0,0.0500,0.0500,0.0500,0,0,0.313,0.113,0,0,0,0,0,0,0,0,0.0375,0,0.0250,0.0250,0.0500,0,0,0.400,0.0750,0,0,0
2023-02-22 23:16:00,0,0,0,0,0,0.0125,0,0.0250,0.196,0,0,0.454,0.0542,0,0,0,0,0,0,0,0.0375,0,0.0500,0.0500,0.0500,0,0,0.304,0.117,0,0,0,0,0,0,0,0,0.0375,0,0.0250,0.0250,0.0500,0,0,0.429,0.0792,0,0,0
2023-02-22 23:20:00,0,0,0,0,0,0.0167,0,0.0292,0.163,0,0,0.408,0.0542,0,0,0,0,0,0,0,0.0417,0,0.0542,0.0500,0.0542,0,0,0.313,0.117,0,0,0,0,0,0,0,0,0.0375,0,0.0250,0.0250,0.0500,0,0,0.383,0.0750,0,0,0
2023-02-22 23:24:00,0,0,0,0,0,0.0125,0,0.0250,0.167,0,0,0.408,0.0458,0,0,0,0,0,0,0,0.0458,0,0.0542,0.0625,0.0583,0,0,0.321,0.121,0,0,0,0,0,0,0,0,0.0375,0,0.0250,0.0250,0.0500,0,0,0.392,0.0792,0,0,0
2023-02-22 23:28:00,0,0,0,0,0,0.0125,0,0.0250,0.167,0,0,0.433,0.0583,0,0,0,0,0,0,0,0.0375,0,0.0542,0.0542,0.0542,0,0,0.317,0.121,0,0,0,0,0,0,0,0,0.0500,0,0.0292,0.0250,0.0667,0,0,0.425,0.0792,0,0,0
2023-02-22 23:32:00,0,0,0,0,0,0.0167,0,0.0292,0.179,0,0,0.433,0.0500,0,0,0,0,0,0,0,0.0375,0,0.0500,0.0500,0.0500,0,0,0.313,0.117,0,0,0,0,0,0,0,0,0.0375,0,0.0250,0.0250,0.0500,0,0,0.404,0.0792,0,0,0
2023-02-22 23:36:00,0,0,0,0,0,0.0125,0,0.0292,0.163,0,0,0.425,0.0500,0,0,0,0,0,0,0,0.0458,0,0.0542,0.0625,0.0583,0,0,0.321,0.129,0,0,0,0,0,0,0,0,0.0375,0,0.0250,0.0250,0.0500,0,0,0.404,0.0792,0,0,0
2023-02-22 23:40:00,0,0,0,0,0,0.0125,0,0.0250,0.175,0,0,0.421,0.0500,0,0,0,0,0,0,0,0.0375,0,0.0542,0.0500,0.0458,0,0,0.317,0.117,0,0,0,0,0,0,0,0,0.0500,0,0.0333,0.0333,0.0625,0,0,0.425,0.0875,0,0,0
2023-02-22 23:44:00,0,0,0,0,0,0.0167,0,0.0292,0.175,0,0,0.421,0.0542,0,0,0,0,0,0,0,0.0375,0,0.0542,0.0542,0.0542,0,0,0.325,0.121,0,0,0,0,0,0,0,0,0.0375,0,0.0250,0.0250,0.0500,0,0,0.404,0.0750,0,0,0
2023-02-22 23:48:00,0,0,0,0,0,0.0125,0,0.0250,0.167,0,0,0.413,0.0500,0,0,0,0,0,0,0,0.0417,0,0.0542,0.0500,0.0542,0,0,0.308,0.112,0,0,0,0,0,0,0,0,0.0375,0,0.0250,0.0250,0.0500,0,0,0.417,0.0792,0,0,0
2023-02-22 23:52:00,0,0,0,0,0,0.0125,0,0.0250,0.167,0,0,0.450,0.0583,0,0,0,0,0,0,0,0.0458,0,0.0542,0.0625,0.0583,0,0,0.329,0.133,0,0,0,0,0,0,0,0,0.0375,0,0.0250,0.0250,0.0500,0,0,0.413,0.0792,0,0,0
2023-02-22 23:56:00,0,0,0,0,0,0.0167,0,0.0292,0.167,0,0,0.413,0.0500,0,0,0,0,0,0,0,0.0375,0,0.0542,0.0500,0.0500,0,0,0.317,0.117,0,0,0,0,0,0,0,0,0.0375,0,0.0250,0.0250,0.0500,0,0,0.392,0.0708,0,0,0
2023-02-23 00:00:00,0,0,0,0,0,0.0125,0,0.0292,0.167,0,0,0.425,0.0542,0,0,0,0,0,0,0,0.0292,0,0.0500,0.0375,0.0458,0,0,0.321,0.104,0,0,0,0,0,0,0,0,0.0500,0,0.0333,0.0333,0.0667,0,0,0.442,0.0958,0,0,0
2023-02-23 00:04:00,0,0,0,0,0,0.0125,0,0.0250,0.163,0,0,0.417,0.0542,0,0,0,0,0,0,0,0.0458,0,0.0542,0.0625,0.0583,0,0,0.321,0.129,0,0,0,0,0,0,0,0,0.0500,0,0.0292,0.0250,0.0625,0,0,0.400,0.0750,0,0,0
2023-02-23 00:08:00,0,0,0,0,0,0.0125,0,0.0250,0.188,0,0,0.429,0.0500,0,0,0,0,0,0,0,0.0375,0,0.0500,0.0500,0.0500,0,0,0.317,0.117,0,0,0,0,0,0,0,0,0.0375,0,0.0250,0.0250,0.0500,0,0,0.400,0.0750,0,0,0
2023-02-23 00:12:00,0,0,0,0,0,0.0167,0,0.0292,0.183,0,0,0.433,0.0500,0,0,0,0,0,0,0,0.0375,0,0.0542,0.0500,0.0542,0,0,0.333,0.121,0,0,0,0,0,0,0,0,0.0375,0,0.0250,0.0250,0.0500,0,0,0.417,0.0750,0,0,0
2023-02-23 00:16:00,0,0,0,0,0,0.0125,0,0.0250,0.167,0,0,0.417,0.0542,0,0,0,0,0,0,0,0.0417,0,0.0583,0.0542,0.0500,0,0,0.313,0.117,0,0,0,0,0,0,0,0,0.0375,0,0.0292,0.0333,0.0500,0,0,0.404,0.0833,0,0,0
2023-02-23 00:20:00,0,0,0,0,0,0.0125,0,0.0250,0.167,0,0,0.425,0.0583,0,0,0,0,0,0,0,0.0458,0,0.0542,0.0625,0.0583,0,0,0.313,0.129,0,0,0,0,0,0,0,0,0.0500,0,0.0292,0.0250,0.0625,0,0,0.425,0.0833,0,0,0
2023-02-23 00:24:00,0,0,0,0,0,0.0125,0,0.0292,0.163,0,0,0.433,0.0542,0,0,0,0,0,0,0,0.0292,0,0.0458,0.0375,0.0458,0,0,0.313,0.104,0,0,0,0,0,0,0,0,0.0375,0,0.0250,0.0250,0.0542,0,0,0.408,0.0792,0,0,0
2023-02-23 00:28:00,0,0,0,0,0,0.0125,0,0.0250,0.175,0,0,0.425,0.0500,0,0,0,0,0,0,0,0.0500,0,0.0583,0.0625,0.0583,0,0,0.300,0.121,0,0,0,0,0,0,0,0,0.0375,0,0.0250,0.0250,0.0500,0,0,0.392,0.0750,0,0,0
2023-02-23 00:32:00,0,0,0,0,0,0.0125,0,0.0250,0.171,0,0,0.425,0.0500,0,0,0,0,0,0,0,0.0375,0,0.0542,0.0500,0.0542,0,0,0.350,0.129,0,0,0,0,0,0,0,0,0.0500,0,0.0292,0.0250,0.0625,0,0,0.421,0.0750,0,0,0
2023-02-23 00:36:00,0,0,0,0,0,0.0125,0,0.0250,0.167,0,0,0.421,0.0500,0,0,0,0,0,0,0,0.0375,0,0.0500,0.0500,0.0500,0,0,0.304,0.113,0,0,0,0,0,0,0,0,0.0375,0,0.0250,0.0250,0.0500,0,0,0.417,0.0750,0,0,0
2023-02-23 00:40:00,0,0,0,0,0,0.0125,0,0.0250,0.163,0,0,0.429,0.0542,0,0,0,0,0,0,0,0.0375,0,0.0542,0.0500,0.0500,0,0,0.321,0.113,0,0,0,0,0,0,0,0,0.0375,0,0.0292,0.0333,0.0500,0,0,0.425,0.0958,0,0,0
2023-02-23 00:44:00,0,0,0,0,0,0.0125,0,0.0250,0.188,0,0,0.421,0.0500,0,0,0,0,0,0,0,0.0375,0,0.0542,0.0542,0.0542,0,0,0.329,0.121,0,0,0,0,0,0,0,0,0.0500,0,0.0292,0.0250,0.0667,0,0,0.400,0.0792,0,0,0
2023-02-23 00:48:00,0,0,0,0,0,0.0125,0,0.0250,0.158,0,0,0.413,0.0500,0,0,0,0,0,0,0,0.0458,0,0.0542,0.0625,0.0583,0,0,0.325,0.133,0,0,0,0,0,0,0,0,0.0375,0,0.0250,0.0250,0.0500,0,0,0.413,0.0750,0,0,0
2023-02-23 00:52:00,0,0,0,0,0,0.0167,0,0.0292,0.179,0,0,0.442,0.0542,0,0,0,0,0,0,0,0.0375,0,0.0500,0.0500,0.0542,0,0,0.329,0.121,0,0,0,0,0,0,0,0,0.0375,0,0.0250,0.0250,0.0500,0,0,0.408,0.0792,0,0,0
2023-02-23 00:56:00,0,0,0,0,0,0.0125,0,0.0250,0.196,0,0,0.429,0.0583,0,0,0,0,0,0,0,0.0375,0,0.0500,0.0500,0.0500,0,0,0.296,0.108,0,0,0,0,0,0,0,0,0.0375,0,0.0250,0.0250,0.0500,0,0,0.400,0.0792,0,0,0
2023-02-23 01:00:00,0,0,0,0,0,0.0125,0,0.0292,0.167,0,0,0.425,0.0500,0,0,0,0,0,0,0,0.0417,0,0.0542,0.0500,0.0542,0,0,0.338,0.117,0,0,0,0,0,0,0,0,0.0375,0,0.0250,0.0250,0.0500,0,0,0.417,0.0750,0,0,0
2023-02-23 01:04:00,0,0,0,0,0,0.0125,0,0.0250,0.163,0,0,0.404,0.0542,0,0,0,0,0,0,0,0.0375,0,0.0458,0.0458,0.0500,0,0,0.313,0.108,0,0,0,0,0,0,0,0,0.0375,0,0.0292,0.0333,0.0500,0,0,0.417,0.0917,0,0,0
2023-02-23 01:08:00,0,0,0,0,0,0.0167,0,0.0292,0.167,0,0,0.421,0.0458,0,0,0,0,0,0,0,0.0458,0,0.0583,0.0625,0.0583,0,0,0.308,0.125,0,0,0,0,0,0,0,0,0.0375,0,0.0250,0.0250,0.0500,0,0,0.396,0.0750,0,0,0
2023-02-23 01:12:00,0,0,0,0,0,0.0125,0,0.0250,0.171,0,0,0.442,0.0583,0,0,0,0,0,0,0,0.0375,0,0.0500,0.0500,0.0542,0,0,0.317,0.125,0,0,0,0,0,0,0,0,0.0375,0,0.0250,0.0250,0.0500,0,0,0.408,0.0750,0,0,0
2023-02-23 01:16:00,0,0,0,0,0,0.0125,0,0.0250,0.171,0,0,0.425,0.0583,0,0,0,0,0,0,0,0.0333,0,0.0500,0.0375,0.0458,0,0,0.313,0.100,0,0,0,0,0,0,0,0,0.0375,0,0.0250,0.0250,0.0500,0,0,0.396,0.0750,0,0,0
2023-02-23 01:20:00,0,0,0,0,0,0.0125,0,0.0250,0.188,0,0,0.425,0.0500,0,0,0,0,0,0,0,0.0375,0,0.0500,0.0500,0.0500,0,0,0.313,0.117,0,0,0,0,0,0,0,0,0.0375,0,0.0250,0.0250,0.0500,0,0,0.421,0.0750,0,0,0
2023-02-23 01:24:00,0,0,0,0,0,0.0125,0,0.0250,0.150,0,0,0.421,0.0542,0,0,0,0,0,0,0,0.0375,0,0.0542,0.0542,0.0500,0,0,0.329,0.121,0,0,0,0,0,0,0,0,0.0375,0,0.0250,0.0250,0.0542,0,0,0.421,0.0833,0,0,0
2023-02-23 01:28:00,0,0,0,0,0,0.0167,0,0.0333,0.175,0,0,0.425,0.0458,0,0,0,0,0,0,0,0.0375,0,0.0500,0.0500,0.0500,0,0,0.304,0.113,0,0,0,0,0,0,0,0,0.0500,0,0.0292,0.0250,0.0583,0,0,0.392,0.0708,0,0,0
2023-02-23 01:32:00,0,0,0,0,0,0.0125,0,0.0250,0.167,0,0,0.433,0.0625,0,0,0,0,0,0,0,0.0458,0,0.0542,0.0625,0.0583,0,0,0.317,0.129,0,0,0,0,0,0,0,0,0.0250,0,0.0208,0.0250,0.0417,0,0,0.425,0.0792,0,0,0
2023-02-23 01:36:00,0,0,0,0,0,0.0125,0,0.0250,0.183,0,0,0.433,0.0542,0,0,0,0,0,0,0,0.0375,0,0.0500,0.0500,0.0500,0,0,0.321,0.117,0,0,0,0,0,0,0,0,0.0500,0,0.0292,0.0250,0.0625,0,0,0.417,0.0833,0,0,0
2023-02-23 01:40:00,0,0,0,0,0,0.0125,0,0.0292,0.167,0,0,0.442,0.0542,0,0,0,0,0,0,0,0.0417,0,0.0583,0.0500,0.0583,0,0,0.329,0.121,0,0,0,0,0,0,0,0,0.0375,0,0.0292,0.0333,0.0500,0,0,0.417,0.0875,0,0,0
2023-02-23 01:44:00,0,0,0,0,0,0.0125,0,0.0250,0.183,0,0,0.413,0.0500,0,0,0,0,0,0,0,0.0375,0,0.0500,0.0500,0.0500,0,0,0.312,0.117,0,0,0,0,0,0,0,0,0.0375,0,0.0250,0.0250,0.0500,0,0,0.388,0.0750,0,0,0
2023-02-23 01:48:00,0,0,0,0,0,0.0125,0,0.0250,0.163,0,0,0.425,0.0542,0,0,0,0,0,0,0,0.0375,0,0.0500,0.0500,0.0500,0,0,0.300,0.113,0,0,0,0,0,0,0,0,0.0375,0,0.0250,0.0250,0.0542,0,0,0.433,0.0833,0,0,0
2023-02-23 01:52:00,0,0,0,0,0,0.0167,0,0.0292,0.171,0,0,0.433,0.0542,0,0,0,0,0,0,0,0.0375,0,0.0500,0.0500,0.0500,0,0,0.329,0.125,0,0,0,0,0,0,0,0,0.0375,0,0.0250,0.0250,0.0500,0,0,0.392,0.0708,0,0,0
2023-02-23 01:56:00,0,0,0,0,0,0.0125,0,0.0250,0.192,0,0,0.433,0.0541,0,0,0,0,0,0,0,0.0375,0,0.0542,0.0500,0.0500,0,0,0.317,0.113,0,0,0,0,0,0,0,0,0.0375,0,0.0292,0.0333,0.0500,0,0,0.417,0.0917,0,0,0
2023-02-23 02:00:00,0,0,0,0,0,0.0125,0,0.0208,0.163,0,0,0.404,0.0500,0,0,0,0,0,0,0,0.0375,0,0.0500,0.0500,0.0500,0,0,0.296,0.108,0,0,0,0,0,0,0,0,0.0500,0,0.0292,0.0250,0.0625,0,0,0.421,0.0750,0,0,0
2023-02-23 02:04:00,0,0,0,0,0,0.0125,0,0.0292,0.175,0,0,0.429,0.0542,0,0,0,0,0,0,0,0.0458,0,0.0542,0.0625,0.0583,0,0,0.317,0.129,0,0,0,0,0,0,0,0,0.0250,0,0.0208,0.0250,0.0417,0,0,0.413,0.0792,0,0,0
2023-02-23 02:08:00,0,0,0,0,0,0.0125,0,0.0250,0.183,0,0,0.425,0.0542,0,0,0,0,0,0,0,0.0417,0,0.0583,0.0542,0.0542,0,0,0.321,0.121,0,0,0,0,0,0,0,0,0.0499,0,0.0291,0.0250,0.0624,0,0,0.404,0.0791,0,0,0
2023-02-23 02:12:00,0,0,0,0,0,0.0125,0,0.0250,0.167,0,0,0.421,0.0542,0,0,0,0,0,0,0,0.0375,0,0.0542,0.0500,0.0500,0,0,0.333,0.121,0,0,0,0,0,0,0,0,0.0375,0,0.0250,0.0250,0.0501,0,0,0.417,0.0792,0,0,0
2023-02-23 02:16:00,0,0,0,0,0,0.0125,0,0.0250,0.163,0,0,0.421,0.0542,0,0,0,0,0,0,0,0.0375,0,0.0458,0.0458,0.0542,0,0,0.317,0.117,0,0,0,0,0,0,0,0,0.0375,0,0.0250,0.0250,0.0500,0,0,0.400,0.0750,0,0,0
2023-02-23 02:20:00,0,0,0,0,0,0.0125,0,0.0250,0.167,0,0,0.413,0.0542,0,0,0,0,0,0,0,0.0375,0,0.0500,0.0500,0.0500,0,0,0.317,0.113,0,0,0,0,0,0,0,0,0.0375,0,0.0250,0.0250,0.0500,0,0,0.413,0.0750,0,0,0
2023-02-23 02:24:00,0,0,0,0,0,0.0167,0,0.0292,0.175,0,0,0.429,0.0500,0,0,0,0,0,0,0,0.0375,0,0.0500,0.0500,0.0500,0,0,0.317,0.117,0,0,0,0,0,0,0,0,0.0375,0,0.0250,0.0250,0.0500,0,0,0.413,0.0833,0,0,0
2023-02-23 02:28:00,0,0,0,0,0,0.0125,0,0.0292,0.158,0,0,0.438,0.0542,0,0,0,0,0,0,0,0.0375,0,0.0542,0.0542,0.0542,0,0,0.346,0.129,0,0,0,0,0,0,0,0,0.0375,0,0.0292,0.0333,0.0542,0,0,0.429,0.0917,0,0,0
2023-02-23 02:32:00,0,0,0,0,0,0.0125,0,0.0250,0.175,0,0,0.413,0.0542,0,0,0,0,0,0,0,0.0375,0,0.0500,0.0500,0.0500,0,0,0.308,0.117,0,0,0,0,0,0,0,0,0.0375,0,0.0250,0.0250,0.0500,0,0,0.404,0.0750,0,0,0
2023-02-23 02:36:00,0,0,0,0,0,0.0167,0,0.0292,0.188,0,0,0.433,0.0500,0,0,0,0,0,0,0,0.0500,0,0.0625,0.0625,0.0625,0,0,0.317,0.125,0,0,0,0,0,0,0,0,0.0375,0,0.0250,0.0250,0.0500,0,0,0.413,0.0833,0,0,0
2023-02-23 02:40:00,0,0,0,0,0,0.0125,0,0.0250,0.179,0,0,0.433,0.0542,0,0,0,0,0,0,0,0.0375,0,0.0500,0.0500,0.0500,0,0,0.308,0.113,0,0,0,0,0,0,0,0,0.0375,0,0.0250,0.0250,0.0500,0,0,0.408,0.0792,0,0,0
2023-02-23 02:44:00,0,0,0,0,0,0.0167,0,0.0292,0.167,0,0,0.421,0.0500,0,0,0,0,0,0,0,0.0375,0,0.0500,0.0500,0.0542,0,0,0.325,0.117,0,0,0,0,0,0,0,0,0.0500,0,0.0333,0.0333,0.0667,0,0,0.425,0.0875,0,0,0
2023-02-23 02:48:00,0,0,0,0,0,0.0125,0,0.0250,0.163,0,0,0.417,0.0542,0,0,0,0,0,0,0,0.0375,0,0.0500,0.0500,0.0500,0,0,0.321,0.125,0,0,0,0,0,0,0,0,0.0250,0,0.0208,0.0250,0.0375,0,0,0.400,0.0750,0,0,0
2023-02-23 02:52:00,0,0,0,0,0,0.0125,0,0.0250,0.188,0,0,0.429,0.0542,0,0,0,0,0,0,0,0.0458,0,0.0583,0.0667,0.0583,0,0,0.329,0.129,0,0,0,0,0,0,0,0,0.0500,0,0.0292,0.0250,0.0625,0,0,0.413,0.0792,0,0,0
2023-02-23 02:56:00,0,0,0,0,0,0.0125,0,0.0250,0.158,0,0,0.425,0.0500,0,0,0,0,0,0,0,0.0375,0,0.0542,0.0500,0.0500,0,0,0.329,0.121,0,0,0,0,0,0,0,0,0.0375,0,0.0250,0.0250,0.0500,0,0,0.400,0.0750,0,0,0
2023-02-23 03:00:00,0,0,0,0,0,0.0125,0,0.0250,0.163,0,0,0.404,0.0500,0,0,0,0,0,0,0,0.0375,0,0.0500,0.0500,0.0500,0,0,0.304,0.113,0,0,0,0,0,0,0,0,0.0375,0,0.0292,0.0333,0.0500,0,0,0.400,0.0875,0,0,0
2023-02-23 03:04:00,0,0,0,0,0,0.0167,0,0.0292,0.175,0,0,0.446,0.0542,0,0,0,0,0,0,0,0.0417,0,0.0583,0.0542,0.0542,0,0,0.321,0.117,0,0,0,0,0,0,0,0,0.0375,0,0.0250,0.0250,0.0500,0,0,0.425,0.0833,0,0,0
2023-02-23 03:08:00,0,0,0,0,0,0.0125,0,0.0250,0.158,0,0,0.400,0.0542,0,0,0,0,0,0,0,0.0375,0,0.0500,0.0500,0.0500,0,0,0.300,0.113,0,0,0,0,0,0,0,0,0.0500,0,0.0333,0.0333,0.0667,0,0,0.417,0.0875,0,0,0
2023-02-23 03:12:00,0,0,0,0,0,0.0125,0,0.0250,0.171,0,0,0.421,0.0500,0,0,0,0,0,0,0,0.0375,0,0.0542,0.0500,0.0500,0,0,0.329,0.121,0,0,0,0,0,0,0,0,0.0375,0,0.0250,0.0250,0.0500,0,0,0.421,0.0833,0,0,0
2023-02-23 03:16:00,0,0,0,0,0,0.0125,0,0.0250,0.167,0,0,0.421,0.0500,0,0,0,0,0,0,0,0.0417,0,0.0542,0.0500,0.0542,0,0,0.317,0.117,0,0,0,0,0,0,0,0,0.0375,0,0.0250,0.0250,0.0500,0,0,0.392,0.0708,0,0,0
2023-02-23 03:20:00,0,0,0,0,0,0.0167,0,0.0333,0.188,0,0,0.433,0.0625,0,0,0,0,0,0,0,0.0375,0,0.0500,0.0500,0.0500,0,0,0.321,0.117,0,0,0,0,0,0,0,0,0.0375,0,0.0250,0.0250,0.0500,0,0,0.413,0.0792,0,0,0
2023-02-23 03:24:00,0,0,0,0,0,0.0125,0,0.0250,0.171,0,0,0.425,0.0583,0,0,0,0,0,0,0,0.0375,0,0.0500,0.0500,0.0542,0,0,0.313,0.117,0,0,0,0,0,0,0,0,0.0375,0,0.0250,0.0250,0.0500,0,0,0.392,0.0750,0,0,0
2023-02-23 03:28:00,0,0,0,0,0,0.0125,0,0.0250,0.179,0,0,0.442,0.0542,0,0,0,0,0,0,0,0.0417,0,0.0583,0.0500,0.0542,0,0,0.317,0.113,0,0,0,0,0,0,0,0,0.0500,0,0.0333,0.0333,0.0667,0,0,0.425,0.0875,0,0,0
2023-02-23 03:32:00,0,0,0,0,0,0.0125,0,0.0250,0.183,0,0,0.417,0.0542,0,0,0,0,0,0,0,0.0458,0,0.0542,0.0625,0.0583,0,0,0.308,0.125,0,0,0,0,0,0,0,0,0.0375,0,0.0208,0.0167,0.0500,0,0,0.408,0.0750,0,0,0
2023-02-23 03:36:00,0,0,0,0,0,0.0167,0,0.0292,0.171,0,0,0.417,0.0500,0,0,0,0,0,0,0,0.0375,0,0.0500,0.0500,0.0542,0,0,0.317,0.117,0,0,0,0,0,0,0,0,0.0375,0,0.0250,0.0250,0.0500,0,0,0.417,0.0750,0,0,0
2023-02-23 03:40:00,0,0,0,0,0,0.0125,0,0.0250,0.163,0,0,0.417,0.0500,0,0,0,0,0,0,0,0.0417,0,0.0583,0.0542,0.0542,0,0,0.321,0.125,0,0,0,0,0,0,0,0,0.0375,0,0.0292,0.0333,0.0500,0,0,0.404,0.0833,0,0,0
2023-02-23 03:44:00,0,0,0,0,0,0.0125,0,0.0250,0.167,0,0,0.433,0.0583,0,0,0,0,0,0,0,0.0375,0,0.0500,0.0500,0.0500,0,0,0.329,0.121,0,0,0,0,0,0,0,0,0.0375,0,0.0250,0.0250,0.0542,0,0,0.421,0.0833,0,0,0
2023-02-23 03:48:00,0,0,0,0,0,0.0125,0,0.0292,0.163,0,0,0.421,0.0542,0,0,0,0,0,0,0,0.0375,0,0.0542,0.0500,0.0500,0,0,0.313,0.113,0,0,0,0,0,0,0,0,0.0375,0,0.0250,0.0250,0.0500,0,0,0.404,0.0750,0,0,0
2023-02-23 03:52:00,0,0,0,0,0,0.0125,0,0.0208,0.179,0,0,0.421,0.0500,0,0,0,0,0,0,0,0.0375,0,0.0500,0.0500,0.0542,0,0,0.325,0.121,0,0,0,0,0,0,0,0,0.0375,0,0.0250,0.0250,0.0500,0,0,0.408,0.0792,0,0,0
2023-02-23 03:56:00,0,0,0,0,0,0.0125,0,0.0292,0.188,0,0,0.425,0.0542,0,0,0,0,0,0,0,0.0458,0,0.0583,0.0667,0.0583,0,0,0.317,0.125,0,0,0,0,0,0,0,0,0.0375,0,0.0250,0.0250,0.0542,0,0,0.413,0.0833,0,0,0
2023-02-23 04:00:00,0,0,0,0,0,0.0167,0,0.0250,0.183,0,0,0.429,0.0542,0,0,0,0,0,0,0,0.0375,0,0.0500,0.0500,0.0500,0,0,0.313,0.121,0,0,0,0,0,0,0,0,0.0375,0,0.0292,0.0333,0.0500,0,0,0.417,0.0833,0,0,0
2023-02-23 04:04:00,0,0,0,0,0,0.0125,0,0.0250,0.163,0,0,0.421,0.0458,0,0,0,0,0,0,0,0.0417,0,0.0625,0.0542,0.0542,0,0,0.325,0.117,0,0,0,0,0,0,0,0,0.0500,0,0.0250,0.0167,0.0625,0,0,0.400,0.0667,0,0,0
2023-02-23 04:08:00,0,0,0,0,0,0.0125,0,0.0292,0.167,0,0,0.433,0.0583,0,0,0,0,0,0,0,0.0458,0,0.0542,0.0625,0.0583,0,0,0.313,0.129,0,0,0,0,0,0,0,0,0.0375,0,0.0292,0.0333,0.0500,0,0,0.421,0.0833,0,0,0
2023-02-23 04:12:00,0,0,0,0,0,0.0125,0,0.0250,0.171,0,0,0.417,0.0500,0,0,0,0,0,0,0,0.0292,0,0.0458,0.0375,0.0417,0,0,0.325,0.100,0,0,0,0,0,0,0,0,0.0375,0,0.0250,0.0250,0.0542,0,0,0.408,0.0792,0,0,0
2023-02-23 04:16:00,0,0,0,0,0,0.0125,0,0.0250,0.179,0,0,0.425,0.0583,0,0,0,0,0,0,0,0.0458,0,0.0583,0.0625,0.0583,0,0,0.308,0.121,0,0,0,0,0,0,0,0,0.0375,0,0.0292,0.0333,0.0500,0,0,0.421,0.0917,0,0,0
2023-02-23 04:20:00,0,0,0,0,0,0.0125,0,0.0250,0.188,0,0,0.425,0.0583,0,0,0,0,0,0,0,0.0375,0,0.0500,0.0500,0.0542,0,0,0.321,0.125,0,0,0,0,0,0,0,0,0.0375,0,0.0250,0.0250,0.0500,0,0,0.417,0.0792,0,0,0
2023-02-23 04:24:00,0,0,0,0,0,0.0167,0,0.0292,0.167,0,0,0.438,0.0458,0,0,0,0,0,0,0,0.0417,0,0.0542,0.0500,0.0542,0,0,0.325,0.117,0,0,0,0,0,0,0,0,0.0375,0,0.0250,0.0250,0.0500,0,0,0.413,0.0750,0,0,0
2023-02-23 04:28:00,0,0,0,0,0,0.0125,0,0.0292,0.167,0,0,0.429,0.0583,0,0,0,0,0,0,0,0.0458,0,0.0583,0.0667,0.0583,0,0,0.338,0.133,0,0,0,0,0,0,0,0,0.0375,0,0.0250,0.0250,0.0500,0,0,0.417,0.0833,0,0,0
2023-02-23 04:32:00,0,0,0,0,0,0.0125,0,0.0250,0.196,0,0,0.429,0.0500,0,0,0,0,0,0,0,0.0417,0,0.0583,0.0500,0.0583,0,0,0.317,0.117,0,0,0,0,0,0,0,0,0.0375,0,0.0250,0.0250,0.0542,0,0,0.408,0.0750,0,0,0
2023-02-23 04:36:00,0,0,0,0,0,0.0125,0,0.0250,0.167,0,0,0.417,0.0500,0,0,0,0,0,0,0,0.0458,0,0.0542,0.0625,0.0583,0,0,0.329,0.129,0,0,0,0,0,0,0,0,0.0375,0,0.0250,0.0250,0.0500,0,0,0.396,0.0750,0,0,0
2023-02-23 04:40:00,0,0,0,0,0,0.0125,0,0.0250,0.158,0,0,0.408,0.0583,0,0,0,0,0,0,0,0.0375,0,0.0500,0.0500,0.0500,0,0,0.304,0.117,0,0,0,0,0,0,0,0,0.0375,0,0.0292,0.0333,0.0500,0,0,0.421,0.0875,0,0,0
2023-02-23 04:44:00,0,0,0,0,0,0.0125,0,0.0250,0.188,0,0,0.425,0.0542,0,0,0,0,0,0,0,0.0375,0,0.0500,0.0500,0.0542,0,0,0.317,0.121,0,0,0,0,0,0,0,0,0.0375,0,0.0250,0.0250,0.0500,0,0,0.417,0.0792,0,0,0
2023-02-23 04:48:00,0,0,0,0,0,0.0125,0,0.0291,0.162,0,0,0.412,0.0541,0,0,0,0,0,0,0,0.0375,0,0.0542,0.0542,0.0500,0,0,0.313,0.117,0,0,0,0,0,0,0,0,0.0500,0,0.0292,0.0250,0.0625,0,0,0.408,0.0750,0,0,0
2023-02-23 04:52:00,0,0,0,0,0,0.0125,0,0.0250,0.175,0,0,0.430,0.0459,0,0,0,0,0,0,0,0.0375,0,0.0542,0.0542,0.0500,0,0,0.317,0.125,0,0,0,0,0,0,0,0,0.0375,0,0.0250,0.0250,0.0500,0,0,0.408,0.0750,0,0,0
2023-02-23 04:56:00,0,0,0,0,0,0.0125,0,0.0250,0.163,0,0,0.417,0.0542,0,0,0,0,0,0,0,0.0375,0,0.0542,0.0500,0.0542,0,0,0.325,0.121,0,0,0,0,0,0,0,0,0.0375,0,0.0250,0.0250,0.0542,0,0,0.421,0.0833,0,0,0
2023-02-23 05:00:00,0,0,0,0,0,0.0125,0,0.0250,0.167,0,0,0.421,0.0583,0,0,0,0,0,0,0,0.0417,0,0.0542,0.0500,0.0542,0,0,0.321,0.113,0,0,0,0,0,0,0,0,0.0375,0,0.0250,0.0250,0.0500,0,0,0.400,0.0750,0,0,0
2023-02-23 05:04:00,0,0,0,0,0,0.0167,0,0.0333,0.167,0,0,0.421,0.0500,0,0,0,0,0,0,0,0.0458,0,0.0542,0.0625,0.0583,0,0,0.317,0.125,0,0,0,0,0,0,0,0,0.0375,0,0.0292,0.0333,0.0500,0,0,0.408,0.0833,0,0,0
2023-02-23 05:08:00,0,0,0,0,0,0.0125,0,0.0250,0.171,0,0,0.421,0.0542,0,0,0,0,0,0,0,0.0375,0,0.0500,0.0500,0.0500,0,0,0.317,0.125,0,0,0,0,0,0,0,0,0.0375,0,0.0250,0.0250,0.0500,0,0,0.421,0.0833,0,0,0
2023-02-23 05:12:00,0,0,0,0,0,0.0125,0,0.0250,0.183,0,0,0.421,0.0542,0,0,0,0,0,0,0,0.0375,0,0.0500,0.0500,0.0500,0,0,0.304,0.113,0,0,0,0,0,0,0,0,0.0375,0,0.0292,0.0333,0.0542,0,0,0.417,0.0875,0,0,0
2023-02-23 05:16:00,0,0,0,0,0,0.0125,0,0.0250,0.167,0,0,0.425,0.0583,0,0,0,0,0,0,0,0.0375,0,0.0583,0.0542,0.0542,0,0,0.342,0.129,0,0,0,0,0,0,0,0,0.0375,0,0.0208,0.0167,0.0500,0,0,0.408,0.0667,0,0,0
2023-02-23 05:20:00,0,0,0,0,0,0.0125,0,0.0292,0.167,0,0,0.421,0.0458,0,0,0,0,0,0,0,0.0458,0,0.0542,0.0625,0.0583,0,0,0.308,0.133,0,0,0,0,0,0,0,0,0.0500,0,0.0333,0.0333,0.0625,0,0,0.408,0.0833,0,0,0
2023-02-23 05:24:00,0,0,0,0,0,0.0125,0,0.0250,0.171,0,0,0.429,0.0583,0,0,0,0,0,0,0,0.0417,0,0.0583,0.0542,0.0542,0,0,0.321,0.117,0,0,0,0,0,0,0,0,0.0375,0,0.0250,0.0250,0.0542,0,0,0.429,0.0833,0,0,0
2023-02-23 05:28:00,0,0,0,0,0,0.0125,0,0.0250,0.188,0,0,0.421,0.0500,0,0,0,0,0,0,0,0.0375,0,0.0500,0.0500,0.0500,0,0,0.308,0.113,0,0,0,0,0,0,0,0,0.0375,0,0.0250,0.0250,0.0500,0,0,0.396,0.0750,0,0,0
2023-02-23 05:32:00,0,0,0,0,0,0.0167,0,0.0292,0.175,0,0,0.438,0.0542,0,0,0,0,0,0,0,0.0375,0,0.0500,0.0500,0.0500,0,0,0.304,0.113,0,0,0,0,0,0,0,0,0.0375,0,0.0250,0.0250,0.0500,0,0,0.396,0.0750,0,0,0
2023-02-23 05:36:00,0,0,0,0,0,0.0125,0,0.0250,0.188,0,0,0.433,0.0542,0,0,0,0,0,0,0,0.0375,0,0.0500,0.0500,0.0500,0,0,0.325,0.117,0,0,0,0,0,0,0,0,0.0375,0,0.0292,0.0333,0.0500,0,0,0.417,0.0875,0,0,0
2023-02-23 05:40:00,0,0,0,0,0,0.0125,0,0.0250,0.175,0,0,0.413,0.0500,0,0,0,0,0,0,0,0.0458,0,0.0542,0.0625,0.0625,0,0,0.313,0.129,0,0,0,0,0,0,0,0,0.0375,0,0.0250,0.0250,0.0500,0,0,0.404,0.0833,0,0,0
2023-02-23 05:44:00,0,0,0,0,0,0.0125,0,0.0250,0.162,0,0,0.425,0.0541,0,0,0,0,0,0,0,0.0375,0,0.0500,0.0500,0.0500,0,0,0.321,0.117,0,0,0,0,0,0,0,0,0.0500,0,0.0292,0.0250,0.0625,0,0,0.417,0.0750,0,0,0
2023-02-23 05:48:00,0,0,0,0,0,0.0167,0,0.0292,0.175,0,0,0.417,0.0542,0,0,0,0,0,0,0,0.0417,0,0.0583,0.0500,0.0542,0,0,0.317,0.113,0,0,0,0,0,0,0,0,0.0375,0,0.0250,0.0250,0.0542,0,0,0.404,0.0792,0,0,0
2023-02-23 05:52:00,0,0,0,0,0,0.0125,0,0.0250,0.163,0,0,0.417,0.0500,0,0,0,0,0,0,0,0.0375,0,0.0458,0.0500,0.0500,0,0,0.313,0.117,0,0,0,0,0,0,0,0,0.0375,0,0.0250,0.0250,0.0542,0,0,0.421,0.0792,0,0,0
2023-02-23 05:56:00,0,0,0,0,0,0.0167,0,0.0292,0.200,0,0,0.433,0.0500,0,0,0,0,0,0,0,0.0458,0,0.0583,0.0625,0.0583,0,0,0.313,0.125,0,0,0,0,0,0,0,0,0.0375,0,0.0250,0.0250,0.0500,0,0,0.408,0.0750,0,0,0
2023-02-23 06:00:00,0,0,0,0,0,0.0125,0,0.0292,0.167,0,0,0.425,0.0542,0,0,0,0,0,0,0,0.0375,0,0.0500,0.0500,0.0500,0,0,0.317,0.117,0,0,0,0,0,0,0,0,0.0375,0,0.0292,0.0333,0.0500,0,0,0.433,0.0875,0,0,0
2023-02-23 06:04:00,0,0,0,0,0,0.0125,0,0.0250,0.163,0,0,0.421,0.0500,0,0,0,0,0,0,0,0.0417,0,0.0542,0.0500,0.0542,0,0,0.304,0.113,0,0,0,0,0,0,0,0,0.0500,0,0.0292,0.0250,0.0625,0,0,0.396,0.0792,0,0,0
2023-02-23 06:08:00,0,0,0,0,0,0.0167,0,0.0292,0.171,0,0,0.421,0.0542,0,0,0,0,0,0,0,0.0333,0,0.0458,0.0500,0.0500,0,0,0.325,0.125,0,0,0,0,0,0,0,0,0.0375,0,0.0250,0.0250,0.0500,0,0,0.408,0.0833,0,0,0
2023-02-23 06:12:00,0,0,0,0,0,0.0125,0,0.0250,0.188,0,0,0.433,0.0583,0,0,0,0,0,0,0,0.0417,0,0.0542,0.0500,0.0542,0,0,0.325,0.117,0,0,0,0,0,0,0,0,0.0500,0,0.0292,0.0250,0.0625,0,0,0.417,0.0792,0,0,0
2023-02-23 06:16:00,0,0,0,0,0,0.0125,0,0.0292,0.171,0,0,0.429,0.0542,0,0,0,0,0,0,0,0.0375,0,0.0583,0.0542,0.0500,0,0,0.313,0.117,0,0,0,0,0,0,0,0,0.0375,0,0.0250,0.0250,0.0542,0,0,0.413,0.0792,0,0,0
2023-02-23 06:20:00,0,0,0,0,0,0.00833,0,0.0208,0.167,0,0,0.413,0.0500,0,0,0,0,0,0,0,0.0375,0,0.0500,0.0500,0.0500,0,0,0.317,0.113,0,0,0,0,0,0,0,0,0.0375,0,0.0250,0.0250,0.0500,0,0,0.408,0.0750,0,0,0
2023-02-23 06:24:00,0,0,0,0,0,0.0167,0,0.0292,0.175,0,0,0.417,0.0500,0,0,0,0,0,0,0,0.0375,0,0.0500,0.0500,0.0500,0,0,0.333,0.125,0,0,0,0,0,0,0,0,0.0375,0,0.0292,0.0333,0.0500,0,0,0.404,0.0875,0,0,0
2023-02-23 06:28:00,0,0,0,0,0,0.0125,0,0.0250,0.163,0,0,0.425,0.0542,0,0,0,0,0,0,0,0.0458,0,0.0542,0.0625,0.0583,0,0,0.313,0.129,0,0,0,0,0,0,0,0,0.0375,0,0.0250,0.0250,0.0542,0,0,0.421,0.0792,0,0,0
2023-02-23 06:32:00,0,0,0,0,0,0.0125,0,0.0250,0.163,0,0,0.413,0.0500,0,0,0,0,0,0,0,0.0375,0,0.0542,0.0542,0.0542,0,0,0.329,0.125,0,0,0,0,0,0,0,0,0.0500,0,0.0292,0.0250,0.0625,0,0,0.438,0.0833,0,0,0
2023-02-23 06:36:00,0,0,0,0,0,0.0125,0,0.0250,0.171,0,0,0.429,0.0500,0,0,0,0,0,0,0,0.0417,0,0.0542,0.0500,0.0542,0,0,0.317,0.117,0,0,0,0,0,0,0,0,0.0375,0,0.0250,0.0250,0.0500,0,0,0.408,0.0750,0,0,0
2023-02-23 06:40:00,0,0,0,0,0,0.0125,0,0.0250,0.200,0,0,0.442,0.0625,0,0,0,0,0,0,0,0.0375,0,0.0500,0.0500,0.0500,0,0,0.317,0.117,0,0,0,0,0,0,0,0,0.0375,0,0.0250,0.0250,0.0500,0,0,0.400,0.0750,0,0,0
2023-02-23 06:44:00,0,0,0,0,0,0.0125,0,0.0292,0.167,0,0,0.408,0.0500,0,0,0,0,0,0,0,0.0458,0,0.0542,0.0625,0.0583,0,0,0.321,0.125,0,0,0,0,0,0,0,0,0.0500,0,0.0292,0.0250,0.0625,0,0,0.408,0.0792,0,0,0
2023-02-23 06:48:00,0,0,0,0,0,0.0125,0,0.0250,0.158,0,0,0.429,0.0459,0,0,0,0,0,0,0,0.0417,0,0.0542,0.0500,0.0542,0,0,0.300,0.108,0,0,0,0,0,0,0,0,0.0375,0,0.0250,0.0250,0.0500,0,0,0.417,0.0750,0,0,0
2023-02-23 06:52:00,0,0,0,0,0,0.0167,0,0.0292,0.167,0,0,0.413,0.0542,0,0,0,0,0,0,0,0.0375,0,0.0500,0.0500,0.0500,0,0,0.329,0.117,0,0,0,0,0,0,0,0,0.0375,0,0.0250,0.0250,0.0500,0,0,0.404,0.0792,0,0,0
2023-02-23 06:56:00,0,0,0,0,0,0.0125,0,0.0250,0.175,0,0,0.429,0.0583,0,0,0,0,0,0,0,0.0375,0,0.0542,0.0542,0.0500,0,0,0.317,0.125,0,0,0,0,0,0,0,0,0.0375,0,0.0208,0.0167,0.0542,0,0,0.408,0.0708,0,0,0
2023-02-23 07:00:00,0,0,0,0,0,0.0125,0,0.0250,0.171,0,0,0.425,0.0500,0,0,0,0,0,0,0,0.0375,0,0.0542,0.0500,0.0542,0,0,0.321,0.121,0,0,0,0,0,0,0,0,0.0375,0,0.0292,0.0333,0.0500,0,0,0.413,0.0875,0,0,0
2023-02-23 07:04:00,0,0,0,0,0,0.0125,0,0.0250,0.163,0,0,0.421,0.0583,0,0,0,0,0,0,0,0.0375,0,0.0500,0.0500,0.0500,0,0,0.308,0.113,0,0,0,0,0,0,0,0,0.0250,0,0.0208,0.0250,0.0375,0,0,0.408,0.0792,0,0,0
2023-02-23 07:08:00,0,0,0,0,0,0.0125,0,0.0292,0.171,0,0,0.421,0.0500,0,0,0,0,0,0,0,0.0375,0,0.0500,0.0500,0.0500,0,0,0.317,0.113,0,0,0,0,0,0,0,0,0.0375,0,0.0250,0.0250,0.0500,0,0,0.421,0.0750,0,0,0
2023-02-23 07:12:00,0,0,0,0,0,0.0125,0,0.0250,0.163,0,0,0.417,0.0542,0,0,0,0,0,0,0,0.0458,0,0.0542,0.0625,0.0625,0,0,0.329,0.129,0,0,0,0,0,0,0,0,0.0500,0,0.0250,0.0167,0.0625,0,0,0.396,0.0708,0,0,0
2023-02-23 07:16:00,0,0,0,0,0,0.0167,0,0.0292,0.192,0,0,0.433,0.0542,0,0,0,0,0,0,0,0.0375,0,0.0542,0.0542,0.0500,0,0,0.304,0.117,0,0,0,0,0,0,0,0,0.0375,0,0.0250,0.0250,0.0500,0,0,0.392,0.0750,0,0,0
2023-02-23 07:20:00,0,0,0,0,0,0.00833,0,0.0208,0.158,0,0,0.425,0.0542,0,0,0,0,0,0,0,0.0375,0,0.0542,0.0500,0.0542,0,0,0.325,0.121,0,0,0,0,0,0,0,0,0.0375,0,0.0250,0.0250,0.0542,0,0,0.425,0.0792,0,0,0
2023-02-23 07:24:00,0,0,0,0,0,0.0125,0,0.0250,0.167,0,0,0.425,0.0583,0,0,0,0,0,0,0,0.0500,0,0.0583,0.0625,0.0625,0,0,0.321,0.129,0,0,0,0,0,0,0,0,0.0375,0,0.0250,0.0250,0.0500,0,0,0.400,0.0792,0,0,0
2023-02-23 07:28:00,0,0,0,0,0,0.0167,0,0.0292,0.188,0,0,0.425,0.0500,0,0,0,0,0,0,0,0.0375,0,0.0500,0.0500,0.0500,0,0,0.313,0.113,0,0,0,0,0,0,0,0,0.0375,0,0.0250,0.0250,0.0542,0,0,0.425,0.0833,0,0,0
2023-02-23 07:32:00,0,0,0,0,0,0.0125,0,0.0250,0.158,0,0,0.429,0.0500,0,0,0,0,0,0,0,0.0375,0,0.0500,0.0500,0.0500,0,0,0.325,0.117,0,0,0,0,0,0,0,0,0.0500,0,0.0292,0.0250,0.0625,0,0,0.396,0.0750,0,0,0
2023-02-23 07:36:00,0,0,0,0,0,0.0125,0,0.0250,0.183,0,0,0.413,0.0542,0,0,0,0,0,0,0,0.0375,0,0.0542,0.0500,0.0500,0,0,0.329,0.121,0,0,0,0,0,0,0,0,0.0375,0,0.0250,0.0250,0.0500,0,0,0.417,0.0833,0,0,0
2023-02-23 07:40:00,0,0,0,0,0,0.0125,0,0.0292,0.158,0,0,0.433,0.0541,0,0,0,0,0,0,0,0.0375,0,0.0500,0.0500,0.0500,0,0,0.300,0.113,0,0,0,0,0,0,0,0,0.0375,0,0.0250,0.0250,0.0500,0,0,0.396,0.0792,0,0,0
2023-02-23 07:44:00,0,0,0,0,0,0.0125,0,0.0250,0.179,0,0,0.421,0.0584,0,0,0,0,0,0,0,0.0417,0,0.0583,0.0542,0.0583,0,0,0.342,0.125,0,0,0,0,0,0,0,0,0.0375,0,0.0292,0.0333,0.0500,0,0,0.425,0.0917,0,0,0
2023-02-23 07:48:00,0,0,0,0,0,0.0125,0,0.0250,0.171,0,0,0.408,0.0500,0,0,0,0,0,0,0,0.0458,0,0.0542,0.0625,0.0583,0,0,0.321,0.129,0,0,0,0,0,0,0,0,0.0500,0,0.0292,0.0250,0.0625,0,0,0.408,0.0792,0,0,0
2023-02-23 07:52:00,0,0,0,0,0,0.0167,0,0.0292,0.188,0,0,0.438,0.0500,0,0,0,0,0,0,0,0.0375,0,0.0542,0.0500,0.0500,0,0,0.308,0.113,0,0,0,0,0,0,0,0,0.0375,0,0.0250,0.0250,0.0542,0,0,0.413,0.0792,0,0,0
2023-02-23 07:56:00,0,0,0,0,0,0.0125,0,0.0292,0.171,0,0,0.425,0.0500,0,0,0,0,0,0,0,0.0375,0,0.0500,0.0500,0.0500,0,0,0.317,0.121,0,0,0,0,0,0,0,0,0.0375,0,0.0292,0.0333,0.0500,0,0,0.417,0.0875,0,0,0
2023-02-23 08:00:00,0,0,0,0,0,0.0125,0,0.0250,0.171,0,0,0.425,0.0542,0,0,0,0,0,0,0,0.0375,0,0.0542,0.0500,0.0542,0,0,0.321,0.117,0,0,0,0,0,0,0,0,0.0375,0,0.0250,0.0250,0.0500,0,0,0.400,0.0792,0,0,0
2023-02-23 08:04:00,0,0,0,0,0,0.0167,0,0.0292,0.175,0,0,0.433,0.0542,0,0,0,0,0,0,0,0.0375,0,0.0458,0.0500,0.0500,0,0,0.300,0.113,0,0,0,0,0,0,0,0,0.0375,0,0.0250,0.0250,0.0500,0,0,0.421,0.0750,0,0,0
2023-02-23 08:08:00,0,0,0,0,0,0.0125,0,0.0250,0.171,0,0,0.417,0.0542,0,0,0,0,0,0,0,0.0417,0,0.0583,0.0500,0.0542,0,0,0.346,0.121,0,0,0,0,0,0,0,0,0.0375,0,0.0292,0.0333,0.0542,0,0,0.429,0.0958,0,0,0
2023-02-23 08:12:00,0,0,0,0,0,0.0125,0,0.0250,0.167,0,0,0.413,0.0500,0,0,0,0,0,0,0,0.0375,0,0.0542,0.0542,0.0500,0,0,0.325,0.121,0,0,0,0,0,0,0,0,0.0500,0,0.0292,0.0250,0.0625,0,0,0.400,0.0750,0,0,0
2023-02-23 08:16:00,0,0,0,0,0,0.0125,0,0.0250,0.163,0,0,0.413,0.0542,0,0,0,0,0,0,0,0.0375,0,0.0500,0.0500,0.0500,0,0,0.308,0.121,0,0,0,0,0,0,0,0,0.0375,0,0.0250,0.0250,0.0500,0,0,0.408,0.0750,0,0,0
2023-02-23 08:20:00,0,0,0,0,0,0.0167,0,0.0292,0.171,0,0,0.421,0.0500,0,0,0,0,0,0,0,0.0375,0,0.0542,0.0500,0.0500,0,0,0.313,0.113,0,0,0,0,0,0,0,0,0.0375,0,0.0250,0.0250,0.0500,0,0,0.413,0.0792,0,0,0
2023-02-23 08:24:00,0,0,0,0,0,0.0125,0,0.0250,0.175,0,0,0.425,0.0500,0,0,0,0,0,0,0,0.0417,0,0.0542,0.0500,0.0583,0,0,0.325,0.117,0,0,0,0,0,0,0,0,0.0375,0,0.0250,0.0250,0.0542,0,0,0.417,0.0792,0,0,0
2023-02-23 08:28:00,0,0,0,0,0,0.0125,0,0.0250,0.188,0,0,0.425,0.0542,0,0,0,0,0,0,0,0.0375,0,0.0542,0.0542,0.0500,0,0,0.313,0.125,0,0,0,0,0,0,0,0,0.0375,0,0.0250,0.0250,0.0500,0,0,0.413,0.0792,0,0,0
2023-02-23 08:32:00,0,0,0,0,0,0.0125,0,0.0292,0.146,0,0,0.433,0.0542,0,0,0,0,0,0,0,0.0458,0,0.0583,0.0625,0.0583,0,0,0.329,0.125,0,0,0,0,0,0,0,0,0.0375,0,0.0250,0.0250,0.0500,0,0,0.413,0.0750,0,0,0
2023-02-23 08:36:00,0,0,0,0,0,0.0167,0,0.0292,0.192,0,0,0.433,0.0500,0,0,0,0,0,0,0,0.0375,0,0.0542,0.0542,0.0500,0,0,0.313,0.117,0,0,0,0,0,0,0,0,0.0500,0,0.0333,0.0333,0.0625,0,0,0.413,0.0917,0,0,0
2023-02-23 08:40:00,0,0,0,0,0,0.00833,0,0.0208,0.158,0,0,0.413,0.0583,0,0,0,0,0,0,0,0.0375,0,0.0500,0.0500,0.0500,0,0,0.308,0.113,0,0,0,0,0,0,0,0,0.0375,0,0.0208,0.0167,0.0500,0,0,0.400,0.0625,0,0,0
2023-02-23 08:44:00,0,0,0,0,0,0.0167,0,0.0292,0.179,0,0,0.429,0.0542,0,0,0,0,0,0,0,0.0500,0,0.0583,0.0625,0.0667,0,0,0.325,0.125,0,0,0,0,0,0,0,0,0.0375,0,0.0292,0.0333,0.0500,0,0,0.408,0.0875,0,0,0
2023-02-23 08:48:00,0,0,0,0,0,0.00833,0,0.0208,0.158,0,0,0.408,0.0542,0,0,0,0,0,0,0,0.0375,0,0.0500,0.0500,0.0500,0,0,0.317,0.121,0,0,0,0,0,0,0,0,0.0375,0,0.0250,0.0250,0.0500,0,0,0.400,0.0750,0,0,0
2023-02-23 08:52:00,0,0,0,0,0,0.0167,0,0.0292,0.171,0,0,0.425,0.0500,0,0,0,0,0,0,0,0.0375,0,0.0500,0.0500,0.0500,0,0,0.313,0.117,0,0,0,0,0,0,0,0,0.0500,0,0.0292,0.0250,0.0625,0,0,0.417,0.0792,0,0,0
2023-02-23 08:56:00,0,0,0,0,0,0.0125,0,0.0292,0.163,0,0,0.425,0.0500,0,0,0,0,0,0,0,0.0375,0,0.0500,0.0500,0.0500,0,0,0.308,0.113,0,0,0,0,0,0,0,0,0.0375,0,0.0250,0.0250,0.0500,0,0,0.421,0.0792,0,0,0
2023-02-23 09:00:00,0,0,0,0,0,0.0125,0,0.0208,0.183,0,0,0.425,0.0583,0,0,0,0,0,0,0,0.0417,0,0.0542,0.0500,0.0542,0,0,0.308,0.113,0,0,0,0,0,0,0,0,0.0375,0,0.0250,0.0250,0.0542,0,0,0.400,0.0792,0,0,0
2023-02-23 09:04:00,0,0,0,0,0,0.0125,0,0.0292,0.171,0,0,0.404,0.0500,0,0,0,0,0,0,0,0.0375,0,0.0500,0.0500,0.0500,0,0,0.317,0.117,0,0,0,0,0,0,0,0,0.0375,0,0.0250,0.0250,0.0500,0,0,0.408,0.0750,0,0,0
2023-02-23 09:08:00,0,0,0,0,0,0.0125,0,0.0250,0.171,0,0,0.433,0.0500,0,0,0,0,0,0,0,0.0458,0,0.0542,0.0625,0.0583,0,0,0.321,0.125,0,0,0,0,0,0,0,0,0.0375,0,0.0250,0.0250,0.0500,0,0,0.413,0.0792,0,0,0
2023-02-23 09:12:00,0,0,0,0,0,0.0167,0,0.0292,0.167,0,0,0.413,0.0542,0,0,0,0,0,0,0,0.0375,0,0.0583,0.0542,0.0542,0,0,0.329,0.125,0,0,0,0,0,0,0,0,0.0375,0,0.0292,0.0333,0.0500,0,0,0.400,0.0833,0,0,0
2023-02-23 09:16:00,0,0,0,0,0,0.0125,0,0.0250,0.167,0,0,0.442,0.0542,0,0,0,0,0,0,0,0.0375,0,0.0500,0.0500,0.0500,0,0,0.308,0.113,0,0,0,0,0,0,0,0,0.0375,0,0.0250,0.0250,0.0500,0,0,0.413,0.0792,0,0,0
2023-02-23 09:20:00,0,0,0,0,0,0.0125,0,0.0250,0.175,0,0,0.413,0.0500,0,0,0,0,0,0,0,0.0458,0,0.0542,0.0625,0.0583,0,0,0.317,0.129,0,0,0,0,0,0,0,0,0.0375,0,0.0250,0.0250,0.0500,0,0,0.396,0.0750,0,0,0
2023-02-23 09:24:00,0,0,0,0,0,0.0125,0,0.0250,0.188,0,0,0.438,0.0625,0,0,0,0,0,0,0,0.0375,0,0.0542,0.0542,0.0500,0,0,0.317,0.121,0,0,0,0,0,0,0,0,0.0375,0,0.0250,0.0250,0.0500,0,0,0.413,0.0750,0,0,0
2023-02-23 09:28:00,0,0,0,0,0,0.0125,0,0.0250,0.192,0,0,0.421,0.0458,0,0,0,0,0,0,0,0.0417,0,0.0583,0.0500,0.0583,0,0,0.342,0.121,0,0,0,0,0,0,0,0,0.0375,0,0.0250,0.0250,0.0542,0,0,0.429,0.0833,0,0,0
2023-02-23 09:32:00,0,0,0,0,0,0.0167,0,0.0333,0.171,0,0,0.433,0.0542,0,0,0,0,0,0,0,0.0375,0,0.0542,0.0542,0.0500,0,0,0.313,0.117,0,0,0,0,0,0,0,0,0.0375,0,0.0292,0.0333,0.0500,0,0,0.404,0.0833,0,0,0
2023-02-23 09:36:00,0,0,0,0,0,0.0125,0,0.0250,0.162,0,0,0.421,0.0583,0,0,0,0,0,0,0,0.0375,0,0.0500,0.0500,0.0500,0,0,0.304,0.113,0,0,0,0,0,0,0,0,0.0375,0,0.0250,0.0250,0.0500,0,0,0.413,0.0792,0,0,0
2023-02-23 09:40:00,0,0,0,0,0,0.0125,0,0.0250,0.167,0,0,0.417,0.0542,0,0,0,0,0,0,0,0.0375,0,0.0500,0.0500,0.0500,0,0,0.317,0.117,0,0,0,0,0,0,0,0,0.0375,0,0.0250,0.0250,0.0542,0,0,0.421,0.0792,0,0,0
2023-02-23 09:44:00,0,0,0,0,0,0.0125,0,0.0292,0.163,0,0,0.425,0.0500,0,0,0,0,0,0,0,0.0458,0,0.0542,0.0625,0.0583,0,0,0.321,0.129,0,0,0,0,0,0,0,0,0.0500,0,0.0292,0.0250,0.0625,0,0,0.413,0.0792,0,0,0
2023-02-23 09:48:00,0,0,0,0,0,0.0167,0,0.0292,0.179,0,0,0.454,0.0542,0,0,0,0,0,0,0,0.0375,0,0.0500,0.0500,0.0500,0,0,0.317,0.117,0,0,0,0,0,0,0,0,0.0375,0,0.0250,0.0250,0.0500,0,0,0.413,0.0750,0,0,0
2023-02-23 09:52:00,0,0,0,0,0,0.0125,0,0.0250,0.192,0,0,0.413,0.0542,0,0,0,0,0,0,0,0.0417,0,0.0500,0.0500,0.0583,0,0,0.321,0.121,0,0,0,0,0,0,0,0,0.0375,0,0.0250,0.0250,0.0500,0,0,0.400,0.0833,0,0,0
2023-02-23 09:56:00,0,0,0,0,0,0.0125,0,0.0250,0.167,0,0,0.425,0.0500,0,0,0,0,0,0,0,0.0375,0,0.0542,0.0500,0.0500,0,0,0.317,0.121,0,0,0,0,0,0,0,0,0.0375,0,0.0250,0.0250,0.0500,0,0,0.392,0.0750,0,0,0
2023-02-23 10:00:00,0,0,0,0,0,0.0125,0,0.0250,0.163,0,0,0.413,0.0500,0,0,0,0,0,0,0,0.0375,0,0.0500,0.0500,0.0500,0,0,0.313,0.113,0,0,0,0,0,0,0,0,0.0375,0,0.0292,0.0333,0.0500,0,0,0.438,0.0875,0,0,0
2023-02-23 10:04:00,0,0,0,0,0,0.0125,0,0.0292,0.167,0,0,0.421,0.0583,0,0,0,0,0,0,0,0.0417,0,0.0542,0.0500,0.0583,0,0,0.325,0.121,0,0,0,0,0,0,0,0,0.0375,0,0.0250,0.0250,0.0500,0,0,0.400,0.0750,0,0,0
2023-02-23 10:08:00,0,0,0,0,0,0.0125,0,0.0250,0.171,0,0,0.429,0.0542,0,0,0,0,0,0,0,0.0458,0,0.0542,0.0625,0.0583,0,0,0.317,0.129,0,0,0,0,0,0,0,0,0.0375,0,0.0250,0.0250,0.0542,0,0,0.417,0.0750,0,0,0
2023-02-23 10:12:00,0,0,0,0,0,0.0125,0,0.0250,0.175,0,0,0.429,0.0542,0,0,0,0,0,0,0,0.0375,0,0.0542,0.0542,0.0500,0,0,0.317,0.121,0,0,0,0,0,0,0,0,0.0375,0,0.0250,0.0250,0.0500,0,0,0.400,0.0792,0,0,0
2023-02-23 10:16:00,0,0,0,0,0,0.0125,0,0.0250,0.163,0,0,0.425,0.0542,0,0,0,0,0,0,0,0.0417,0,0.0583,0.0500,0.0583,0,0,0.325,0.121,0,0,0,0,0,0,0,0,0.0375,0,0.0250,0.0250,0.0500,0,0,0.408,0.0750,0,0,0
2023-02-23 10:20:00,0,0,0,0,0,0.0125,0,0.0292,0.167,0,0,0.421,0.0500,0,0,0,0,0,0,0,0.0375,0,0.0500,0.0500,0.0500,0,0,0.317,0.117,0,0,0,0,0,0,0,0,0.0375,0,0.0250,0.0250,0.0500,0,0,0.421,0.0792,0,0,0
2023-02-23 10:24:00,0,0,0,0,0,0.0125,0,0.0250,0.188,0,0,0.413,0.0500,0,0,0,0,0,0,0,0.0375,0,0.0542,0.0542,0.0500,0,0,0.317,0.117,0,0,0,0,0,0,0,0,0.0375,0,0.0250,0.0250,0.0500,0,0,0.396,0.0792,0,0,0
2023-02-23 10:28:00,0,0,0,0,0,0.0125,0,0.0250,0.167,0,0,0.437,0.0541,0,0,0,0,0,0,0,0.0417,0,0.0583,0.0500,0.0583,0,0,0.342,0.125,0,0,0,0,0,0,0,0,0.0500,0,0.0292,0.0250,0.0625,0,0,0.421,0.0792,0,0,0
2023-02-23 10:32:00,0,0,0,0,0,0.0125,0,0.0292,0.171,0,0,0.425,0.0500,0,0,0,0,0,0,0,0.0375,0,0.0458,0.0500,0.0500,0,0,0.296,0.113,0,0,0,0,0,0,0,0,0.0375,0,0.0250,0.0250,0.0542,0,0,0.425,0.0833,0,0,0
2023-02-23 10:36:00,0,0,0,0,0,0.0125,0,0.0250,0.163,0,0,0.413,0.0583,0,0,0,0,0,0,0,0.0375,0,0.0583,0.0542,0.0500,0,0,0.325,0.125,0,0,0,0,0,0,0,0,0.0375,0,0.0250,0.0250,0.0500,0,0,0.417,0.0750,0,0,0
2023-02-23 10:40:00,0,0,0,0,0,0.0167,0,0.0292,0.171,0,0,0.421,0.0500,0,0,0,0,0,0,0,0.0458,0,0.0542,0.0625,0.0583,0,0,0.313,0.125,0,0,0,0,0,0,0,0,0.0375,0,0.0250,0.0250,0.0542,0,0,0.404,0.0792,0,0,0
2023-02-23 10:44:00,0,0,0,0,0,0.0125,0,0.0250,0.171,0,0,0.425,0.0583,0,0,0,0,0,0,0,0.0375,0,0.0500,0.0500,0.0500,0,0,0.321,0.121,0,0,0,0,0,0,0,0,0.0500,0,0.0292,0.0250,0.0625,0,0,0.413,0.0750,0,0,0
2023-02-23 10:48:00,0,0,0,0,0,0.0125,0,0.0292,0.167,0,0,0.429,0.0583,0,0,0,0,0,0,0,0.0417,0,0.0542,0.0500,0.0542,0,0,0.317,0.113,0,0,0,0,0,0,0,0,0.0375,0,0.0292,0.0333,0.0500,0,0,0.417,0.0917,0,0,0
2023-02-23 10:52:00,0,0,0,0,0,0.0167,0,0.0292,0.167,0,0,0.425,0.0500,0,0,0,0,0,0,0,0.0375,0,0.0542,0.0542,0.0500,0,0,0.313,0.117,0,0,0,0,0,0,0,0,0.0375,0,0.0250,0.0250,0.0500,0,0,0.396,0.0750,0,0,0
2023-02-23 10:56:00,0,0,0,0,0,0.0125,0,0.0250,0.183,0,0,0.421,0.0500,0,0,0,0,0,0,0,0.0333,0,0.0500,0.0500,0.0458,0,0,0.317,0.108,0,0,0,0,0,0,0,0,0.0375,0,0.0250,0.0250,0.0542,0,0,0.429,0.0833,0,0,0
2023-02-23 11:00:00,0,0,0,0,0,0.0125,0,0.0250,0.167,0,0,0.425,0.0542,0,0,0,0,0,0,0,0.0458,0,0.0542,0.0625,0.0583,0,0,0.300,0.125,0,0,0,0,0,0,0,0,0.0375,0,0.0250,0.0250,0.0500,0,0,0.413,0.0792,0,0,0
2023-02-23 11:04:00,0,0,0,0,0,0.0125,0,0.0292,0.163,0,0,0.413,0.0542,0,0,0,0,0,0,0,0.0417,0,0.0542,0.0500,0.0583,0,0,0.342,0.129,0,0,0,0,0,0,0,0,0.0375,0,0.0250,0.0250,0.0500,0,0,0.396,0.0750,0,0,0
2023-02-23 11:08:00,0,0,0,0,0,0.0167,0,0.0292,0.154,0,0,0.442,0.0542,0,0,0,0,0,0,0,0.0375,0,0.0500,0.0500,0.0500,0,0,0.317,0.117,0,0,0,0,0,0,0,0,0.0375,0,0.0250,0.0250,0.0542,0,0,0.429,0.0833,0,0,0
2023-02-23 11:12:00,0,0,0,0,0,0.0125,0,0.0250,0.188,0,0,0.417,0.0542,0,0,0,0,0,0,0,0.0458,0,0.0542,0.0625,0.0583,0,0,0.317,0.125,0,0,0,0,0,0,0,0,0.0500,0,0.0333,0.0333,0.0625,0,0,0.425,0.0917,0,0,0
2023-02-23 11:16:00,0,0,0,0,0,0.0125,0,0.0250,0.171,0,0,0.417,0.0500,0,0,0,0,0,0,0,0.0375,0,0.0583,0.0542,0.0500,0,0,0.321,0.121,0,0,0,0,0,0,0,0,0.0375,0,0.0250,0.0250,0.0500,0,0,0.404,0.0750,0,0,0
2023-02-23 11:20:00,0,0,0,0,0,0.0125,0,0.0250,0.192,0,0,0.433,0.0583,0,0,0,0,0,0,0,0.0375,0,0.0500,0.0500,0.0500,0,0,0.313,0.121,0,0,0,0,0,0,0,0,0.0375,0,0.0250,0.0250,0.0500,0,0,0.400,0.0750,0,0,0
2023-02-23 11:24:00,0,0,0,0,0,0.0167,0,0.0333,0.167,0,0,0.450,0.0583,0,0,0,0,0,0,0,0.0500,0,0.0583,0.0625,0.0625,0,0,0.313,0.125,0,0,0,0,0,0,0,0,0.0375,0,0.0292,0.0333,0.0542,0,0,0.438,0.0917,0,0,0
2023-02-23 11:28:00,0,0,0,0,0,0.0125,0,0.0250,0.167,0,0,0.408,0.0500,0,0,0,0,0,0,0,0.0375,0,0.0542,0.0542,0.0542,0,0,0.325,0.121,0,0,0,0,0,0,0,0,0.0375,0,0.0250,0.0250,0.0500,0,0,0.404,0.0750,0,0,0
2023-02-23 11:32:00,0,0,0,0,0,0.0125,0,0.0250,0.188,0,0,0.425,0.0500,0,0,0,0,0,0,0,0.0375,0,0.0500,0.0500,0.0500,0,0,0.308,0.117,0,0,0,0,0,0,0,0,0.0375,0,0.0250,0.0250,0.0500,0,0,0.396,0.0750,0,0,0
2023-02-23 11:36:00,0,0,0,0,0,0.0125,0,0.0250,0.167,0,0,0.429,0.0542,0,0,0,0,0,0,0,0.0375,0,0.0542,0.0500,0.0458,0,0,0.308,0.108,0,0,0,0,0,0,0,0,0.0375,0,0.0250,0.0250,0.0500,0,0,0.421,0.0833,0,0,0
2023-02-23 11:40:00,0,0,0,0,0,0.0167,0,0.0292,0.175,0,0,0.421,0.0500,0,0,0,0,0,0,0,0.0375,0,0.0500,0.0500,0.0500,0,0,0.321,0.121,0,0,0,0,0,0,0,0,0.0375,0,0.0292,0.0333,0.0500,0,0,0.404,0.0833,0,0,0
2023-02-23 11:44:00,0,0,0,0,0,0.0125,0,0.0250,0.158,0,0,0.408,0.0542,0,0,0,0,0,0,0,0.0500,0,0.0583,0.0625,0.0625,0,0,0.325,0.125,0,0,0,0,0,0,0,0,0.0500,0,0.0292,0.0250,0.0625,0,0,0.413,0.0750,0,0,0
2023-02-23 11:48:00,0,0,0,0,0,0.00833,0,0.0250,0.188,0,0,0.438,0.0500,0,0,0,0,0,0,0,0.0375,0,0.0542,0.0500,0.0500,0,0,0.308,0.117,0,0,0,0,0,0,0,0,0.0375,0,0.0250,0.0250,0.0542,0,0,0.417,0.0833,0,0,0
2023-02-23 11:52:00,0,0,0,0,0,0.0167,0,0.0292,0.175,0,0,0.429,0.0625,0,0,0,0,0,0,0,0.0375,0,0.0500,0.0500,0.0500,0,0,0.317,0.113,0,0,0,0,0,0,0,0,0.0375,0,0.0250,0.0250,0.0500,0,0,0.404,0.0792,0,0,0
2023-02-23 11:56:00,0,0,0,0,0,0.0125,0,0.0250,0.183,0,0,0.417,0.0500,0,0,0,0,0,0,0,0.0375,0,0.0500,0.0500,0.0500,0,0,0.308,0.117,0,0,0,0,0,0,0,0,0.0500,0,0.0292,0.0250,0.0625,0,0,0.408,0.0750,0,0,0
2023-02-23 12:00:00,0,0,0,0,0,0.0125,0,0.0250,0.146,0,0,0.413,0.0542,0,0,0,0,0,0,0,0.0500,0,0.0583,0.0625,0.0625,0,0,0.321,0.125,0,0,0,0,0,0,0,0,0.0375,0,0.0292,0.0333,0.0500,0,0,0.396,0.0875,0,0,0
2023-02-23 12:04:00,0,0,0,0,0,0.0125,0,0.0250,0.188,0,0,0.413,0.0500,0,0,0,0,0,0,0,0.0375,0,0.0542,0.0500,0.0542,0,0,0.329,0.125,0,0,0,0,0,0,0,0,0.0375,0,0.0250,0.0250,0.0500,0,0,0.421,0.0792,0,0,0
2023-02-23 12:08:00,0,0,0,0,0,0.0125,0,0.0250,0.158,0,0,0.417,0.0500,0,0,0,0,0,0,0,0.0458,0,0.0542,0.0625,0.0583,0,0,0.312,0.129,0,0,0,0,0,0,0,0,0.0375,0,0.0208,0.0167,0.0500,0,0,0.400,0.0667,0,0,0
2023-02-23 12:12:00,0,0,0,0,0,0.0125,0,0.0292,0.167,0,0,0.421,0.0542,0,0,0,0,0,0,0,0.0375,0,0.0542,0.0542,0.0500,0,0,0.329,0.121,0,0,0,0,0,0,0,0,0.0375,0,0.0292,0.0333,0.0500,0,0,0.408,0.0833,0,0,0
2023-02-23 12:16:00,0,0,0,0,0,0.0167,0,0.0292,0.183,0,0,0.433,0.0583,0,0,0,0,0,0,0,0.0375,0,0.0500,0.0500,0.0542,0,0,0.308,0.125,0,0,0,0,0,0,0,0,0.0375,0,0.0250,0.0250,0.0500,0,0,0.404,0.0792,0,0,0
2023-02-23 12:20:00,0,0,0,0,0,0.0125,0,0.0292,0.171,0,0,0.442,0.0500,0,0,0,0,0,0,0,0.0375,0,0.0500,0.0500,0.0500,0,0,0.300,0.108,0,0,0,0,0,0,0,0,0.0375,0,0.0250,0.0250,0.0542,0,0,0.417,0.0833,0,0,0
2023-02-23 12:24:00,0,0,0,0,0,0.0125,0,0.0250,0.188,0,0,0.425,0.0500,0,0,0,0,0,0,0,0.0375,0,0.0542,0.0542,0.0500,0,0,0.321,0.121,0,0,0,0,0,0,0,0,0.0375,0,0.0250,0.0250,0.0500,0,0,0.404,0.0792,0,0,0
2023-02-23 12:28:00,0,0,0,0,0,0.0125,0,0.0250,0.163,0,0,0.421,0.0500,0,0,0,0,0,0,0,0.0417,0,0.0500,0.0458,0.0542,0,0,0.317,0.117,0,0,0,0,0,0,0,0,0.0375,0,0.0250,0.0250,0.0500,0,0,0.413,0.0750,0,0,0
2023-02-23 12:32:00,0,0,0,0,0,0.0167,0,0.0292,0.196,0,0,0.421,0.0500,0,0,0,0,0,0,0,0.0458,0,0.0542,0.0625,0.0625,0,0,0.317,0.129,0,0,0,0,0,0,0,0,0.0375,0,0.0250,0.0250,0.0542,0,0,0.425,0.0833,0,0,0
2023-02-23 12:36:00,0,0,0,0,0,0.0125,0,0.0250,0.167,0,0,0.429,0.0625,0,0,0,0,0,0,0,0.0375,0,0.0542,0.0542,0.0500,0,0,0.333,0.117,0,0,0,0,0,0,0,0,0.0500,0,0.0292,0.0250,0.0583,0,0,0.392,0.0667,0,0,0
2023-02-23 12:40:00,0,0,0,0,0,0.0125,0,0.0250,0.142,0,0,0.421,0.0500,0,0,0,0,0,0,0,0.0375,0,0.0542,0.0500,0.0458,0,0,0.308,0.113,0,0,0,0,0,0,0,0,0.0375,0,0.0250,0.0250,0.0542,0,0,0.421,0.0833,0,0,0
2023-02-23 12:44:00,0,0,0,0,0,0.0125,0,0.0250,0.183,0,0,0.438,0.0583,0,0,0,0,0,0,0,0.0458,0,0.0542,0.0625,0.0583,0,0,0.317,0.129,0,0,0,0,0,0,0,0,0.0375,0,0.0292,0.0333,0.0500,0,0,0.421,0.0917,0,0,0
2023-02-23 12:48:00,0,0,0,0,0,0.0125,0,0.0250,0.167,0,0,0.417,0.0500,0,0,0,0,0,0,0,0.0375,0,0.0542,0.0542,0.0542,0,0,0.329,0.125,0,0,0,0,0,0,0,0,0.0375,0,0.0250,0.0250,0.0542,0,0,0.408,0.0792,0,0,0
2023-02-23 12:52:00,0,0,0,0,0,0.0125,0,0.0250,0.175,0,0,0.433,0.0458,0,0,0,0,0,0,0,0.0417,0,0.0583,0.0500,0.0542,0,0,0.317,0.113,0,0,0,0,0,0,0,0,0.0375,0,0.0250,0.0250,0.0500,0,0,0.404,0.0750,0,0,0
2023-02-23 12:56:00,0,0,0,0,0,0.0167,0,0.0292,0.192,0,0,0.417,0.0542,0,0,0,0,0,0,0,0.0375,0,0.0500,0.0500,0.0500,0,0,0.313,0.117,0,0,0,0,0,0,0,0,0.0500,0,0.0292,0.0250,0.0625,0,0,0.429,0.0792,0,0,0
2023-02-23 13:00:00,0,0,0,0,0,0.00833,0,0.0208,0.171,0,0,0.417,0.0542,0,0,0,0,0,0,0,0.0375,0,0.0458,0.0458,0.0500,0,0,0.304,0.104,0,0,0,0,0,0,0,0,0.0375,0,0.0292,0.0333,0.0542,0,0,0.425,0.0917,0,0,0
2023-02-23 13:04:00,0,0,0,0,0,0.0167,0,0.0292,0.171,0,0,0.421,0.0500,0,0,0,0,0,0,0,0.0375,0,0.0583,0.0542,0.0542,0,0,0.342,0.129,0,0,0,0,0,0,0,0,0.0375,0,0.0250,0.0250,0.0500,0,0,0.404,0.0792,0,0,0
2023-02-23 13:08:00,0,0,0,0,0,0.0125,0,0.0292,0.167,0,0,0.442,0.0583,0,0,0,0,0,0,0,0.0417,0,0.0542,0.0500,0.0542,0,0,0.304,0.113,0,0,0,0,0,0,0,0,0.0375,0,0.0250,0.0250,0.0500,0,0,0.417,0.0750,0,0,0
2023-02-23 13:12:00,0,0,0,0,0,0.0125,0,0.0250,0.163,0,0,0.421,0.0542,0,0,0,0,0,0,0,0.0417,0,0.0500,0.0625,0.0542,0,0,0.317,0.129,0,0,0,0,0,0,0,0,0.0375,0,0.0250,0.0250,0.0542,0,0,0.417,0.0875,0,0,0
2023-02-23 13:16:00,0,0,0,0,0,0.0125,0,0.0250,0.188,0,0,0.425,0.0500,0,0,0,0,0,0,0,0.0417,0,0.0583,0.0500,0.0542,0,0,0.329,0.113,0,0,0,0,0,0,0,0,0.0500,0,0.0292,0.0250,0.0625,0,0,0.408,0.0750,0,0,0
2023-02-23 13:20:00,0,0,0,0,0,0.0125,0,0.0250,0.146,0,0,0.404,0.0500,0,0,0,0,0,0,0,0.0375,0,0.0500,0.0500,0.0500,0,0,0.313,0.117,0,0,0,0,0,0,0,0,0.0375,0,0.0250,0.0250,0.0500,0,0,0.417,0.0750,0,0,0
2023-02-23 13:24:00,0,0,0,0,0,0.0125,0,0.0250,0.192,0,0,0.425,0.0542,0,0,0,0,0,0,0,0.0375,0,0.0500,0.0500,0.0500,0,0,0.308,0.117,0,0,0,0,0,0,0,0,0.0375,0,0.0292,0.0333,0.0500,0,0,0.421,0.0875,0,0,0
2023-02-23 13:28:00,0,0,0,0,0,0.0167,0,0.0292,0.171,0,0,0.429,0.0583,0,0,0,0,0,0,0,0.0375,0,0.0542,0.0542,0.0500,0,0,0.317,0.117,0,0,0,0,0,0,0,0,0.0375,0,0.0250,0.0250,0.0500,0,0,0.388,0.0750,0,0,0
2023-02-23 13:32:00,0,0,0,0,0,0.0125,0,0.0292,0.175,0,0,0.433,0.0500,0,0,0,0,0,0,0,0.0375,0,0.0542,0.0500,0.0500,0,0,0.346,0.121,0,0,0,0,0,0,0,0,0.0375,0,0.0250,0.0250,0.0542,0,0,0.433,0.0833,0,0,0
2023-02-23 13:36:00,0,0,0,0,0,0.0125,0,0.0250,0.188,0,0,0.425,0.0542,0,0,0,0,0,0,0,0.0458,0,0.0583,0.0667,0.0583,0,0,0.313,0.129,0,0,0,0,0,0,0,0,0.0375,0,0.0292,0.0333,0.0500,0,0,0.396,0.0833,0,0,0
2023-02-23 13:40:00,0,0,0,0,0,0.0167,0,0.0292,0.150,0,0,0.408,0.0542,0,0,0,0,0,0,0,0.0292,0,0.0458,0.0375,0.0417,0,0,0.313,0.108,0,0,0,0,0,0,0,0,0.0375,0,0.0250,0.0250,0.0500,0,0,0.400,0.0792,0,0,0
2023-02-23 13:44:00,0,0,0,0,0,0.0125,0,0.0292,0.200,0,0,0.438,0.0542,0,0,0,0,0,0,0,0.0458,0,0.0583,0.0625,0.0625,0,0,0.321,0.125,0,0,0,0,0,0,0,0,0.0375,0,0.0250,0.0250,0.0500,0,0,0.417,0.0750,0,0,0
2023-02-23 13:48:00,0,0,0,0,0,0.0125,0,0.0250,0.142,0,0,0.400,0.0500,0,0,0,0,0,0,0,0.0375,0,0.0542,0.0542,0.0500,0,0,0.304,0.117,0,0,0,0,0,0,0,0,0.0375,0,0.0250,0.0250,0.0542,0,0,0.421,0.0833,0,0,0
2023-02-23 13:52:00,0,0,0,0,0,0.0167,0,0.0292,0.192,0,0,0.438,0.0542,0,0,0,0,0,0,0,0.0375,0,0.0500,0.0500,0.0500,0,0,0.317,0.117,0,0,0,0,0,0,0,0,0.0375,0,0.0250,0.0250,0.0500,0,0,0.408,0.0750,0,0,0
2023-02-23 13:56:00,0,0,0,0,0,0.0125,0,0.0250,0.158,0,0,0.417,0.0583,0,0,0,0,0,0,0,0.0375,0,0.0500,0.0500,0.0500,0,0,0.313,0.113,0,0,0,0,0,0,0,0,0.0500,0,0.0333,0.0333,0.0625,0,0,0.413,0.0833,0,0,0
2023-02-23 14:00:00,0,0,0,0,0,0.0125,0,0.0250,0.163,0,0,0.408,0.0458,0,0,0,0,0,0,0,0.0500,0,0.0583,0.0625,0.0667,0,0,0.329,0.133,0,0,0,0,0,0,0,0,0.0500,0,0.0292,0.0250,0.0625,0,0,0.408,0.0792,0,0,0
2023-02-23 14:04:00,0,0,0,0,0,0.0125,0,0.0250,0.183,0,0,0.438,0.0542,0,0,0,0,0,0,0,0.0375,0,0.0500,0.0500,0.0500,0,0,0.329,0.121,0,0,0,0,0,0,0,0,0.0375,0,0.0250,0.0250,0.0542,0,0,0.429,0.0875,0,0,0
2023-02-23 14:08:00,0,0,0,0,0,0.0125,0,0.0250,0.163,0,0,0.417,0.0542,0,0,0,0,0,0,0,0.0375,0,0.0500,0.0500,0.0500,0,0,0.308,0.113,0,0,0,0,0,0,0,0,0.0375,0,0.0250,0.0250,0.0500,0,0,0.396,0.0750,0,0,0
2023-02-23 14:12:00,0,0,0,0,0,0.0125,0,0.0250,0.163,0,0,0.425,0.0500,0,0,0,0,0,0,0,0.0375,0,0.0542,0.0500,0.0500,0,0,0.304,0.113,0,0,0,0,0,0,0,0,0.0375,0,0.0250,0.0250,0.0542,0,0,0.429,0.0833,0,0,0
2023-02-23 14:16:00,0,0,0,0,0,0.0167,0,0.0292,0.192,0,0,0.425,0.0542,0,0,0,0,0,0,0,0.0375,0,0.0500,0.0500,0.0500,0,0,0.329,0.121,0,0,0,0,0,0,0,0,0.0375,0,0.0292,0.0333,0.0500,0,0,0.404,0.0833,0,0,0
2023-02-23 14:20:00,0,0,0,0,0,0.0125,0,0.0250,0.171,0,0,0.438,0.0583,0,0,0,0,0,0,0,0.0375,0,0.0500,0.0500,0.0500,0,0,0.304,0.113,0,0,0,0,0,0,0,0,0.0375,0,0.0250,0.0250,0.0500,0,0,0.412,0.0750,0,0,0
2023-02-23 14:24:00,0,0,0,0,0,0.0125,0,0.0292,0.167,0,0,0.429,0.0500,0,0,0,0,0,0,0,0.0500,0,0.0667,0.0667,0.0625,0,0,0.329,0.133,0,0,0,0,0,0,0,0,0.0375,0,0.0250,0.0250,0.0500,0,0,0.400,0.0792,0,0,0
2023-02-23 14:28:00,0,0,0,0,0,0.0125,0,0.0250,0.163,0,0,0.408,0.0500,0,0,0,0,0,0,0,0.0458,0,0.0500,0.0583,0.0583,0,0,0.321,0.125,0,0,0,0,0,0,0,0,0.0500,0,0.0292,0.0250,0.0667,0,0,0.425,0.0833,0,0,0
2023-02-23 14:32:00,0,0,0,0,0,0.0125,0,0.0250,0.171,0,0,0.425,0.0500,0,0,0,0,0,0,0,0.0375,0,0.0500,0.0500,0.0542,0,0,0.325,0.121,0,0,0,0,0,0,0,0,0.0375,0,0.0250,0.0250,0.0500,0,0,0.417,0.0792,0,0,0
2023-02-23 14:36:00,0,0,0,0,0,0.0125,0,0.0250,0.188,0,0,0.446,0.0583,0,0,0,0,0,0,0,0.0375,0,0.0542,0.0542,0.0500,0,0,0.329,0.125,0,0,0,0,0,0,0,0,0.0375,0,0.0292,0.0333,0.0542,0,0,0.408,0.0875,0,0,0
2023-02-23 14:40:00,0,0,0,0,0,0.0125,0,0.0292,0.171,0,0,0.408,0.0500,0,0,0,0,0,0,0,0.0375,0,0.0542,0.0500,0.0500,0,0,0.317,0.113,0,0,0,0,0,0,0,0,0.0375,0,0.0208,0.0167,0.0500,0,0,0.421,0.0708,0,0,0
2023-02-23 14:44:00,0,0,0,0,0,0.0125,0,0.0250,0.171,0,0,0.417,0.0542,0,0,0,0,0,0,0,0.0500,0,0.0542,0.0625,0.0625,0,0,0.317,0.125,0,0,0,0,0,0,0,0,0.0375,0,0.0292,0.0333,0.0500,0,0,0.400,0.0875,0,0,0
2023-02-23 14:48:00,0,0,0,0,0,0.0167,0,0.0292,0.163,0,0,0.433,0.0500,0,0,0,0,0,0,0,0.0375,0,0.0542,0.0542,0.0542,0,0,0.325,0.125,0,0,0,0,0,0,0,0,0.0375,0,0.0250,0.0250,0.0500,0,0,0.408,0.0750,0,0,0
2023-02-23 14:52:00,0,0,0,0,0,0.0125,0,0.0250,0.163,0,0,0.429,0.0500,0,0,0,0,0,0,0,0.0375,0,0.0542,0.0500,0.0500,0,0,0.317,0.117,0,0,0,0,0,0,0,0,0.0500,0,0.0292,0.0250,0.0667,0,0,0.417,0.0833,0,0,0
2023-02-23 14:56:00,0,0,0,0,0,0.0125,0,0.0292,0.163,0,0,0.421,0.0583,0,0,0,0,0,0,0,0.0375,0,0.0500,0.0500,0.0500,0,0,0.317,0.112,0,0,0,0,0,0,0,0,0.0375,0,0.0292,0.0333,0.0500,0,0,0.404,0.0875,0,0,0
2023-02-23 15:00:00,0,0,0,0,0,0.0125,0,0.0250,0.163,0,0,0.429,0.0542,0,0,0,0,0,0,0,0.0417,0,0.0542,0.0500,0.0542,0,0,0.313,0.113,0,0,0,0,0,0,0,0,0.0500,0,0.0292,0.0250,0.0625,0,0,0.404,0.0792,0,0,0
2023-02-23 15:04:00,0,0,0,0,0,0.0125,0,0.0250,0.179,0,0,0.429,0.0500,0,0,0,0,0,0,0,0.0292,0,0.0500,0.0375,0.0417,0,0,0.317,0.113,0,0,0,0,0,0,0,0,0.0375,0,0.0250,0.0250,0.0500,0,0,0.417,0.0750,0,0,0
2023-02-23 15:08:00,0,0,0,0,0,0.0125,0,0.0250,0.167,0,0,0.417,0.0583,0,0,0,0,0,0,0,0.0458,0,0.0542,0.0625,0.0625,0,0,0.329,0.129,0,0,0,0,0,0,0,0,0.0375,0,0.0250,0.0250,0.0500,0,0,0.425,0.0750,0,0,0
2023-02-23 15:12:00,0,0,0,0,0,0.0125,0,0.0250,0.171,0,0,0.417,0.0500,0,0,0,0,0,0,0,0.0375,0,0.0542,0.0542,0.0500,0,0,0.308,0.117,0,0,0,0,0,0,0,0,0.0375,0,0.0250,0.0250,0.0500,0,0,0.404,0.0792,0,0,0
2023-02-23 15:16:00,0,0,0,0,0,0.0125,0,0.0250,0.158,0,0,0.429,0.0583,0,0,0,0,0,0,0,0.0375,0,0.0500,0.0500,0.0500,0,0,0.313,0.113,0,0,0,0,0,0,0,0,0.0375,0,0.0250,0.0250,0.0542,0,0,0.408,0.0833,0,0,0
2023-02-23 15:20:00,0,0,0,0,0,0.0167,0,0.0292,0.192,0,0,0.421,0.0500,0,0,0,0,0,0,0,0.0458,0,0.0542,0.0625,0.0583,0,0,0.313,0.125,0,0,0,0,0,0,0,0,0.0375,0,0.0250,0.0250,0.0500,0,0,0.404,0.0792,0,0,0
2023-02-23 15:24:00,0,0,0,0,0,0.0125,0,0.0292,0.171,0,0,0.421,0.0500,0,0,0,0,0,0,0,0.0375,0,0.0500,0.0500,0.0500,0,0,0.329,0.121,0,0,0,0,0,0,0,0,0.0375,0,0.0292,0.0333,0.0542,0,0,0.425,0.0875,0,0,0
2023-02-23 15:28:00,0,0,0,0,0,0.0125,0,0.0250,0.196,0,0,0.438,0.0542,0,0,0,0,0,0,0,0.0375,0,0.0500,0.0500,0.0542,0,0,0.317,0.121,0,0,0,0,0,0,0,0,0.0375,0,0.0250,0.0250,0.0500,0,0,0.400,0.0750,0,0,0
2023-02-23 15:32:00,0,0,0,0,0,0.0125,0,0.0250,0.163,0,0,0.425,0.0542,0,0,0,0,0,0,0,0.0375,0,0.0500,0.0500,0.0500,0,0,0.317,0.117,0,0,0,0,0,0,0,0,0.0375,0,0.0250,0.0250,0.0500,0,0,0.417,0.0792,0,0,0
2023-02-23 15:36:00,0,0,0,0,0,0.0125,0,0.0250,0.167,0,0,0.417,0.0542,0,0,0,0,0,0,0,0.0375,0,0.0500,0.0500,0.0500,0,0,0.317,0.117,0,0,0,0,0,0,0,0,0.0500,0,0.0292,0.0250,0.0625,0,0,0.400,0.0792,0,0,0
2023-02-23 15:40:00,0,0,0,0,0,0.0125,0,0.0292,0.171,0,0,0.425,0.0542,0,0,0,0,0,0,0,0.0458,0,0.0542,0.0625,0.0625,0,0,0.321,0.129,0,0,0,0,0,0,0,0,0.0375,0,0.0250,0.0250,0.0500,0,0,0.413,0.0750,0,0,0
2023-02-23 15:44:00,0,0,0,0,0,0.0125,0,0.0250,0.167,0,0,0.417,0.0542,0,0,0,0,0,0,0,0.0417,0,0.0583,0.0500,0.0542,0,0,0.321,0.113,0,0,0,0,0,0,0,0,0.0375,0,0.0292,0.0333,0.0542,0,0,0.425,0.0917,0,0,0
2023-02-23 15:48:00,0,0,0,0,0,0.0125,0,0.0250,0.183,0,0,0.425,0.0542,0,0,0,0,0,0,0,0.0375,0,0.0500,0.0500,0.0500,0,0,0.313,0.117,0,0,0,0,0,0,0,0,0.0375,0,0.0250,0.0250,0.0500,0,0,0.400,0.0792,0,0,0
2023-02-23 15:52:00,0,0,0,0,0,0.0125,0,0.0250,0.171,0,0,0.421,0.0542,0,0,0,0,0,0,0,0.0458,0,0.0583,0.0667,0.0583,0,0,0.321,0.133,0,0,0,0,0,0,0,0,0.0375,0,0.0250,0.0250,0.0500,0,0,0.425,0.0750,0,0,0
2023-02-23 15:56:00,0,0,0,0,0,0.0125,0,0.0250,0.167,0,0,0.421,0.0500,0,0,0,0,0,0,0,0.0375,0,0.0542,0.0500,0.0500,0,0,0.321,0.113,0,0,0,0,0,0,0,0,0.0500,0,0.0333,0.0333,0.0625,0,0,0.417,0.0833,0,0,0
2023-02-23 16:00:00,0,0,0,0,0,0.0125,0,0.0250,0.167,0,0,0.433,0.0583,0,0,0,0,0,0,0,0.0417,0,0.0542,0.0500,0.0542,0,0,0.317,0.117,0,0,0,0,0,0,0,0,0.0375,0,0.0250,0.0250,0.0500,0,0,0.425,0.0750,0,0,0
2023-02-23 16:04:00,0,0,0,0,0,0.0125,0,0.0250,0.167,0,0,0.421,0.0500,0,0,0,0,0,0,0,0.0458,0,0.0542,0.0625,0.0583,0,0,0.317,0.129,0,0,0,0,0,0,0,0,0.0375,0,0.0250,0.0250,0.0500,0,0,0.413,0.0833,0,0,0
2023-02-23 16:08:00,0,0,0,0,0,0.0125,0,0.0250,0.183,0,0,0.416,0.0500,0,0,0,0,0,0,0,0.0375,0,0.0500,0.0500,0.0500,0,0,0.308,0.113,0,0,0,0,0,0,0,0,0.0375,0,0.0250,0.0250,0.0500,0,0,0.392,0.0750,0,0,0
2023-02-23 16:12:00,0,0,0,0,0,0.0125,0,0.0250,0.163,0,0,0.409,0.0542,0,0,0,0,0,0,0,0.0375,0,0.0542,0.0500,0.0542,0,0,0.325,0.117,0,0,0,0,0,0,0,0,0.0500,0,0.0292,0.0250,0.0625,0,0,0.425,0.0792,0,0,0
2023-02-23 16:16:00,0,0,0,0,0,0.0125,0,0.0250,0.183,0,0,0.442,0.0583,0,0,0,0,0,0,0,0.0375,0,0.0542,0.0542,0.0500,0,0,0.325,0.117,0,0,0,0,0,0,0,0,0.0375,0,0.0292,0.0333,0.0542,0,0,0.413,0.0875,0,0,0
2023-02-23 16:20:00,0,0,0,0,0,0.0125,0,0.0292,0.158,0,0,0.413,0.0458,0,0,0,0,0,0,0,0.0375,0,0.0500,0.0500,0.0500,0,0,0.313,0.121,0,0,0,0,0,0,0,0,0.0375,0,0.0250,0.0250,0.0500,0,0,0.417,0.0833,0,0,0
2023-02-23 16:24:00,0,0,0,0,0,0.0125,0,0.0250,0.175,0,0,0.429,0.0583,0,0,0,0,0,0,0,0.0375,0,0.0500,0.0500,0.0500,0,0,0.304,0.113,0,0,0,0,0,0,0,0,0.0500,0,0.0292,0.0250,0.0625,0,0,0.421,0.0792,0,0,0
2023-02-23 16:28:00,0,0,0,0,0,0.0167,0,0.0292,0.167,0,0,0.408,0.0500,0,0,0,0,0,0,0,0.0417,0,0.0542,0.0500,0.0583,0,0,0.329,0.125,0,0,0,0,0,0,0,0,0.0375,0,0.0292,0.0333,0.0500,0,0,0.408,0.0833,0,0,0
2023-02-23 16:32:00,0,0,0,0,0,0.0125,0,0.0250,0.183,0,0,0.404,0.0500,0,0,0,0,0,0,0,0.0375,0,0.0542,0.0500,0.0458,0,0,0.304,0.108,0,0,0,0,0,0,0,0,0.0375,0,0.0250,0.0250,0.0500,0,0,0.396,0.0750,0,0,0
2023-02-23 16:36:00,0,0,0,0,0,0.0125,0,0.0250,0.163,0,0,0.421,0.0500,0,0,0,0,0,0,0,0.0458,0,0.0542,0.0625,0.0625,0,0,0.338,0.138,0,0,0,0,0,0,0,0,0.0250,0,0.0208,0.0250,0.0375,0,0,0.425,0.0833,0,0,0
2023-02-23 16:40:00,0,0,0,0,0,0.0125,0,0.0250,0.175,0,0,0.450,0.0583,0,0,0,0,0,0,0,0.0417,0,0.0542,0.0500,0.0542,0,0,0.321,0.113,0,0,0,0,0,0,0,0,0.0500,0,0.0292,0.0250,0.0667,0,0,0.404,0.0792,0,0,0
2023-02-23 16:44:00,0,0,0,0,0,0.0125,0,0.0250,0.183,0,0,0.425,0.0583,0,0,0,0,0,0,0,0.0458,0,0.0542,0.0625,0.0583,0,0,0.308,0.125,0,0,0,0,0,0,0,0,0.0375,0,0.0292,0.0333,0.0500,0,0,0.425,0.0875,0,0,0
2023-02-23 16:48:00,0,0,0,0,0,0.0125,0,0.0292,0.163,0,0,0.408,0.0458,0,0,0,0,0,0,0,0.0375,0,0.0500,0.0500,0.0500,0,0,0.317,0.117,0,0,0,0,0,0,0,0,0.0375,0,0.0250,0.0250,0.0500,0,0,0.404,0.0750,0,0,0
2023-02-23 16:52:00,0,0,0,0,0,0.0167,0,0.0292,0.179,0,0,0.438,0.0583,0,0,0,0,0,0,0,0.0375,0,0.0542,0.0542,0.0542,0,0,0.321,0.121,0,0,0,0,0,0,0,0,0.0375,0,0.0250,0.0250,0.0500,0,0,0.408,0.0750,0,0,0
2023-02-23 16:56:00,0,0,0,0,0,0.0125,0,0.0250,0.163,0,0,0.408,0.0500,0,0,0,0,0,0,0,0.0375,0,0.0542,0.0500,0.0500,0,0,0.333,0.125,0,0,0,0,0,0,0,0,0.0375,0,0.0250,0.0250,0.0500,0,0,0.396,0.0792,0,0,0
2023-02-23 17:00:00,0,0,0,0,0,0.0167,0,0.0292,0.200,0,0,0.425,0.0542,0,0,0,0,0,0,0,0.0417,0,0.0542,0.0500,0.0542,0,0,0.313,0.113,0,0,0,0,0,0,0,0,0.0375,0,0.0292,0.0333,0.0542,0,0,0.425,0.0917,0,0,0

