"Time","min","avg","max","deleted","deleted max"
2023-02-22 11:00:00,85,96.7,103,1132,2500
2023-02-22 11:02:00,85,96.7,103,1132,2500
2023-02-22 11:04:00,79,197,409,1971,2500
2023-02-22 11:06:00,79,197,409,1971,2500
2023-02-22 11:08:00,79,197,409,1971,2500
2023-02-22 11:10:00,79,197,409,1971,2500
2023-02-22 11:12:00,79,197,409,1971,2500
2023-02-22 11:14:00,79,197,409,1971,2500
2023-02-22 11:16:00,79,201,409,2652,4545
2023-02-22 11:18:00,79,201,409,2652,4545
2023-02-22 11:20:00,82,298,699,3137,4545
2023-02-22 11:22:00,82,298,699,3137,4545
2023-02-22 11:24:00,82,298,699,3137,4545
2023-02-22 11:26:00,82,298,699,3137,4545
2023-02-22 11:28:00,82,298,699,3137,4545
2023-02-22 11:30:00,82,298,699,3137,4545
2023-02-22 11:32:00,82,298,699,3137,4545
2023-02-22 11:34:00,82,298,699,3137,4545
2023-02-22 11:36:00,82,298,699,3137,4545
2023-02-22 11:38:00,82,298,699,3137,4545
2023-02-22 11:40:00,82,298,699,3790,6505
2023-02-22 11:42:00,82,298,699,3790,6505
2023-02-22 11:44:00,82,298,699,3790,6505
2023-02-22 11:46:00,86,581,1545,4789,6505
2023-02-22 11:48:00,86,581,1545,4789,6505
2023-02-22 11:50:00,86,581,1545,4789,6505
2023-02-22 11:52:00,86,581,1545,4789,6505
2023-02-22 11:54:00,86,581,1545,4789,6505
2023-02-22 11:56:00,86,581,1545,4789,6505
2023-02-22 11:58:00,86,581,1545,4789,6505
2023-02-22 12:00:00,86,581,1545,4789,6505
2023-02-22 12:02:00,86,581,1545,4789,6505
2023-02-22 12:04:00,86,581,1545,4789,6505
2023-02-22 12:06:00,86,581,1545,4789,6505
2023-02-22 12:08:00,86,581,1545,4789,6505
2023-02-22 12:10:00,86,581,1545,4789,6505
2023-02-22 12:12:00,86,581,1545,4789,6505
2023-02-22 12:14:00,86,581,1545,4789,6505
2023-02-22 12:16:00,86,581,1545,4789,6505
2023-02-22 12:18:00,86,582,1545,5932,9932
2023-02-22 12:20:00,86,582,1545,5932,9932
2023-02-22 12:22:00,86,582,1545,5932,9932
2023-02-22 12:24:00,90,924,2566,7129,9932
2023-02-22 12:26:00,90,924,2566,7129,9932
2023-02-22 12:28:00,90,924,2566,7129,9932
2023-02-22 12:30:00,90,924,2566,7129,9932
2023-02-22 12:32:00,90,924,2566,7129,9932
2023-02-22 12:34:00,90,924,2566,7129,9932
2023-02-22 12:36:00,90,924,2566,7129,9932
2023-02-22 12:38:00,90,924,2566,7129,9932
2023-02-22 12:40:00,90,924,2566,7129,9932
2023-02-22 12:42:00,90,924,2566,7129,9932
2023-02-22 12:44:00,90,924,2566,7129,9932
2023-02-22 12:46:00,90,924,2566,7129,9932
2023-02-22 12:48:00,90,924,2566,7129,9932
2023-02-22 12:50:00,90,924,2566,7129,9932
2023-02-22 12:52:00,90,924,2566,7129,9932
2023-02-22 12:54:00,90,924,2566,7129,9932
2023-02-22 12:56:00,90,924,2566,7129,9932
2023-02-22 12:58:00,90,924,2566,7129,9932
2023-02-22 13:00:00,90,924,2566,7129,9932
2023-02-22 13:02:00,90,924,2566,7129,9932
2023-02-22 13:04:00,90,924,2566,7129,9932
2023-02-22 13:06:00,90,924,2566,7129,9932
2023-02-22 13:08:00,90,924,2566,7129,9932
2023-02-22 13:10:00,90,924,2566,7129,9932
2023-02-22 13:12:00,90,924,2566,7129,9932
2023-02-22 13:14:00,90,924,2566,7129,9932
2023-02-22 13:16:00,90,925,2566,8716,14694
2023-02-22 13:18:00,90,925,2566,8716,14694
2023-02-22 13:20:00,95,927,2566,9803,14694
2023-02-22 13:22:00,95,1327,3768,10419,14694
2023-02-22 13:24:00,95,1327,3768,10419,14694
2023-02-22 13:26:00,95,1327,3768,10419,14694
2023-02-22 13:28:00,95,1327,3768,10419,14694
2023-02-22 13:30:00,95,1327,3768,10419,14694
2023-02-22 13:32:00,95,1327,3768,10419,14694
2023-02-22 13:34:00,95,1327,3768,10419,14694
2023-02-22 13:36:00,95,1327,3768,10419,14694
2023-02-22 13:38:00,95,1327,3768,10419,14694
2023-02-22 13:40:00,95,1327,3768,10419,14694
2023-02-22 13:42:00,95,1327,3768,10419,14694
2023-02-22 13:44:00,95,1327,3768,10419,14694
2023-02-22 13:46:00,95,1327,3768,10419,14694
2023-02-22 13:48:00,95,1327,3768,10419,14694
2023-02-22 13:50:00,95,1327,3768,10419,14694
2023-02-22 13:52:00,95,1327,3768,10419,14694
2023-02-22 13:54:00,95,1327,3768,10419,14694
2023-02-22 13:56:00,95,1327,3768,10419,14694
2023-02-22 13:58:00,95,1327,3768,10419,14694
2023-02-22 14:00:00,95,1327,3768,10419,14694
2023-02-22 14:02:00,95,1327,3768,10419,14694
2023-02-22 14:04:00,95,1327,3768,10419,14694
2023-02-22 14:06:00,95,1327,3768,10419,14694
2023-02-22 14:08:00,95,1327,3768,10419,14694
2023-02-22 14:10:00,95,1327,3768,10419,14694
2023-02-22 14:12:00,95,1327,3768,10419,14694
2023-02-22 14:14:00,95,1327,3768,10419,14694
2023-02-22 14:16:00,95,1327,3768,10419,14694
2023-02-22 14:18:00,95,1327,3768,10419,14694
2023-02-22 14:20:00,95,1327,3768,10419,14694
2023-02-22 14:22:00,95,1327,3768,10419,14694
2023-02-22 14:24:00,95,1327,3768,10419,14694
2023-02-22 14:26:00,95,1327,3768,10419,14694
2023-02-22 14:28:00,95,1327,3768,10419,14694
2023-02-22 14:30:00,95,1327,3768,10419,14694
2023-02-22 14:32:00,95,1327,3768,10419,14694
2023-02-22 14:34:00,95,1327,3768,10419,14694
2023-02-22 14:36:00,95,1327,3768,10419,14694
2023-02-22 14:38:00,95,1327,3768,10419,14694
2023-02-22 14:40:00,95,1327,3768,10419,14694
2023-02-22 14:42:00,95,1326,3768,12599,21234
2023-02-22 14:44:00,95,1326,3768,12599,21234
2023-02-22 14:46:00,105,1942,5606,15332,21234
2023-02-22 14:48:00,105,1942,5606,15332,21234
2023-02-22 14:50:00,105,1942,5606,15332,21234
2023-02-22 14:52:00,105,1942,5606,15332,21234
2023-02-22 14:54:00,105,1942,5606,15332,21234
2023-02-22 14:56:00,105,1942,5606,15332,21234
2023-02-22 14:58:00,105,1942,5606,15332,21234
2023-02-22 15:00:00,105,1942,5606,15332,21234
2023-02-22 15:02:00,105,1942,5606,15332,21234
2023-02-22 15:04:00,105,1942,5606,15332,21234
2023-02-22 15:06:00,105,1942,5606,15332,21234
2023-02-22 15:08:00,105,1942,5606,15332,21234
2023-02-22 15:10:00,105,1942,5606,15332,21234
2023-02-22 15:12:00,105,1942,5606,15332,21234
2023-02-22 15:14:00,105,1942,5606,15332,21234
2023-02-22 15:16:00,105,1942,5606,15332,21234
2023-02-22 15:18:00,105,1942,5606,15332,21234
2023-02-22 15:20:00,105,1942,5606,15332,21234
2023-02-22 15:22:00,105,1942,5606,15332,21234
2023-02-22 15:24:00,105,1942,5606,15332,21234
2023-02-22 15:26:00,105,1942,5606,15332,21234
2023-02-22 15:28:00,105,1942,5606,15332,21234
2023-02-22 15:30:00,105,1942,5606,15332,21234
2023-02-22 15:32:00,105,1942,5606,15332,21234
2023-02-22 15:34:00,105,1942,5606,15332,21234
2023-02-22 15:36:00,105,1942,5606,15332,21234
2023-02-22 15:38:00,105,1942,5606,15332,21234
2023-02-22 15:40:00,105,1942,5606,15332,21234
2023-02-22 15:42:00,105,1942,5606,15332,21234
2023-02-22 15:44:00,105,1942,5606,15332,21234
2023-02-22 15:46:00,105,1942,5606,15332,21234
2023-02-22 15:48:00,105,1942,5606,15332,21234
2023-02-22 15:50:00,105,1942,5606,15332,21234
2023-02-22 15:52:00,105,1942,5606,15332,21234
2023-02-22 15:54:00,105,1942,5606,15332,21234
2023-02-22 15:56:00,105,1942,5606,15332,21234
2023-02-22 15:58:00,105,1942,5606,15332,21234
2023-02-22 16:00:00,105,1942,5606,15332,21234
2023-02-22 16:02:00,105,1942,5606,15332,21234
2023-02-22 16:04:00,105,1942,5606,15332,21234
2023-02-22 16:06:00,105,1942,5606,15332,21234
2023-02-22 16:08:00,105,1942,5606,15332,21234
2023-02-22 16:10:00,105,1942,5606,15332,21234
2023-02-22 16:12:00,105,1942,5606,15332,21234
2023-02-22 16:14:00,105,1942,5606,15332,21234
2023-02-22 16:16:00,105,1942,5606,15332,21234
2023-02-22 16:18:00,105,1942,5606,15332,21234
2023-02-22 16:20:00,105,1942,5606,15332,21234
2023-02-22 16:22:00,105,1942,5606,15332,21234
2023-02-22 16:24:00,105,1942,5606,15332,21234
2023-02-22 16:26:00,105,1942,5606,15332,21234
2023-02-22 16:28:00,105,1942,5606,15332,21234
2023-02-22 16:30:00,105,1942,5606,15332,21234
2023-02-22 16:32:00,105,1942,5606,15332,21234
2023-02-22 16:34:00,105,1942,5606,15332,21234
2023-02-22 16:36:00,105,1942,5606,15332,21234
2023-02-22 16:38:00,105,1942,5606,15332,21234
2023-02-22 16:40:00,105,1942,5606,15332,21234
2023-02-22 16:42:00,105,1942,5606,15332,21234
2023-02-22 16:44:00,105,1942,5606,15332,21234
2023-02-22 16:46:00,105,1942,5606,15332,21234
2023-02-22 16:48:00,105,1942,5606,15332,21234
2023-02-22 16:50:00,105,1945,5606,18617,31087
2023-02-22 16:52:00,105,1945,5606,18617,31087
2023-02-22 16:54:00,105,2565,7468,22234,31087
2023-02-22 16:56:00,105,2565,7468,22234,31087
2023-02-22 16:58:00,105,2565,7468,22234,31087
2023-02-22 17:00:00,105,2565,7468,22234,31087
2023-02-22 17:02:00,105,2565,7468,22234,31087
2023-02-22 17:04:00,105,2565,7468,22234,31087
2023-02-22 17:06:00,105,2565,7468,22234,31087
2023-02-22 17:08:00,105,2565,7468,22234,31087
2023-02-22 17:10:00,105,2565,7468,22234,31087
2023-02-22 17:12:00,105,2565,7468,22234,31087
2023-02-22 17:14:00,105,2565,7468,22234,31087
2023-02-22 17:16:00,105,2565,7468,22234,31087
2023-02-22 17:18:00,105,2565,7468,22234,31087
2023-02-22 17:20:00,105,2565,7468,22234,31087
2023-02-22 17:22:00,105,2565,7468,22234,31087
2023-02-22 17:24:00,105,2565,7468,22234,31087
2023-02-22 17:26:00,105,2565,7468,22234,31087
2023-02-22 17:28:00,105,2565,7468,22234,31087
2023-02-22 17:30:00,105,2565,7468,22234,31087
2023-02-22 17:32:00,105,2565,7468,22234,31087
2023-02-22 17:34:00,105,2565,7468,22234,31087
2023-02-22 17:36:00,105,2565,7468,22234,31087
2023-02-22 17:38:00,105,2565,7468,22234,31087
2023-02-22 17:40:00,105,2565,7468,22234,31087
2023-02-22 17:42:00,105,2565,7468,22234,31087
2023-02-22 17:44:00,105,2565,7468,22234,31087
2023-02-22 17:46:00,105,2565,7468,22234,31087
2023-02-22 17:48:00,105,2565,7468,22234,31087
2023-02-22 17:50:00,105,2565,7468,22234,31087
2023-02-22 17:52:00,105,2565,7468,22234,31087
2023-02-22 17:54:00,105,2565,7468,22234,31087
2023-02-22 17:56:00,105,2565,7468,22234,31087
2023-02-22 17:58:00,105,2565,7468,22234,31087
2023-02-22 18:00:00,105,2565,7468,22234,31087
2023-02-22 18:02:00,105,2565,7468,22234,31087
2023-02-22 18:04:00,105,2565,7468,22234,31087
2023-02-22 18:06:00,105,2565,7468,22234,31087
2023-02-22 18:08:00,105,2565,7468,22234,31087
2023-02-22 18:10:00,105,2565,7468,22234,31087
2023-02-22 18:12:00,105,2565,7468,22234,31087
2023-02-22 18:14:00,105,2565,7468,22234,31087
2023-02-22 18:16:00,105,2565,7468,22234,31087
2023-02-22 18:18:00,105,2565,7468,22234,31087
2023-02-22 18:20:00,105,2565,7468,22234,31087
2023-02-22 18:22:00,105,2565,7468,22234,31087
2023-02-22 18:24:00,105,2565,7468,22234,31087
2023-02-22 18:26:00,105,2565,7468,22234,31087
2023-02-22 18:28:00,105,2565,7468,22234,31087
2023-02-22 18:30:00,105,2565,7468,22234,31087
2023-02-22 18:32:00,105,2565,7468,22234,31087
2023-02-22 18:34:00,105,2565,7468,22234,31087
2023-02-22 18:36:00,105,2565,7468,22234,31087
2023-02-22 18:38:00,105,2565,7468,22234,31087
2023-02-22 18:40:00,105,2565,7468,22234,31087
2023-02-22 18:42:00,105,2565,7468,22234,31087
2023-02-22 18:44:00,105,2565,7468,22234,31087
2023-02-22 18:46:00,105,2565,7468,22234,31087
2023-02-22 18:48:00,105,2565,7468,22234,31087
2023-02-22 18:50:00,105,2565,7468,22234,31087
2023-02-22 18:52:00,105,2565,7468,22234,31087
2023-02-22 18:54:00,105,2565,7468,22234,31087
2023-02-22 18:56:00,105,2565,7468,22234,31087
2023-02-22 18:58:00,105,2565,7468,22234,31087
2023-02-22 19:00:00,105,2565,7468,22234,31087
2023-02-22 19:02:00,105,2565,7468,22234,31087
2023-02-22 19:04:00,105,2565,7468,22234,31087
2023-02-22 19:06:00,105,2565,7468,22234,31087
2023-02-22 19:08:00,105,2565,7468,22234,31087
2023-02-22 19:10:00,105,2565,7468,22234,31087
2023-02-22 19:12:00,105,2565,7468,22234,31087
2023-02-22 19:14:00,105,2565,7468,22234,31087
2023-02-22 19:16:00,105,2565,7468,22234,31087
2023-02-22 19:18:00,105,2565,7468,22234,31087
2023-02-22 19:20:00,105,2565,7468,22234,31087
2023-02-22 19:22:00,105,2565,7468,22234,31087
2023-02-22 19:24:00,105,2565,7468,22234,31087
2023-02-22 19:26:00,105,2565,7468,22234,31087
2023-02-22 19:28:00,105,2565,7468,22234,31087
2023-02-22 19:30:00,105,2565,7468,22234,31087
2023-02-22 19:32:00,105,2565,7468,22234,31087
2023-02-22 19:34:00,105,2565,7468,22234,31087
2023-02-22 19:36:00,105,2565,7468,22234,31087
2023-02-22 19:38:00,105,2565,7468,22234,31087
2023-02-22 19:40:00,105,2565,7468,22234,31087
2023-02-22 19:42:00,105,2565,7468,22234,31087
2023-02-22 19:44:00,105,2565,7468,22234,31087
2023-02-22 19:46:00,105,2565,7468,22234,31087
2023-02-22 19:48:00,105,2565,7468,22234,31087
2023-02-22 19:50:00,105,2565,7468,22234,31087
2023-02-22 19:52:00,105,2565,7468,22234,31087
2023-02-22 19:54:00,105,2565,7468,22234,31087
2023-02-22 19:56:00,105,2565,7468,22234,31087
2023-02-22 19:58:00,105,2565,7468,22234,31087
2023-02-22 20:00:00,105,2565,7468,22234,31087
2023-02-22 20:02:00,105,2567,7468,26680,44425
2023-02-22 20:04:00,105,2567,7468,26680,44425
2023-02-22 20:06:00,105,2567,7468,26680,44425
2023-02-22 20:08:00,110,2527,7342,32563,44425
2023-02-22 20:10:00,110,2527,7342,32563,44425
2023-02-22 20:12:00,110,2527,7342,32563,44425
2023-02-22 20:14:00,110,2527,7342,32563,44425
2023-02-22 20:16:00,110,2527,7342,32563,44425
2023-02-22 20:18:00,110,2527,7342,32563,44425
2023-02-22 20:20:00,110,2527,7342,32563,44425
2023-02-22 20:22:00,110,2527,7342,32563,44425
2023-02-22 20:24:00,110,2527,7342,32563,44425
2023-02-22 20:26:00,110,2527,7342,32563,44425
2023-02-22 20:28:00,110,2527,7342,32563,44425
2023-02-22 20:30:00,110,2527,7342,32563,44425
2023-02-22 20:32:00,110,2527,7342,32563,44425
2023-02-22 20:34:00,110,2527,7342,32563,44425
2023-02-22 20:36:00,110,2527,7342,32563,44425
2023-02-22 20:38:00,110,2527,7342,32563,44425
2023-02-22 20:40:00,110,2527,7342,32563,44425
2023-02-22 20:42:00,110,2527,7342,32563,44425
2023-02-22 20:44:00,110,2527,7342,32563,44425
2023-02-22 20:46:00,110,2527,7342,32563,44425
2023-02-22 20:48:00,110,2527,7342,32563,44425
2023-02-22 20:50:00,110,2527,7342,32563,44425
2023-02-22 20:52:00,110,2527,7342,32563,44425
2023-02-22 20:54:00,110,2527,7342,32563,44425
2023-02-22 20:56:00,110,2527,7342,32563,44425
2023-02-22 20:58:00,110,2527,7342,32563,44425
2023-02-22 21:00:00,110,2527,7342,32563,44425
2023-02-22 21:02:00,110,2527,7342,32563,44425
2023-02-22 21:04:00,110,2527,7342,32563,44425
2023-02-22 21:06:00,110,2527,7342,32563,44425
2023-02-22 21:08:00,110,2527,7342,32563,44425
2023-02-22 21:10:00,110,2527,7342,32563,44425
2023-02-22 21:12:00,110,2527,7342,32563,44425
2023-02-22 21:14:00,110,2527,7342,32563,44425
2023-02-22 21:16:00,110,2527,7342,32563,44425
2023-02-22 21:18:00,110,2527,7342,32563,44425
2023-02-22 21:20:00,110,2527,7342,32563,44425
2023-02-22 21:22:00,110,2527,7342,32563,44425
2023-02-22 21:24:00,110,2527,7342,32563,44425
2023-02-22 21:26:00,110,2527,7342,32563,44425
2023-02-22 21:28:00,110,2527,7342,32563,44425
2023-02-22 21:30:00,110,2527,7342,32563,44425
2023-02-22 21:32:00,110,2527,7342,32563,44425
2023-02-22 21:34:00,110,2527,7342,32563,44425
2023-02-22 21:36:00,110,2527,7342,32563,44425
2023-02-22 21:38:00,110,2527,7342,32563,44425
2023-02-22 21:40:00,110,2527,7342,32563,44425
2023-02-22 21:42:00,110,2527,7342,32563,44425
2023-02-22 21:44:00,110,2527,7342,32563,44425
2023-02-22 21:46:00,110,2527,7342,32563,44425
2023-02-22 21:48:00,110,2527,7342,32563,44425
2023-02-22 21:50:00,110,2527,7342,32563,44425
2023-02-22 21:52:00,110,2527,7342,32563,44425
2023-02-22 21:54:00,110,2527,7342,32563,44425
2023-02-22 21:56:00,110,2527,7342,32563,44425
2023-02-22 21:58:00,110,2527,7342,32563,44425
2023-02-22 22:00:00,110,2527,7342,32563,44425
2023-02-22 22:02:00,110,2527,7342,32563,44425
2023-02-22 22:04:00,110,2527,7342,32563,44425
2023-02-22 22:06:00,110,2527,7342,32563,44425
2023-02-22 22:08:00,110,2527,7342,32563,44425
2023-02-22 22:10:00,110,2527,7342,32563,44425
2023-02-22 22:12:00,110,2527,7342,32563,44425
2023-02-22 22:14:00,110,2527,7342,32563,44425
2023-02-22 22:16:00,110,2527,7342,32563,44425
2023-02-22 22:18:00,110,2527,7342,32563,44425
2023-02-22 22:20:00,110,2527,7342,32563,44425
2023-02-22 22:22:00,110,2527,7342,32563,44425
2023-02-22 22:24:00,110,2527,7342,32563,44425
2023-02-22 22:26:00,110,2527,7342,32563,44425
2023-02-22 22:28:00,110,2527,7342,32563,44425
2023-02-22 22:30:00,110,2527,7342,32563,44425
2023-02-22 22:32:00,110,2527,7342,32563,44425
2023-02-22 22:34:00,110,2527,7342,32563,44425
2023-02-22 22:36:00,110,2527,7342,32563,44425
2023-02-22 22:38:00,110,2527,7342,32563,44425
2023-02-22 22:40:00,110,2527,7342,32563,44425
2023-02-22 22:42:00,110,2527,7342,32563,44425
2023-02-22 22:44:00,110,2527,7342,32563,44425
2023-02-22 22:46:00,110,2527,7342,32563,44425
2023-02-22 22:48:00,110,2527,7342,32563,44425
2023-02-22 22:50:00,110,2527,7342,32563,44425
2023-02-22 22:52:00,110,2527,7342,32563,44425
2023-02-22 22:54:00,110,2527,7342,32563,44425
2023-02-22 22:56:00,110,2527,7342,32563,44425
2023-02-22 22:58:00,110,2527,7342,32563,44425
2023-02-22 23:00:00,110,2527,7342,32563,44425
2023-02-22 23:02:00,110,2527,7342,32563,44425
2023-02-22 23:04:00,110,2527,7342,32563,44425
2023-02-22 23:06:00,110,2527,7342,32563,44425
2023-02-22 23:08:00,110,2527,7342,32563,44425
2023-02-22 23:10:00,110,2527,7342,32563,44425
2023-02-22 23:12:00,110,2527,7342,32563,44425
2023-02-22 23:14:00,110,2528,7342,32539,44354
2023-02-22 23:16:00,110,2528,7342,32539,44354
2023-02-22 23:18:00,110,2528,7342,32539,44354
2023-02-22 23:20:00,110,2528,7342,32539,44354
2023-02-22 23:22:00,110,2528,7342,32539,44354
2023-02-22 23:24:00,110,2528,7342,32539,44354
2023-02-22 23:26:00,110,2528,7342,32539,44354
2023-02-22 23:28:00,110,2528,7342,32539,44354
2023-02-22 23:30:00,110,2528,7342,32539,44354
2023-02-22 23:32:00,110,2528,7342,32539,44354
2023-02-22 23:34:00,110,2528,7342,32539,44354
2023-02-22 23:36:00,110,2528,7342,32539,44354
2023-02-22 23:38:00,110,2528,7342,32539,44354
2023-02-22 23:40:00,110,2528,7342,32539,44354
2023-02-22 23:42:00,110,2528,7342,32539,44354
2023-02-22 23:44:00,110,2528,7342,32539,44354
2023-02-22 23:46:00,110,2528,7342,32539,44354
2023-02-22 23:48:00,110,2528,7342,32539,44354
2023-02-22 23:50:00,110,2528,7342,32539,44354
2023-02-22 23:52:00,110,2528,7342,32539,44354
2023-02-22 23:54:00,110,2528,7342,32539,44354
2023-02-22 23:56:00,110,2528,7342,32539,44354
2023-02-22 23:58:00,110,2528,7342,32539,44354
2023-02-23 00:00:00,110,2528,7342,32539,44354
2023-02-23 00:02:00,110,2528,7342,32539,44354
2023-02-23 00:04:00,110,2528,7342,32539,44354
2023-02-23 00:06:00,110,2528,7342,32539,44354
2023-02-23 00:08:00,110,2528,7342,32539,44354
2023-02-23 00:10:00,110,2528,7342,32539,44354
2023-02-23 00:12:00,110,2528,7342,32539,44354
2023-02-23 00:14:00,110,2528,7342,32539,44354
2023-02-23 00:16:00,110,2528,7342,32539,44354
2023-02-23 00:18:00,110,2528,7342,32539,44354
2023-02-23 00:20:00,110,2528,7342,32539,44354
2023-02-23 00:22:00,110,2528,7342,32539,44354
2023-02-23 00:24:00,110,2528,7342,32539,44354
2023-02-23 00:26:00,110,2528,7342,32539,44354
2023-02-23 00:28:00,110,2528,7342,32539,44354
2023-02-23 00:30:00,110,2528,7342,32539,44354
2023-02-23 00:32:00,110,2528,7342,32539,44354
2023-02-23 00:34:00,110,2528,7342,32539,44354
2023-02-23 00:36:00,110,2528,7342,32539,44354
2023-02-23 00:38:00,110,2528,7342,32539,44354
2023-02-23 00:40:00,110,2528,7342,32539,44354
2023-02-23 00:42:00,110,2528,7342,32539,44354
2023-02-23 00:44:00,110,2528,7342,32539,44354
2023-02-23 00:46:00,110,2528,7342,32539,44354
2023-02-23 00:48:00,110,2528,7342,32539,44354
2023-02-23 00:50:00,110,2528,7342,32539,44354
2023-02-23 00:52:00,110,2528,7342,32539,44354
2023-02-23 00:54:00,110,2528,7342,32539,44354
2023-02-23 00:56:00,113,2630,7644,39650,44354
2023-02-23 00:58:00,113,2630,7644,39650,44354
2023-02-23 01:00:00,113,2630,7644,39650,44354
2023-02-23 01:02:00,113,2630,7644,39650,44354
2023-02-23 01:04:00,113,2630,7644,39650,44354
2023-02-23 01:06:00,113,2630,7644,39650,44354
2023-02-23 01:08:00,113,2630,7644,39650,44354
2023-02-23 01:10:00,113,2630,7644,39650,44354
2023-02-23 01:12:00,113,2630,7644,39650,44354
2023-02-23 01:14:00,113,2630,7644,39650,44354
2023-02-23 01:16:00,113,2630,7644,39650,44354
2023-02-23 01:18:00,113,2630,7644,39650,44354
2023-02-23 01:20:00,113,2630,7644,39650,44354
2023-02-23 01:22:00,113,2630,7644,39650,44354
2023-02-23 01:24:00,113,2630,7644,39650,44354
2023-02-23 01:26:00,113,2630,7644,39650,44354
2023-02-23 01:28:00,113,2630,7644,39650,44354
2023-02-23 01:30:00,113,2630,7644,39650,44354
2023-02-23 01:32:00,113,2630,7644,39650,44354
2023-02-23 01:34:00,113,2630,7644,39650,44354
2023-02-23 01:36:00,113,2630,7644,39650,44354
2023-02-23 01:38:00,113,2630,7644,39650,44354
2023-02-23 01:40:00,113,2630,7644,39650,44354
2023-02-23 01:42:00,113,2630,7644,39650,44354
2023-02-23 01:44:00,113,2630,7644,39650,44354
2023-02-23 01:46:00,113,2630,7644,39650,44354
2023-02-23 01:48:00,113,2630,7644,39650,44354
2023-02-23 01:50:00,113,2630,7644,39650,44354
2023-02-23 01:52:00,113,2630,7644,39650,44354
2023-02-23 01:54:00,113,2630,7644,39650,44354
2023-02-23 01:56:00,113,2630,7644,39650,44354
2023-02-23 01:58:00,113,2630,7644,39650,44354
2023-02-23 02:00:00,113,2630,7644,39650,44354
2023-02-23 02:02:00,113,2630,7644,39650,44354
2023-02-23 02:04:00,113,2630,7644,39650,44354
2023-02-23 02:06:00,113,2630,7644,39650,44354
2023-02-23 02:08:00,113,2630,7644,39650,44354
2023-02-23 02:10:00,113,2630,7644,39650,44354
2023-02-23 02:12:00,113,2630,7644,39650,44354
2023-02-23 02:14:00,113,2630,7644,39650,44354
2023-02-23 02:16:00,113,2630,7644,39650,44354
2023-02-23 02:18:00,113,2630,7644,39650,44354
2023-02-23 02:20:00,113,2630,7644,39650,44354
2023-02-23 02:22:00,113,2630,7644,39650,44354
2023-02-23 02:24:00,113,2630,7644,39650,44354
2023-02-23 02:26:00,113,2631,7644,39698,44497
2023-02-23 02:28:00,113,2631,7644,39698,44497
2023-02-23 02:30:00,113,2631,7644,39698,44497
2023-02-23 02:32:00,113,2631,7644,39698,44497
2023-02-23 02:34:00,113,2631,7644,39698,44497
2023-02-23 02:36:00,113,2631,7644,39698,44497
2023-02-23 02:38:00,113,2631,7644,39698,44497
2023-02-23 02:40:00,113,2631,7644,39698,44497
2023-02-23 02:42:00,113,2631,7644,39698,44497
2023-02-23 02:44:00,113,2631,7644,39698,44497
2023-02-23 02:46:00,113,2631,7644,39698,44497
2023-02-23 02:48:00,113,2631,7644,39698,44497
2023-02-23 02:50:00,113,2631,7644,39698,44497
2023-02-23 02:52:00,113,2631,7644,39698,44497
2023-02-23 02:54:00,113,2631,7644,39698,44497
2023-02-23 02:56:00,113,2631,7644,39698,44497
2023-02-23 02:58:00,113,2631,7644,39698,44497
2023-02-23 03:00:00,113,2631,7644,39698,44497
2023-02-23 03:02:00,113,2631,7644,39698,44497
2023-02-23 03:04:00,113,2631,7644,39698,44497
2023-02-23 03:06:00,113,2631,7644,39698,44497
2023-02-23 03:08:00,113,2631,7644,39698,44497
2023-02-23 03:10:00,113,2631,7644,39698,44497
2023-02-23 03:12:00,113,2631,7644,39698,44497
2023-02-23 03:14:00,113,2631,7644,39698,44497
2023-02-23 03:16:00,113,2631,7644,39698,44497
2023-02-23 03:18:00,113,2631,7644,39698,44497
2023-02-23 03:20:00,113,2631,7644,39698,44497
2023-02-23 03:22:00,113,2631,7644,39698,44497
2023-02-23 03:24:00,113,2631,7644,39698,44497
2023-02-23 03:26:00,113,2631,7644,39698,44497
2023-02-23 03:28:00,113,2631,7644,39698,44497
2023-02-23 03:30:00,113,2631,7644,39698,44497
2023-02-23 03:32:00,113,2631,7644,39698,44497
2023-02-23 03:34:00,113,2631,7644,39698,44497
2023-02-23 03:36:00,113,2631,7644,39698,44497
2023-02-23 03:38:00,113,2631,7644,39698,44497
2023-02-23 03:40:00,113,2631,7644,39698,44497
2023-02-23 03:42:00,113,2631,7644,39698,44497
2023-02-23 03:44:00,113,2631,7644,39698,44497
2023-02-23 03:46:00,113,2631,7644,39698,44497
2023-02-23 03:48:00,113,2631,7644,39698,44497
2023-02-23 03:50:00,113,2631,7644,39698,44497
2023-02-23 03:52:00,113,2631,7644,39698,44497
2023-02-23 03:54:00,113,2631,7644,39698,44497
2023-02-23 03:56:00,113,2631,7644,39698,44497
2023-02-23 03:58:00,113,2631,7644,39698,44497
2023-02-23 04:00:00,113,2631,7644,39698,44497
2023-02-23 04:02:00,113,2631,7644,39698,44497
2023-02-23 04:04:00,113,2631,7644,39698,44497
2023-02-23 04:06:00,113,2631,7644,39698,44497
2023-02-23 04:08:00,113,2631,7644,39698,44497
2023-02-23 04:10:00,113,2631,7644,39698,44497
2023-02-23 04:12:00,113,2631,7644,39698,44497
2023-02-23 04:14:00,113,2631,7644,39698,44497
2023-02-23 04:16:00,113,2631,7644,39698,44497
2023-02-23 04:18:00,113,2631,7644,39698,44497
2023-02-23 04:20:00,113,2631,7644,39698,44497
2023-02-23 04:22:00,113,2631,7644,39698,44497
2023-02-23 04:24:00,113,2631,7644,39698,44497
2023-02-23 04:26:00,113,2631,7644,39698,44497
2023-02-23 04:28:00,113,2631,7644,39698,44497
2023-02-23 04:30:00,113,2631,7644,39698,44497
2023-02-23 04:32:00,113,2631,7644,39698,44497
2023-02-23 04:34:00,113,2631,7644,39698,44497
2023-02-23 04:36:00,113,2631,7644,39698,44497
2023-02-23 04:38:00,113,2631,7644,39698,44497
2023-02-23 04:40:00,113,2631,7644,39698,44497
2023-02-23 04:42:00,113,2631,7644,39698,44497
2023-02-23 04:44:00,113,2631,7644,39698,44497
2023-02-23 04:46:00,113,2631,7644,39698,44497
2023-02-23 04:48:00,113,2631,7644,39698,44497
2023-02-23 04:50:00,113,2631,7644,39698,44497
2023-02-23 04:52:00,113,2631,7644,39698,44497
2023-02-23 04:54:00,113,2631,7644,39698,44497
2023-02-23 04:56:00,113,2631,7644,39698,44497
2023-02-23 04:58:00,113,2631,7644,39698,44497
2023-02-23 05:00:00,113,2631,7644,39698,44497
2023-02-23 05:02:00,113,2631,7644,39698,44497
2023-02-23 05:04:00,113,2631,7644,39698,44497
2023-02-23 05:06:00,113,2631,7644,39698,44497
2023-02-23 05:08:00,113,2631,7644,39698,44497
2023-02-23 05:10:00,113,2631,7644,39698,44497
2023-02-23 05:12:00,113,2631,7644,39698,44497
2023-02-23 05:14:00,113,2631,7644,39698,44497
2023-02-23 05:16:00,113,2631,7644,39698,44497
2023-02-23 05:18:00,113,2631,7644,39698,44497
2023-02-23 05:20:00,113,2631,7644,39698,44497
2023-02-23 05:22:00,113,2631,7644,39698,44497
2023-02-23 05:24:00,113,2631,7644,39698,44497
2023-02-23 05:26:00,113,2631,7644,39698,44497
2023-02-23 05:28:00,113,2631,7644,39698,44497
2023-02-23 05:30:00,113,2631,7644,39698,44497
2023-02-23 05:32:00,113,2631,7644,39698,44497
2023-02-23 05:34:00,113,2631,7644,39698,44497
2023-02-23 05:36:00,113,2631,7644,39698,44497
2023-02-23 05:38:00,113,2631,7644,39698,44497
2023-02-23 05:40:00,113,2630,7644,39740,44624
2023-02-23 05:42:00,113,2630,7644,39740,44624
2023-02-23 05:44:00,113,2630,7644,39740,44624
2023-02-23 05:46:00,113,2630,7644,39740,44624
2023-02-23 05:48:00,113,2630,7644,39740,44624
2023-02-23 05:50:00,113,2630,7644,39740,44624
2023-02-23 05:52:00,113,2630,7644,39740,44624
2023-02-23 05:54:00,113,2630,7644,39740,44624
2023-02-23 05:56:00,113,2630,7644,39740,44624
2023-02-23 05:58:00,113,2630,7644,39740,44624
2023-02-23 06:00:00,113,2630,7644,39740,44624
2023-02-23 06:02:00,113,2630,7644,39740,44624
2023-02-23 06:04:00,113,2630,7644,39740,44624
2023-02-23 06:06:00,113,2630,7644,39740,44624
2023-02-23 06:08:00,113,2630,7644,39740,44624
2023-02-23 06:10:00,113,2630,7644,39740,44624
2023-02-23 06:12:00,113,2630,7644,39740,44624
2023-02-23 06:14:00,113,2630,7644,39740,44624
2023-02-23 06:16:00,113,2630,7644,39740,44624
2023-02-23 06:18:00,113,2630,7644,39740,44624
2023-02-23 06:20:00,113,2630,7644,39740,44624
2023-02-23 06:22:00,113,2630,7644,39740,44624
2023-02-23 06:24:00,113,2630,7644,39740,44624
2023-02-23 06:26:00,113,2630,7644,39740,44624
2023-02-23 06:28:00,113,2630,7644,39740,44624
2023-02-23 06:30:00,113,2630,7644,39740,44624
2023-02-23 06:32:00,113,2630,7644,39740,44624
2023-02-23 06:34:00,113,2630,7644,39740,44624
2023-02-23 06:36:00,113,2630,7644,39740,44624
2023-02-23 06:38:00,113,2630,7644,39740,44624
2023-02-23 06:40:00,113,2630,7644,39740,44624
2023-02-23 06:42:00,113,2630,7644,39740,44624
2023-02-23 06:44:00,113,2630,7644,39740,44624
2023-02-23 06:46:00,113,2630,7644,39740,44624
2023-02-23 06:48:00,113,2630,7644,39740,44624
2023-02-23 06:50:00,113,2630,7644,39740,44624
2023-02-23 06:52:00,113,2630,7644,39740,44624
2023-02-23 06:54:00,113,2630,7644,39740,44624
2023-02-23 06:56:00,113,2630,7644,39740,44624
2023-02-23 06:58:00,113,2630,7644,39740,44624
2023-02-23 07:00:00,113,2630,7644,39740,44624
2023-02-23 07:02:00,113,2630,7644,39740,44624
2023-02-23 07:04:00,113,2630,7644,39740,44624
2023-02-23 07:06:00,113,2630,7644,39740,44624
2023-02-23 07:08:00,113,2630,7644,39740,44624
2023-02-23 07:10:00,113,2630,7644,39740,44624
2023-02-23 07:12:00,113,2630,7644,39740,44624
2023-02-23 07:14:00,113,2630,7644,39740,44624
2023-02-23 07:16:00,113,2630,7644,39740,44624
2023-02-23 07:18:00,113,2630,7644,39740,44624
2023-02-23 07:20:00,113,2630,7644,39740,44624
2023-02-23 07:22:00,113,2630,7644,39740,44624
2023-02-23 07:24:00,113,2630,7644,39740,44624
2023-02-23 07:26:00,113,2630,7644,39740,44624
2023-02-23 07:28:00,113,2630,7644,39740,44624
2023-02-23 07:30:00,113,2630,7644,39740,44624
2023-02-23 07:32:00,113,2630,7644,39740,44624
2023-02-23 07:34:00,113,2630,7644,39740,44624
2023-02-23 07:36:00,113,2630,7644,39740,44624
2023-02-23 07:38:00,113,2630,7644,39740,44624
2023-02-23 07:40:00,113,2630,7644,39740,44624
2023-02-23 07:42:00,113,2630,7644,39740,44624
2023-02-23 07:44:00,113,2630,7644,39740,44624
2023-02-23 07:46:00,113,2630,7644,39740,44624
2023-02-23 07:48:00,113,2630,7644,39740,44624
2023-02-23 07:50:00,113,2630,7644,39740,44624
2023-02-23 07:52:00,113,2630,7644,39740,44624
2023-02-23 07:54:00,113,2630,7644,39740,44624
2023-02-23 07:56:00,113,2630,7644,39740,44624
2023-02-23 07:58:00,113,2630,7644,39740,44624
2023-02-23 08:00:00,113,2630,7644,39740,44624
2023-02-23 08:02:00,113,2630,7644,39740,44624
2023-02-23 08:04:00,113,2630,7644,39740,44624
2023-02-23 08:06:00,113,2630,7644,39740,44624
2023-02-23 08:08:00,118,2676,7778,48724,57026
2023-02-23 08:10:00,118,2676,7778,48724,57026
2023-02-23 08:12:00,118,2676,7778,48724,57026
2023-02-23 08:14:00,118,2676,7778,48724,57026
2023-02-23 08:16:00,118,2676,7778,48724,57026
2023-02-23 08:18:00,118,2676,7778,48724,57026
2023-02-23 08:20:00,118,2676,7778,48724,57026
2023-02-23 08:22:00,118,2676,7778,48724,57026
2023-02-23 08:24:00,118,2676,7778,48724,57026
2023-02-23 08:26:00,118,2676,7778,48724,57026
2023-02-23 08:28:00,118,2676,7778,48724,57026
2023-02-23 08:30:00,118,2676,7778,48724,57026
2023-02-23 08:32:00,118,2676,7778,48724,57026
2023-02-23 08:34:00,118,2676,7778,48724,57026
2023-02-23 08:36:00,118,2676,7778,48724,57026
2023-02-23 08:38:00,118,2676,7778,48724,57026
2023-02-23 08:40:00,118,2676,7778,48724,57026
2023-02-23 08:42:00,118,2676,7778,48724,57026
2023-02-23 08:44:00,118,2676,7778,48724,57026
2023-02-23 08:46:00,118,2676,7778,48724,57026
2023-02-23 08:48:00,118,2676,7778,48724,57026
2023-02-23 08:50:00,118,2676,7778,48724,57026
2023-02-23 08:52:00,118,2679,7778,48678,57026
2023-02-23 08:54:00,118,2679,7778,48678,57026
2023-02-23 08:56:00,118,2679,7778,48678,57026
2023-02-23 08:58:00,118,2679,7778,48678,57026
2023-02-23 09:00:00,118,2679,7778,48678,57026
2023-02-23 09:02:00,118,2679,7778,48678,57026
2023-02-23 09:04:00,118,2679,7778,48678,57026
2023-02-23 09:06:00,118,2679,7778,48678,57026
2023-02-23 09:08:00,118,2679,7778,48678,57026
2023-02-23 09:10:00,118,2679,7778,48678,57026
2023-02-23 09:12:00,118,2679,7778,48678,57026
2023-02-23 09:14:00,118,2679,7778,48678,57026
2023-02-23 09:16:00,118,2679,7778,48678,57026
2023-02-23 09:18:00,118,2679,7778,48678,57026
2023-02-23 09:20:00,118,2679,7778,48678,57026
2023-02-23 09:22:00,118,2679,7778,48678,57026
2023-02-23 09:24:00,118,2679,7778,48678,57026
2023-02-23 09:26:00,118,2679,7778,48678,57026
2023-02-23 09:28:00,118,2679,7778,48678,57026
2023-02-23 09:30:00,118,2679,7778,48678,57026
2023-02-23 09:32:00,118,2679,7778,48678,57026
2023-02-23 09:34:00,118,2679,7778,48678,57026
2023-02-23 09:36:00,118,2679,7778,48678,57026
2023-02-23 09:38:00,118,2679,7778,48678,57026
2023-02-23 09:40:00,118,2679,7778,48678,57026
2023-02-23 09:42:00,118,2679,7778,48678,57026
2023-02-23 09:44:00,118,2679,7778,48678,57026
2023-02-23 09:46:00,118,2679,7778,48678,57026
2023-02-23 09:48:00,118,2679,7778,48678,57026
2023-02-23 09:50:00,118,2679,7778,48678,57026
2023-02-23 09:52:00,118,2679,7778,48678,57026
2023-02-23 09:54:00,118,2679,7778,48678,57026
2023-02-23 09:56:00,118,2679,7778,48678,57026
2023-02-23 09:58:00,118,2679,7778,48678,57026
2023-02-23 10:00:00,118,2679,7778,48678,57026
2023-02-23 10:02:00,118,2679,7778,48678,57026
2023-02-23 10:04:00,118,2679,7778,48678,57026
2023-02-23 10:06:00,118,2679,7778,48678,57026
2023-02-23 10:08:00,118,2679,7778,48678,57026
2023-02-23 10:10:00,118,2679,7778,48678,57026
2023-02-23 10:12:00,118,2679,7778,48678,57026
2023-02-23 10:14:00,118,2679,7778,48678,57026
2023-02-23 10:16:00,118,2679,7778,48678,57026
2023-02-23 10:18:00,118,2679,7778,48678,57026
2023-02-23 10:20:00,118,2679,7778,48678,57026
2023-02-23 10:22:00,118,2679,7778,48678,57026
2023-02-23 10:24:00,118,2679,7778,48678,57026
2023-02-23 10:26:00,118,2679,7778,48678,57026
2023-02-23 10:28:00,118,2679,7778,48678,57026
2023-02-23 10:30:00,118,2679,7778,48678,57026
2023-02-23 10:32:00,118,2679,7778,48678,57026
2023-02-23 10:34:00,118,2679,7778,48678,57026
2023-02-23 10:36:00,118,2679,7778,48678,57026
2023-02-23 10:38:00,118,2679,7778,48678,57026
2023-02-23 10:40:00,118,2679,7778,48678,57026
2023-02-23 10:42:00,118,2679,7778,48678,57026
2023-02-23 10:44:00,118,2679,7778,48678,57026
2023-02-23 10:46:00,118,2679,7778,48678,57026
2023-02-23 10:48:00,118,2679,7778,48678,57026
2023-02-23 10:50:00,118,2679,7778,48678,57026
2023-02-23 10:52:00,118,2679,7778,48678,57026
2023-02-23 10:54:00,118,2679,7778,48678,57026
2023-02-23 10:56:00,118,2679,7778,48678,57026
2023-02-23 10:58:00,118,2679,7778,48678,57026
2023-02-23 11:00:00,118,2679,7778,48678,57026
2023-02-23 11:02:00,118,2679,7778,48678,57026
2023-02-23 11:04:00,118,2679,7778,48678,57026
2023-02-23 11:06:00,118,2679,7778,48678,57026
2023-02-23 11:08:00,118,2679,7778,48678,57026
2023-02-23 11:10:00,118,2679,7778,48678,57026
2023-02-23 11:12:00,118,2679,7778,48678,57026
2023-02-23 11:14:00,118,2679,7778,48678,57026
2023-02-23 11:16:00,118,2679,7778,48678,57026
2023-02-23 11:18:00,118,2679,7778,48678,57026
2023-02-23 11:20:00,118,2679,7778,48678,57026
2023-02-23 11:22:00,118,2679,7778,48678,57026
2023-02-23 11:24:00,118,2679,7778,48678,57026
2023-02-23 11:26:00,118,2679,7778,48678,57026
2023-02-23 11:28:00,118,2679,7778,48678,57026
2023-02-23 11:30:00,118,2679,7778,48678,57026
2023-02-23 11:32:00,118,2679,7778,48678,57026
2023-02-23 11:34:00,118,2679,7778,48678,57026
2023-02-23 11:36:00,118,2679,7778,48678,57026
2023-02-23 11:38:00,118,2679,7778,48678,57026
2023-02-23 11:40:00,118,2679,7778,48678,57026
2023-02-23 11:42:00,118,2679,7778,48678,57026
2023-02-23 11:44:00,118,2679,7778,48678,57026
2023-02-23 11:46:00,118,2679,7778,48678,57026
2023-02-23 11:48:00,118,2679,7778,48678,57026
2023-02-23 11:50:00,118,2679,7778,48678,57026
2023-02-23 11:52:00,118,2679,7778,48678,57026
2023-02-23 11:54:00,118,2679,7778,48678,57026
2023-02-23 11:56:00,118,2679,7778,48678,57026
2023-02-23 11:58:00,118,2679,7778,48678,57026
2023-02-23 12:00:00,118,2679,7778,48678,57026
2023-02-23 12:02:00,118,2679,7778,48678,57026
2023-02-23 12:04:00,118,2678,7778,48657,57026
2023-02-23 12:06:00,118,2678,7778,48657,57026
2023-02-23 12:08:00,118,2678,7778,48657,57026
2023-02-23 12:10:00,118,2678,7778,48657,57026
2023-02-23 12:12:00,118,2678,7778,48657,57026
2023-02-23 12:14:00,118,2678,7778,48657,57026
2023-02-23 12:16:00,118,2678,7778,48657,57026
2023-02-23 12:18:00,118,2678,7778,48657,57026
2023-02-23 12:20:00,118,2678,7778,48657,57026
2023-02-23 12:22:00,118,2678,7778,48657,57026
2023-02-23 12:24:00,118,2678,7778,48657,57026
2023-02-23 12:26:00,118,2678,7778,48657,57026
2023-02-23 12:28:00,118,2678,7778,48657,57026
2023-02-23 12:30:00,118,2678,7778,48657,57026
2023-02-23 12:32:00,118,2678,7778,48657,57026
2023-02-23 12:34:00,118,2678,7778,48657,57026
2023-02-23 12:36:00,118,2678,7778,48657,57026
2023-02-23 12:38:00,118,2678,7778,48657,57026
2023-02-23 12:40:00,118,2678,7778,48657,57026
2023-02-23 12:42:00,118,2678,7778,48657,57026
2023-02-23 12:44:00,118,2678,7778,48657,57026
2023-02-23 12:46:00,118,2678,7778,48657,57026
2023-02-23 12:48:00,118,2678,7778,48657,57026
2023-02-23 12:50:00,118,2678,7778,48657,57026
2023-02-23 12:52:00,118,2678,7778,48657,57026
2023-02-23 12:54:00,118,2678,7778,48657,57026
2023-02-23 12:56:00,118,2678,7778,48657,57026
2023-02-23 12:58:00,118,2678,7778,48657,57026
2023-02-23 13:00:00,118,2678,7778,48657,57026
2023-02-23 13:02:00,118,2678,7778,48657,57026
2023-02-23 13:04:00,118,2678,7778,48657,57026
2023-02-23 13:06:00,118,2678,7778,48657,57026
2023-02-23 13:08:00,118,2678,7778,48657,57026
2023-02-23 13:10:00,118,2678,7778,48657,57026
2023-02-23 13:12:00,118,2678,7778,48657,57026
2023-02-23 13:14:00,118,2678,7778,48657,57026
2023-02-23 13:16:00,118,2678,7778,48657,57026
2023-02-23 13:18:00,118,2678,7778,48657,57026
2023-02-23 13:20:00,118,2678,7778,48657,57026
2023-02-23 13:22:00,118,2678,7778,48657,57026
2023-02-23 13:24:00,118,2678,7778,48657,57026
2023-02-23 13:26:00,118,2678,7778,48657,57026
2023-02-23 13:28:00,118,2678,7778,48657,57026
2023-02-23 13:30:00,118,2678,7778,48657,57026
2023-02-23 13:32:00,118,2678,7778,48657,57026
2023-02-23 13:34:00,118,2678,7778,48657,57026
2023-02-23 13:36:00,118,2678,7778,48657,57026
2023-02-23 13:38:00,118,2678,7778,48657,57026
2023-02-23 13:40:00,118,2678,7778,48657,57026
2023-02-23 13:42:00,118,2678,7778,48657,57026
2023-02-23 13:44:00,118,2678,7778,48657,57026
2023-02-23 13:46:00,118,2678,7778,48657,57026
2023-02-23 13:48:00,118,2678,7778,48657,57026
2023-02-23 13:50:00,118,2678,7778,48657,57026
2023-02-23 13:52:00,118,2678,7778,48657,57026
2023-02-23 13:54:00,118,2678,7778,48657,57026
2023-02-23 13:56:00,118,2678,7778,48657,57026
2023-02-23 13:58:00,118,2678,7778,48657,57026
2023-02-23 14:00:00,118,2678,7778,48657,57026
2023-02-23 14:02:00,118,2678,7778,48657,57026
2023-02-23 14:04:00,118,2678,7778,48657,57026
2023-02-23 14:06:00,118,2678,7778,48657,57026
2023-02-23 14:08:00,118,2678,7778,48657,57026
2023-02-23 14:10:00,118,2678,7778,48657,57026
2023-02-23 14:12:00,118,2678,7778,48657,57026
2023-02-23 14:14:00,118,2678,7778,48657,57026
2023-02-23 14:16:00,118,2678,7778,48657,57026
2023-02-23 14:18:00,118,2678,7778,48657,57026
2023-02-23 14:20:00,118,2678,7778,48657,57026
2023-02-23 14:22:00,118,2678,7778,48657,57026
2023-02-23 14:24:00,118,2678,7778,48657,57026
2023-02-23 14:26:00,118,2678,7778,48657,57026
2023-02-23 14:28:00,118,2678,7778,48657,57026
2023-02-23 14:30:00,118,2678,7778,48657,57026
2023-02-23 14:32:00,118,2678,7778,48657,57026
2023-02-23 14:34:00,118,2678,7778,48657,57026
2023-02-23 14:36:00,118,2678,7778,48657,57026
2023-02-23 14:38:00,118,2678,7778,48657,57026
2023-02-23 14:40:00,118,2678,7778,48657,57026
2023-02-23 14:42:00,118,2678,7778,48657,57026
2023-02-23 14:44:00,118,2678,7778,48657,57026
2023-02-23 14:46:00,118,2678,7778,48657,57026
2023-02-23 14:48:00,118,2678,7778,48657,57026
2023-02-23 14:50:00,118,2678,7778,48657,57026
2023-02-23 14:52:00,118,2678,7778,48657,57026
2023-02-23 14:54:00,118,2678,7778,48657,57026
2023-02-23 14:56:00,118,2678,7778,48657,57026
2023-02-23 14:58:00,118,2678,7778,48657,57026
2023-02-23 15:00:00,118,2678,7778,48657,57026
2023-02-23 15:02:00,118,2678,7778,48657,57026
2023-02-23 15:04:00,118,2678,7778,48657,57026
2023-02-23 15:06:00,118,2678,7778,48657,57026
2023-02-23 15:08:00,118,2678,7778,48657,57026
2023-02-23 15:10:00,118,2678,7778,48657,57026
2023-02-23 15:12:00,118,2678,7778,48657,57026
2023-02-23 15:14:00,118,2678,7778,48657,57026
2023-02-23 15:16:00,118,2678,7778,48690,57026
2023-02-23 15:18:00,118,2678,7778,48690,57026
2023-02-23 15:20:00,118,2678,7778,48690,57026
2023-02-23 15:22:00,126,2658,7708,48586,56934
2023-02-23 15:24:00,126,2658,7708,48586,56934
2023-02-23 15:26:00,126,2658,7708,48586,56934
2023-02-23 15:28:00,126,2658,7708,48586,56934
2023-02-23 15:30:00,126,2658,7708,48586,56934
2023-02-23 15:32:00,126,2658,7708,48586,56934
2023-02-23 15:34:00,126,2658,7708,48586,56934
2023-02-23 15:36:00,126,2658,7708,48586,56934
2023-02-23 15:38:00,126,2658,7708,48586,56934
2023-02-23 15:40:00,126,2658,7708,48586,56934
2023-02-23 15:42:00,126,2658,7708,48586,56934
2023-02-23 15:44:00,126,2658,7708,48586,56934
2023-02-23 15:46:00,126,2658,7708,48586,56934
2023-02-23 15:48:00,126,2658,7708,48586,56934
2023-02-23 15:50:00,126,2658,7708,48586,56934
2023-02-23 15:52:00,126,2658,7708,48586,56934
2023-02-23 15:54:00,126,2658,7708,48586,56934
2023-02-23 15:56:00,126,2658,7708,48586,56934
2023-02-23 15:58:00,126,2658,7708,48586,56934
2023-02-23 16:00:00,126,2658,7708,48586,56934
2023-02-23 16:02:00,126,2658,7708,48586,56934
2023-02-23 16:04:00,126,2658,7708,48586,56934
2023-02-23 16:06:00,126,2658,7708,48586,56934
2023-02-23 16:08:00,126,2658,7708,48586,56934
2023-02-23 16:10:00,126,2658,7708,48586,56934
2023-02-23 16:12:00,126,2658,7708,48586,56934
2023-02-23 16:14:00,126,2658,7708,48586,56934
2023-02-23 16:16:00,126,2658,7708,48586,56934
2023-02-23 16:18:00,126,2658,7708,48586,56934
2023-02-23 16:20:00,126,2658,7708,48586,56934
2023-02-23 16:22:00,126,2658,7708,48586,56934
2023-02-23 16:24:00,126,2658,7708,48586,56934
2023-02-23 16:26:00,126,2658,7708,48586,56934
2023-02-23 16:28:00,126,2658,7708,48586,56934
2023-02-23 16:30:00,126,2658,7708,48586,56934
2023-02-23 16:32:00,126,2658,7708,48586,56934
2023-02-23 16:34:00,126,2658,7708,48586,56934
2023-02-23 16:36:00,126,2658,7708,48586,56934
2023-02-23 16:38:00,126,2658,7708,48586,56934
2023-02-23 16:40:00,126,2658,7708,48586,56934
2023-02-23 16:42:00,126,2658,7708,48586,56934
2023-02-23 16:44:00,126,2658,7708,48586,56934
2023-02-23 16:46:00,126,2658,7708,48586,56934
2023-02-23 16:48:00,126,2658,7708,48586,56934
2023-02-23 16:50:00,126,2658,7708,48586,56934
2023-02-23 16:52:00,126,2658,7708,48586,56934
2023-02-23 16:54:00,126,2658,7708,48586,56934
2023-02-23 16:56:00,126,2658,7708,48586,56934
2023-02-23 16:58:00,126,2658,7708,48586,56934
2023-02-23 17:00:00,126,2658,7708,48586,56934

