"Time","Receive Errors (192.168.0.211:9796)","Receive Errors (192.168.0.221:9796)","Receive Errors (192.168.0.222:9796)","Receive Total (192.168.0.211:9796)","Receive Total (192.168.0.221:9796)","Receive Total (192.168.0.222:9796)","Transmit Errors (192.168.0.211:9796)","Transmit Errors (192.168.0.221:9796)","Transmit Errors (192.168.0.222:9796)","Receive Dropped (192.168.0.211:9796)","Receive Dropped (192.168.0.221:9796)","Receive Dropped (192.168.0.222:9796)","Transmit Dropped (192.168.0.211:9796)","Transmit Dropped (192.168.0.221:9796)","Transmit Dropped (192.168.0.222:9796)","Transmit Total (192.168.0.211:9796)","Transmit Total (192.168.0.221:9796)","Transmit Total (192.168.0.222:9796)"
2023-03-23 03:00:00,0,0,0,382,153,323,0,0,0,0.0667,0.0667,0.0667,0,0,0,428,146,264
2023-03-23 03:02:00,0,0,0,457,231,295,0,0,0,0.0667,0.0667,0.0667,0,0,0,486,229,253
2023-03-23 03:04:00,0,0,0,423,147,300,0,0,0,0.0667,0.0667,0.0667,0,0,0,456,146,258
2023-03-23 03:06:00,0,0,0,362,155,288,0,0,0,0.0722,0.0667,0.0667,0,0,0,385,154,248
2023-03-23 03:08:00,0,0,0,381,160,301,0,0,0,0.0722,0.0667,0.0667,0,0,0,403,151,256
2023-03-23 03:10:00,0,0,0,367,150,301,0,0,0,0.0667,0.0667,0.0667,0,0,0,387,146,251
2023-03-23 03:12:00,0,0,0,452,228,297,0,0,0,0.0667,0.0722,0.0722,0,0,0,480,228,254
2023-03-23 03:14:00,0,0,0,450,178,300,0,0,0,0.0722,0.0778,0.0722,0,0,0,486,178,258
2023-03-23 03:16:00,0,0,0,366,154,290,0,0,0,0.0778,0.0778,0.0833,0,0,0,389,158,254
2023-03-23 03:18:00,0,0,0,380,155,296,0,0,0,0.0778,0.0778,0.0778,0,0,0,401,152,259
2023-03-23 03:20:00,0,0,0,370,158,298,0,0,0,0.0833,0.0778,0.0778,0,0,0,391,155,256
2023-03-23 03:22:00,0,0,0,462,230,302,0,0,0,0.0778,0.0778,0.0778,0,0,0,486,221,256
2023-03-23 03:24:00,0,0,0,464,205,327,0,0,0,0.0778,0.0778,0.0778,0,0,0,510,205,276
2023-03-23 03:26:00,0,0,0,368,156,292,0,0,0,0.0778,0.0778,0.0778,0,0,0,390,155,250
2023-03-23 03:28:00,0,0,0,373,157,299,0,0,0,0.0778,0.0778,0.0778,0,0,0,395,151,255
2023-03-23 03:30:00,0,0,0,365,155,288,0,0,0,0.0778,0.0778,0.0778,0,0,0,391,157,249
2023-03-23 03:32:00,0,0,0,427,225,293,0,0,0,0.0778,0.0833,0.0778,0,0,0,458,220,251
2023-03-23 03:34:00,0,0,0,456,225,301,0,0,0,0.0778,0.0778,0.0778,0,0,0,490,219,259
2023-03-23 03:36:00,0,0,0,375,159,296,0,0,0,0.0778,0.0778,0.0778,0,0,0,392,155,249
2023-03-23 03:38:00,0,0,0,387,164,314,0,0,0,0.0778,0.0778,0.0833,0,0,0,401,148,257
2023-03-23 03:40:00,0,0,0,371,154,311,0,0,0,0.0778,0.0778,0.0778,0,0,0,406,155,260
2023-03-23 03:42:00,0,0,0,400,225,319,0,0,0,0.0833,0.0778,0.0778,0,0,0,447,215,263
2023-03-23 03:44:00,0,0,0,451,223,313,0,0,0,0.0778,0.0778,0.0778,0,0,0,496,221,259
2023-03-23 03:46:00,0,0,0,362,155,288,0,0,0,0.0778,0.0778,0.0778,0,0,0,390,149,248
2023-03-23 03:48:00,0,0,0,371,165,300,0,0,0,0.0778,0.0778,0.0778,0,0,0,396,144,253
2023-03-23 03:50:00,0,0,0,370,162,302,0,0,0,0.0778,0.0778,0.0778,0,0,0,394,151,246
2023-03-23 03:52:00,0,0,0,367,193,297,0,0,0,0.0778,0.0778,0.0778,0,0,0,391,185,250
2023-03-23 03:54:00,0,0,0,448,220,289,0,0,0,0.0778,0.0833,0.0778,0,0,0,487,224,250
2023-03-23 03:56:00,0,0,0,364,164,287,0,0,0,0.0778,0.0778,0.0778,0,0,0,398,150,247
2023-03-23 03:58:00,0,0,0,386,166,312,0,0,0,0.0778,0.0778,0.0778,0,0,0,405,152,258
2023-03-23 04:00:00,0,0,0,369,161,294,0,0,0,0.0778,0.0778,0.0833,0,0,0,393,158,247
2023-03-23 04:02:00,0,0,0,374,165,322,0,0,0,0.0778,0.0778,0.0778,0,0,0,409,158,265
2023-03-23 04:04:00,0,0,0,462,225,319,0,0,0,0.0833,0.0778,0.0778,0,0,0,504,226,266
2023-03-23 04:06:00,0,0,0,363,155,290,0,0,0,0.0778,0.0778,0.0778,0,0,0,392,147,252
2023-03-23 04:08:00,0,0,0,382,159,312,0,0,0,0.0778,0.0778,0.0778,0,0,0,400,151,260
2023-03-23 04:10:00,0,0,0,371,153,292,0,0,0,0.0778,0.0778,0.0778,0,0,0,393,147,249
2023-03-23 04:12:00,0,0,0,370,150,300,0,0,0,0.0778,0.0778,0.0778,0,0,0,393,144,255
2023-03-23 04:14:00,0,0,0,553,366,290,0,0,0,0.0778,0.0778,0.0778,0,0,0,600,369,252
2023-03-23 04:16:00,0,0,0,674,392,307,0,0,0,0.0778,0.0833,0.0778,0,0,0,736,385,265
2023-03-23 04:18:00,0,0,0,432,158,297,0,0,0,0.0778,0.0778,0.0778,0,0,0,457,157,259
2023-03-23 04:20:00,0,0,0,367,147,304,0,0,0,0.0778,0.0778,0.0778,0,0,0,410,147,257
2023-03-23 04:22:00,0,0,0,369,151,313,0,0,0,0.0778,0.0778,0.0833,0,0,0,407,144,260
2023-03-23 04:24:00,0,0,0,369,159,294,0,0,0,0.0778,0.0778,0.0778,0,0,0,394,158,248
2023-03-23 04:26:00,0,0,0,436,219,298,0,0,0,0.0833,0.0778,0.0778,0,0,0,481,219,256
2023-03-23 04:28:00,0,0,0,453,190,296,0,0,0,0.0778,0.0778,0.0778,0,0,0,487,190,255
2023-03-23 04:30:00,0,0,0,364,149,308,0,0,0,0.0778,0.0778,0.0778,0,0,0,408,148,261
2023-03-23 04:32:00,0,0,0,368,152,301,0,0,0,0.0778,0.0778,0.0778,0,0,0,396,145,254
2023-03-23 04:34:00,0,0,0,371,158,294,0,0,0,0.0778,0.0778,0.0778,0,0,0,395,152,249
2023-03-23 04:36:00,0,0,0,438,219,302,0,0,0,0.0778,0.0778,0.0778,0,0,0,479,215,255
2023-03-23 04:38:00,0,0,0,451,215,297,0,0,0,0.0778,0.0833,0.0778,0,0,0,489,214,255
2023-03-23 04:40:00,0,0,0,357,149,292,0,0,0,0.0778,0.0778,0.0778,0,0,0,390,146,249
2023-03-23 04:42:00,0,0,0,360,151,285,0,0,0,0.0778,0.0778,0.0778,0,0,0,391,153,245
2023-03-23 04:44:00,0,0,0,366,151,285,0,0,0,0.0778,0.0778,0.0833,0,0,0,393,146,247
2023-03-23 04:46:00,0,0,0,432,221,325,0,0,0,0.0778,0.0778,0.0778,0,0,0,481,218,269
2023-03-23 04:48:00,0,0,0,449,230,295,0,0,0,0.0778,0.0778,0.0778,0,0,0,486,227,254
2023-03-23 04:50:00,0,0,0,365,162,295,0,0,0,0.0778,0.0778,0.0778,0,0,0,398,149,247
2023-03-23 04:52:00,0,0,0,379,159,293,0,0,0,0.0778,0.0778,0.0778,0,0,0,403,157,250
2023-03-23 04:54:00,0,0,0,374,150,291,0,0,0,0.0778,0.0778,0.0778,0,0,0,396,145,251
2023-03-23 04:56:00,0,0,0,398,221,295,0,0,0,0.0778,0.0778,0.0778,0,0,0,433,222,255
2023-03-23 04:58:00,0,0,0,454,230,297,0,0,0,0.0778,0.0778,0.0778,0,0,0,487,218,256
2023-03-23 05:00:00,0,0,0,371,155,301,0,0,0,0.0778,0.0778,0.0778,0,0,0,393,147,251
2023-03-23 05:02:00,0,0,0,381,161,295,0,0,0,0.0778,0.0778,0.0778,0,0,0,401,158,252
2023-03-23 05:04:00,0,0,0,373,152,296,0,0,0,0.0778,0.0778,0.0778,0,0,0,397,149,253
2023-03-23 05:06:00,0,0,0,379,206,298,0,0,0,0.0778,0.0778,0.0778,0,0,0,414,210,256
2023-03-23 05:08:00,0,0,0,466,228,314,0,0,0,0.0778,0.0778,0.0778,0,0,0,504,221,265
2023-03-23 05:10:00,0,0,0,366,153,302,0,0,0,0.0778,0.0778,0.0778,0,0,0,390,149,257
2023-03-23 05:12:00,0,0,0,374,158,289,0,0,0,0.0778,0.0778,0.0778,0,0,0,397,160,251
2023-03-23 05:14:00,0,0,0,378,151,325,0,0,0,0.0778,0.0778,0.0778,0,0,0,414,146,270
2023-03-23 05:16:00,0,0,0,370,181,313,0,0,0,0.0778,0.0778,0.0778,0,0,0,410,187,268
2023-03-23 05:18:00,0,0,0,458,225,306,0,0,0,0.0778,0.0778,0.0778,0,0,0,498,222,261
2023-03-23 05:20:00,0,0,0,365,146,298,0,0,0,0.0778,0.0778,0.0778,0,0,0,387,145,254
2023-03-23 05:22:00,0,0,0,369,154,289,0,0,0,0.0778,0.0778,0.0778,0,0,0,395,149,252
2023-03-23 05:24:00,0,0,0,376,155,303,0,0,0,0.0778,0.0778,0.0778,0,0,0,397,145,256
2023-03-23 05:26:00,0,0,0,362,154,286,0,0,0,0.0833,0.0778,0.0778,0,0,0,391,160,253
2023-03-23 05:28:00,0,0,0,457,226,304,0,0,0,0.0778,0.0778,0.0778,0,0,0,490,223,261
2023-03-23 05:30:00,0,0,0,371,154,293,0,0,0,0.0778,0.0778,0.0778,0,0,0,392,156,250
2023-03-23 05:32:00,0,0,0,375,158,295,0,0,0,0.0778,0.0778,0.0778,0,0,0,399,148,255
2023-03-23 05:34:00,0,0,0,374,155,302,0,0,0,0.0778,0.0778,0.0778,0,0,0,394,148,254
2023-03-23 05:36:00,0,0,0,370,160,291,0,0,0,0.0778,0.0777,0.0778,0,0,0,404,156,254
2023-03-23 05:38:00,0,0,0,456,224,310,0,0,0,0.0778,0.0833,0.0778,0,0,0,493,218,266
2023-03-23 05:40:00,0,0,0,397,151,315,0,0,0,0.0778,0.0778,0.0778,0,0,0,433,155,263
2023-03-23 05:42:00,0,0,0,372,152,321,0,0,0,0.0778,0.0778,0.0778,0,0,0,407,148,270
2023-03-23 05:44:00,0,0,0,378,155,300,0,0,0,0.0778,0.0778,0.0833,0,0,0,407,155,255
2023-03-23 05:46:00,0,0,0,366,150,291,0,0,0,0.0778,0.0778,0.0778,0,0,0,395,148,253
2023-03-23 05:48:00,0,0,0,459,228,320,0,0,0,0.0833,0.0778,0.0778,0,0,0,497,221,268
2023-03-23 05:50:00,0,0,0,424,157,309,0,0,0,0.0667,0.0667,0.0667,0,0,0,457,158,261
2023-03-23 05:52:00,0,0,0,373,157,302,0,0,0,0.0722,0.0722,0.0667,0,0,0,400,154,260
2023-03-23 05:54:00,0,0,0,379,159,295,0,0,0,0.0778,0.0778,0.0778,0,0,0,400,159,256
2023-03-23 05:56:00,0,0,0,366,151,291,0,0,0,0.0778,0.0778,0.0778,0,0,0,390,152,258
2023-03-23 05:58:00,0,0,0,462,233,303,0,0,0,0.0778,0.0834,0.0778,0,0,0,490,230,263
2023-03-23 06:00:00,0,0,0,450,182,298,0,0,0,0.0778,0.0778,0.0778,0,0,0,476,177,254
2023-03-23 06:02:00,0,0,0,379,155,304,0,0,0,0.0778,0.0778,0.0778,0,0,0,403,151,260
2023-03-23 06:04:00,0,0,0,379,161,292,0,0,0,0.0778,0.0778,0.0833,0,0,0,399,157,253
2023-03-23 06:06:00,0,0,0,367,154,302,0,0,0,0.0778,0.0778,0.0778,0,0,0,388,149,256
2023-03-23 06:08:00,0,0,0,461,229,302,0,0,0,0.0833,0.0778,0.0778,0,0,0,493,232,263
2023-03-23 06:10:00,0,0,0,458,204,322,0,0,0,0.0778,0.0778,0.0778,0,0,0,497,199,269
2023-03-23 06:12:00,0,0,0,376,161,304,0,0,0,0.0722,0.0667,0.0667,0,0,0,399,148,258
2023-03-23 06:14:00,0,0,0,412,190,327,0,0,0,0.0667,0.0722,0.0722,0,0,0,400,150,255
2023-03-23 06:16:00,0,0,0,409,188,342,0,0,0,0.0778,0.0778,0.0778,0,0,0,391,144,257
2023-03-23 06:18:00,0,0,0,507,276,344,0,0,0,0.0778,0.0778,0.0778,0,0,0,491,229,259
2023-03-23 06:20:00,0,0,0,490,266,349,0,0,0,0.0778,0.0778,0.0778,0,0,0,477,217,256
2023-03-23 06:22:00,0,0,0,404,188,326,0,0,0,0.0778,0.0778,0.0778,0,0,0,398,160,253
2023-03-23 06:24:00,0,0,0,426,200,341,0,0,0,0.0778,0.0833,0.0778,0,0,0,401,150,254
2023-03-23 06:26:00,0,0,0,401,187,336,0,0,0,0.0778,0.0778,0.0778,0,0,0,390,148,258
2023-03-23 06:28:00,0,0,0,467,276,336,0,0,0,0.0778,0.0778,0.0778,0,0,0,466,224,259
2023-03-23 06:30:00,0,0,0,481,264,336,0,0,0,0.0667,0.0667,0.0722,0,0,0,477,218,257
2023-03-23 06:32:00,0,0,0,415,196,333,0,0,0,0.0667,0.0667,0.0667,0,0,0,399,156,254
2023-03-23 06:34:00,0,0,0,428,189,377,0,0,0,0.0778,0.0778,0.0778,0,0,0,426,149,276
2023-03-23 06:36:00,0,0,0,383,161,325,0,0,0,0.0778,0.0778,0.0778,0,0,0,403,156,264
2023-03-23 06:38:00,0,0,0,398,226,299,0,0,0,0.0778,0.0778,0.0778,0,0,0,424,219,256
2023-03-23 06:40:00,0,0,0,447,225,312,0,0,0,0.0778,0.0778,0.0778,0,0,0,483,216,255
2023-03-23 06:42:00,0,0,0,370,150,299,0,0,0,0.0778,0.0778,0.0778,0,0,0,402,148,256
2023-03-23 06:44:00,0,0,0,373,149,299,0,0,0,0.0778,0.0778,0.0778,0,0,0,397,144,257
2023-03-23 06:46:00,0,0,0,365,149,292,0,0,0,0.0778,0.0778,0.0778,0,0,0,389,153,254
2023-03-23 06:48:00,0,0,0,375,225,305,0,0,0,0.0778,0.0778,0.0778,0,0,0,402,203,263
2023-03-23 06:50:00,0,0,0,458,239,306,0,0,0,0.0778,0.0778,0.0778,0,0,0,480,230,253
2023-03-23 06:52:00,0,0,0,366,151,288,0,0,0,0.0778,0.0778,0.0778,0,0,0,393,150,250
2023-03-23 06:54:00,0,0,0,379,152,324,0,0,0,0.0778,0.0778,0.0778,0,0,0,416,146,267
2023-03-23 06:56:00,0,0,0,373,151,317,0,0,0,0.0778,0.0778,0.0778,0,0,0,406,148,266
2023-03-23 06:58:00,0,0,0,377,175,304,0,0,0,0.0778,0.0778,0.0778,0,0,0,402,163,263
2023-03-23 07:00:00,0,0,0,451,233,296,0,0,0,0.0778,0.0778,0.0778,0,0,0,480,226,253
2023-03-23 07:02:00,0,0,0,369,153,301,0,0,0,0.0778,0.0778,0.0778,0,0,0,392,148,255
2023-03-23 07:04:00,0,0,0,379,164,291,0,0,0,0.0778,0.0778,0.0778,0,0,0,408,164,252
2023-03-23 07:06:00,0,0,0,368,148,290,0,0,0,0.0778,0.0833,0.0778,0,0,0,393,149,254
2023-03-23 07:08:00,0,0,0,377,154,306,0,0,0,0.0778,0.0778,0.0778,0,0,0,404,149,266
2023-03-23 07:10:00,0,0,0,451,226,298,0,0,0,0.0778,0.0778,0.0778,0,0,0,481,221,257
2023-03-23 07:12:00,0,0,0,387,148,304,0,0,0,0.0778,0.0778,0.0778,0,0,0,410,150,264
2023-03-23 07:14:00,0,0,0,383,156,293,0,0,0,0.0778,0.0778,0.0778,0,0,0,404,158,255
2023-03-23 07:16:00,0,0,0,372,150,301,0,0,0,0.0833,0.0778,0.0778,0,0,0,390,149,254
2023-03-23 07:18:00,0,0,0,386,158,326,0,0,0,0.0778,0.0778,0.0778,0,0,0,428,160,274
2023-03-23 07:20:00,0,0,0,459,225,326,0,0,0,0.0778,0.0778,0.0778,0,0,0,501,220,273
2023-03-23 07:22:00,0,0,0,411,152,305,0,0,0,0.0778,0.0778,0.0778,0,0,0,437,149,261
2023-03-23 07:24:00,0,0,0,379,162,296,0,0,0,0.0778,0.0778,0.0778,0,0,0,398,160,252
2023-03-23 07:26:00,0,0,0,360,150,301,0,0,0,0.0778,0.0778,0.0778,0,0,0,386,142,253
2023-03-23 07:28:00,0,0,0,368,165,298,0,0,0,0.0778,0.0833,0.0778,0,0,0,405,158,255
2023-03-23 07:30:00,0,0,0,454,233,313,0,0,0,0.0778,0.0778,0.0778,0,0,0,488,218,258
2023-03-23 07:32:00,0,0,0,433,166,294,0,0,0,0.0778,0.0778,0.0778,0,0,0,468,170,259
2023-03-23 07:34:00,0,0,0,376,156,295,0,0,0,0.0778,0.0778,0.0778,0,0,0,399,150,254
2023-03-23 07:36:00,0,0,0,369,153,305,0,0,0,0.0778,0.0778,0.0778,0,0,0,390,146,258
2023-03-23 07:38:00,0,0,0,385,160,324,0,0,0,0.0833,0.0778,0.0778,0,0,0,418,161,275
2023-03-23 07:40:00,0,0,0,460,228,334,0,0,0,0.0778,0.0778,0.0778,0,0,0,498,219,274
2023-03-23 07:42:00,0,0,0,452,192,293,0,0,0,0.0778,0.0778,0.0778,0,0,0,484,197,257
2023-03-23 07:44:00,0,0,0,381,155,296,0,0,0,0.0778,0.0778,0.0778,0,0,0,402,152,256
2023-03-23 07:46:00,0,0,0,379,160,299,0,0,0,0.0778,0.0778,0.0778,0,0,0,395,157,256
2023-03-23 07:48:00,0,0,0,377,161,297,0,0,0,0.0778,0.0778,0.0778,0,0,0,398,152,258
2023-03-23 07:50:00,0,0,0,458,233,315,0,0,0,0.0778,0.0833,0.0778,0,0,0,481,221,262
2023-03-23 07:52:00,0,0,0,454,214,297,0,0,0,0.0778,0.0778,0.0778,0,0,0,486,220,260
2023-03-23 07:54:00,0,0,0,380,151,303,0,0,0,0.0778,0.0778,0.0778,0,0,0,402,148,258
2023-03-23 07:56:00,0,0,0,373,156,296,0,0,0,0.0778,0.0778,0.0778,0,0,0,392,156,254
2023-03-23 07:58:00,0,0,0,378,170,295,0,0,0,0.0778,0.0778,0.0778,0,0,0,405,155,258
2023-03-23 08:00:00,0,0,0,454,253,328,0,0,0,0.0778,0.0777,0.0778,0,0,0,486,233,262
2023-03-23 08:02:00,0,0,0,463,228,324,0,0,0,0.0778,0.0778,0.0778,0,0,0,500,221,272
2023-03-23 08:04:00,0,0,0,382,159,309,0,0,0,0.0778,0.0778,0.0778,0,0,0,399,150,260
2023-03-23 08:06:00,0,0,0,376,191,301,0,0,0,0.0778,0.0778,0.0778,0,0,0,392,182,255
2023-03-23 08:08:00,0,0,0,481,178,311,0,0,0,0.0778,0.0778,0.0778,0,0,0,480,172,270
2023-03-23 08:10:00,0,0,0,407,231,296,0,0,0,0.0778,0.0778,0.0778,0,0,0,431,231,256
2023-03-23 08:12:00,0,0,0,494,262,360,0,0,0,0.0778,0.0833,0.0778,0,0,0,559,245,306
2023-03-23 08:14:00,0,0,0,415,177,353,0,0,0,0.0778,0.0778,0.0778,0,0,0,467,170,301
2023-03-23 08:16:00,0,0,0,378,156,308,0,0,0,0.0778,0.0778,0.0778,0,0,0,400,151,260
2023-03-23 08:18:00,0,0,0,373,150,302,0,0,0,0.0778,0.0778,0.0778,0,0,0,397,149,259
2023-03-23 08:20:00,0,0,0,374,208,293,0,0,0,0.0778,0.0778,0.0778,0,0,0,400,211,250
2023-03-23 08:22:00,0,0,0,463,218,333,0,0,0,0.0833,0.0778,0.0778,0,0,0,505,218,277
2023-03-23 08:24:00,0,0,0,375,162,292,0,0,0,0.0778,0.0778,0.0778,0,0,0,399,158,255
2023-03-23 08:26:00,0,0,0,382,159,303,0,0,0,0.0778,0.0778,0.0778,0,0,0,395,150,256
2023-03-23 08:28:00,0,0,0,381,154,295,0,0,0,0.0778,0.0778,0.0778,0,0,0,401,157,258
2023-03-23 08:30:00,0,0,0,369,185,295,0,0,0,0.0778,0.0778,0.0778,0,0,0,389,175,251
2023-03-23 08:32:00,0,0,0,459,228,315,0,0,0,0.0778,0.0778,0.0778,0,0,0,483,219,261
2023-03-23 08:34:00,0,0,0,375,164,294,0,0,0,0.0778,0.0833,0.0778,0,0,0,396,158,253
2023-03-23 08:36:00,0,0,0,373,158,308,0,0,0,0.0778,0.0778,0.0778,0,0,0,391,147,258
2023-03-23 08:38:00,0,0,0,385,168,321,0,0,0,0.0778,0.0778,0.0778,0,0,0,422,165,273
2023-03-23 08:40:00,0,0,0,377,170,296,0,0,0,0.0778,0.0778,0.0833,0,0,0,403,159,254
2023-03-23 08:42:00,0,0,0,456,230,299,0,0,0,0.0778,0.0778,0.0778,0,0,0,485,229,258
2023-03-23 08:44:00,0,0,0,376,161,301,0,0,0,0.0833,0.0778,0.0778,0,0,0,405,150,257
2023-03-23 08:46:00,0,0,0,376,159,319,0,0,0,0.0778,0.0778,0.0778,0,0,0,400,150,263
2023-03-23 08:48:00,0,0,0,373,153,294,0,0,0,0.0778,0.0778,0.0778,0,0,0,398,158,258
2023-03-23 08:50:00,0,0,0,372,157,307,0,0,0,0.0778,0.0778,0.0778,0,0,0,391,147,257
2023-03-23 08:52:00,0,0,0,454,228,297,0,0,0,0.0778,0.0778,0.0778,0,0,0,487,230,257
2023-03-23 08:54:00,0,0,0,397,148,292,0,0,0,0.0778,0.0778,0.0778,0,0,0,427,148,257
2023-03-23 08:56:00,0,0,0,372,152,312,0,0,0,0.0778,0.0778,0.0778,0,0,0,409,155,267
2023-03-23 08:58:00,0,0,0,380,152,322,0,0,0,0.0778,0.0778,0.0778,0,0,0,423,150,273
2023-03-23 09:00:00,0,0,0,378,158,318,0,0,0,0.0778,0.0778,0.0778,0,0,0,403,149,263
2023-03-23 09:02:00,0,0,0,456,232,301,0,0,0,0.0778,0.0778,0.0833,0,0,0,485,232,257
2023-03-23 09:04:00,0,0,0,419,145,301,0,0,0,0.0778,0.0778,0.0778,0,0,0,455,144,258
2023-03-23 09:06:00,0,0,0,359,159,290,0,0,0,0.0778,0.0778,0.0778,0,0,0,391,154,249
2023-03-23 09:08:00,0,0,0,373,157,303,0,0,0,0.0667,0.0667,0.0667,0,0,0,397,146,254
2023-03-23 09:10:00,0,0,0,366,160,297,0,0,0,0.0778,0.0778,0.0778,0,0,0,391,155,248
2023-03-23 09:12:00,0,0,0,449,221,298,0,0,0,0.0778,0.0778,0.0778,0,0,0,484,220,253
2023-03-23 09:14:00,0,0,0,445,173,300,0,0,0,0.0778,0.0778,0.0778,0,0,0,481,172,257
2023-03-23 09:16:00,0,0,0,374,163,299,0,0,0,0.0778,0.0833,0.0778,0,0,0,390,158,252
2023-03-23 09:18:00,0,0,0,370,150,303,0,0,0,0.0778,0.0778,0.0778,0,0,0,396,146,257
2023-03-23 09:20:00,0,0,0,364,154,310,0,0,0,0.0778,0.0778,0.0778,0,0,0,402,157,260
2023-03-23 09:22:00,0,0,0,447,224,294,0,0,0,0.0778,0.0778,0.0778,0,0,0,484,220,254
2023-03-23 09:24:00,0,0,0,446,196,298,0,0,0,0.0778,0.0778,0.0778,0,0,0,484,196,256
2023-03-23 09:26:00,0,0,0,366,152,293,0,0,0,0.0778,0.0778,0.0778,0,0,0,392,149,253
2023-03-23 09:28:00,0,0,0,370,146,299,0,0,0,0.0778,0.0778,0.0778,0,0,0,399,147,259
2023-03-23 09:30:00,0,0,0,367,161,298,0,0,0,0.0778,0.0778,0.0778,0,0,0,395,157,252
2023-03-23 09:32:00,0,0,0,461,237,304,0,0,0,0.0778,0.0778,0.0778,0,0,0,494,223,255
2023-03-23 09:34:00,0,0,0,467,237,305,0,0,0,0.0667,0.0667,0.0667,0,0,0,487,226,257
2023-03-23 09:36:00,0,0,0,373,157,299,0,0,0,0.0722,0.0778,0.0667,0,0,0,391,148,253
2023-03-23 09:38:00,0,0,0,372,152,305,0,0,0,0.0778,0.0778,0.0778,0,0,0,400,150,261
2023-03-23 09:40:00,0,0,0,365,156,292,0,0,0,0.0778,0.0778,0.0778,0,0,0,387,151,250
2023-03-23 09:42:00,0,0,0,412,222,301,0,0,0,0.0778,0.0833,0.0778,0,0,0,446,218,256
2023-03-23 09:44:00,0,0,0,455,222,311,0,0,0,0.0778,0.0778,0.0778,0,0,0,503,230,268
2023-03-23 09:46:00,0,0,0,378,154,323,0,0,0,0.0778,0.0778,0.0778,0,0,0,418,150,268
2023-03-23 09:48:00,0,0,0,380,158,304,0,0,0,0.0778,0.0778,0.0833,0,0,0,408,159,258
2023-03-23 09:50:00,0,0,0,363,156,292,0,0,0,0.0778,0.0778,0.0778,0,0,0,385,148,251
2023-03-23 09:52:00,0,0,0,392,229,305,0,0,0,0.0778,0.0778,0.0778,0,0,0,419,221,259
2023-03-23 09:54:00,0,0,0,459,233,300,0,0,0,0.0778,0.0778,0.0778,0,0,0,487,231,257
2023-03-23 09:56:00,0,0,0,377,155,309,0,0,0,0.0778,0.0778,0.0778,0,0,0,395,151,261
2023-03-23 09:58:00,0,0,0,379,159,298,0,0,0,0.0778,0.0778,0.0778,0,0,0,401,160,261
2023-03-23 10:00:00,0,0,0,366,157,293,0,0,0,0.0778,0.0778,0.0778,0,0,0,384,147,250
2023-03-23 10:02:00,0,0,0,374,196,293,0,0,0,0.0778,0.0778,0.0778,0,0,0,397,197,252
2023-03-23 10:04:00,0,0,0,453,224,296,0,0,0,0.0778,0.0778,0.0778,0,0,0,484,219,254
2023-03-23 10:06:00,0,0,0,369,159,309,0,0,0,0.0778,0.0778,0.0778,0,0,0,385,149,253
2023-03-23 10:08:00,0,0,0,387,158,326,0,0,0,0.0778,0.0778,0.0778,0,0,0,417,160,270
2023-03-23 10:10:00,0,0,0,366,158,304,0,0,0,0.0778,0.0778,0.0833,0,0,0,386,146,256
2023-03-23 10:12:00,0,0,0,380,176,303,0,0,0,0.0778,0.0778,0.0778,0,0,0,406,175,258
2023-03-23 10:14:00,0,0,0,454,221,295,0,0,0,0.0778,0.0778,0.0778,0,0,0,488,219,256
2023-03-23 10:16:00,0,0,0,363,154,289,0,0,0,0.0778,0.0778,0.0778,0,0,0,388,154,250
2023-03-23 10:18:00,0,0,0,372,154,295,0,0,0,0.0778,0.0778,0.0778,0,0,0,396,152,253
2023-03-23 10:20:00,0,0,0,359,151,295,0,0,0,0.0778,0.0778,0.0778,0,0,0,387,148,254
2023-03-23 10:22:00,0,0,0,375,159,295,0,0,0,0.0778,0.0778,0.0778,0,0,0,399,159,254
2023-03-23 10:24:00,0,0,0,450,222,304,0,0,0,0.0778,0.0778,0.0778,0,0,0,486,221,261
2023-03-23 10:26:00,0,0,0,392,156,321,0,0,0,0.0778,0.0778,0.0778,0,0,0,424,157,271
2023-03-23 10:28:00,0,0,0,384,166,320,0,0,0,0.0778,0.0778,0.0778,0,0,0,423,154,271
2023-03-23 10:30:00,0,0,0,366,154,299,0,0,0,0.0778,0.0778,0.0778,0,0,0,396,149,254
2023-03-23 10:32:00,0,0,0,372,161,296,0,0,0,0.0778,0.0777,0.0778,0,0,0,394,152,253
2023-03-23 10:34:00,0,0,0,452,228,306,0,0,0,0.0778,0.0722,0.0722,0,0,0,485,219,259
2023-03-23 10:36:00,0,0,0,418,162,304,0,0,0,0.0667,0.0667,0.0667,0,0,0,438,155,256
2023-03-23 10:38:00,0,0,0,379,160,305,0,0,0,0.0667,0.0667,0.0722,0,0,0,400,149,260
2023-03-23 10:40:00,0,0,0,365,155,294,0,0,0,0.0667,0.0667,0.0722,0,0,0,388,156,253
2023-03-23 10:42:00,0,0,0,393,180,317,0,0,0,0.0667,0.0722,0.0667,0,0,0,393,151,251
2023-03-23 10:44:00,0,0,0,479,234,342,0,0,0,0.0667,0.0722,0.0667,0,0,0,503,219,265
2023-03-23 10:46:00,0,0,0,434,176,294,0,0,0,0.0667,0.0667,0.0667,0,0,0,466,176,253
2023-03-23 10:48:00,0,0,0,371,156,304,0,0,0,0.0667,0.0667,0.0667,0,0,0,397,149,257
2023-03-23 10:50:00,0,0,0,358,155,286,0,0,0,0.0667,0.0667,0.0667,0,0,0,384,159,246
2023-03-23 10:52:00,0,0,0,367,153,290,0,0,0,0.0667,0.0667,0.0667,0,0,0,393,149,249
2023-03-23 10:54:00,0,0,0,448,220,320,0,0,0,0.0722,0.0667,0.0667,0,0,0,501,217,265
2023-03-23 10:56:00,0,0,0,445,203,316,0,0,0,0.0722,0.0666,0.0667,0,0,0,487,196,260
2023-03-23 10:58:00,0,0,0,368,161,301,0,0,0,0.0667,0.0667,0.0667,0,0,0,394,147,252
2023-03-23 11:00:00,0,0,0,356,154,285,0,0,0,0.0667,0.0667,0.0722,0,0,0,384,154,242
2023-03-23 11:02:00,0,0,0,361,151,289,0,0,0,0.0667,0.0667,0.0667,0,0,0,390,148,248
2023-03-23 11:04:00,0,0,0,454,237,294,0,0,0,0.0667,0.0722,0.0667,0,0,0,496,230,251
2023-03-23 11:06:00,0,0,0,454,229,305,0,0,0,0.0667,0.0667,0.0667,0,0,0,487,218,253
2023-03-23 11:08:00,0,0,0,376,153,312,0,0,0,0.0667,0.0667,0.0667,0,0,0,400,146,259
2023-03-23 11:10:00,0,0,0,354,150,281,0,0,0,0.0667,0.0667,0.0667,0,0,0,385,153,243
2023-03-23 11:12:00,0,0,0,361,150,297,0,0,0,0.0667,0.0667,0.0667,0,0,0,387,145,250
2023-03-23 11:14:00,0,0,0,412,223,309,0,0,0,0.0667,0.0667,0.0667,0,0,0,460,226,259
2023-03-23 11:16:00,0,0,0,447,226,316,0,0,0,0.0722,0.0667,0.0667,0,0,0,492,217,266
2023-03-23 11:18:00,0,0,0,373,156,309,0,0,0,0.0667,0.0667,0.0667,0,0,0,399,147,261
2023-03-23 11:20:00,0,0,0,358,152,289,0,0,0,0.0667,0.0667,0.0722,0,0,0,387,156,251
2023-03-23 11:22:00,0,0,0,362,149,298,0,0,0,0.0667,0.0667,0.0722,0,0,0,388,143,251
2023-03-23 11:24:00,0,0,0,380,213,288,0,0,0,0.0556,0.0611,0.0556,0,0,0,412,215,246
2023-03-23 11:26:00,0,0,0,434,223,287,0,0,0,0.0556,0.0667,0.0556,0,0,0,473,218,251
2023-03-23 11:28:00,0,0,0,373,161,300,0,0,0,0.0667,0.0667,0.0667,0,0,0,408,155,256
2023-03-23 11:30:00,0,0,0,362,156,295,0,0,0,0.0722,0.0667,0.0667,0,0,0,386,145,248
2023-03-23 11:32:00,0,0,0,368,158,305,0,0,0,0.0667,0.0667,0.0667,0,0,0,388,144,251
2023-03-23 11:34:00,0,0,0,379,194,318,0,0,0,0.0667,0.0667,0.0667,0,0,0,410,191,261
2023-03-23 11:36:00,0,0,0,437,224,305,0,0,0,0.0667,0.0667,0.0722,0,0,0,471,214,255
2023-03-23 11:38:00,0,0,0,372,162,304,0,0,0,0.0667,0.0667,0.0667,0,0,0,394,156,250
2023-03-23 11:40:00,0,0,0,363,155,295,0,0,0,0.0667,0.0722,0.0667,0,0,0,390,144,244
2023-03-23 11:42:00,0,0,0,368,152,311,0,0,0,0.0667,0.0722,0.0667,0,0,0,395,143,254
2023-03-23 11:44:00,0,0,0,365,163,292,0,0,0,0.0667,0.0666,0.0667,0,0,0,394,161,249
2023-03-23 11:46:00,0,0,0,439,219,302,0,0,0,0.0667,0.0667,0.0667,0,0,0,480,215,258
2023-03-23 11:48:00,0,0,0,359,154,286,0,0,0,0.0667,0.0667,0.0667,0,0,0,392,157,248
2023-03-23 11:50:00,0,0,0,354,146,303,0,0,0,0.0667,0.0667,0.0667,0,0,0,401,147,259
2023-03-23 11:52:00,0,0,0,363,161,293,0,0,0,0.0722,0.0667,0.0667,0,0,0,395,156,254
2023-03-23 11:54:00,0,0,0,372,160,290,0,0,0,0.0722,0.0667,0.0667,0,0,0,405,153,251
2023-03-23 11:56:00,0,0,0,436,214,297,0,0,0,0.0667,0.0667,0.0722,0,0,0,476,217,259
2023-03-23 11:58:00,0,0,0,392,160,294,0,0,0,0.0667,0.0667,0.0722,0,0,0,418,159,257
2023-03-23 12:00:00,0,0,0,364,151,300,0,0,0,0.0667,0.0722,0.0667,0,0,0,389,146,254
2023-03-23 12:02:00,0,0,0,378,160,296,0,0,0,0.0667,0.0722,0.0667,0,0,0,398,160,257
2023-03-23 12:04:00,0,0,0,386,163,307,0,0,0,0.0556,0.0500,0.0556,0,0,0,400,149,257
2023-03-23 12:06:00,0,0,0,450,227,312,0,0,0,0.0556,0.0500,0.0500,0,0,0,477,224,260
2023-03-23 12:08:00,0,0,0,421,152,302,0,0,0,0.0722,0.0667,0.0667,0,0,0,449,147,260
2023-03-23 12:10:00,0,0,0,362,143,316,0,0,0,0.0667,0.0667,0.0667,0,0,0,404,145,266
2023-03-23 12:12:00,0,0,0,374,155,312,0,0,0,0.0667,0.0667,0.0722,0,0,0,409,158,264
2023-03-23 12:14:00,0,0,0,372,155,304,0,0,0,0.0667,0.0722,0.0667,0,0,0,396,150,256
2023-03-23 12:16:00,0,0,0,437,222,289,0,0,0,0.0667,0.0722,0.0667,0,0,0,476,230,254
2023-03-23 12:18:00,0,0,0,446,176,296,0,0,0,0.0667,0.0667,0.0667,0,0,0,479,173,257
2023-03-23 12:20:00,0,0,0,365,154,300,0,0,0,0.0667,0.0667,0.0667,0,0,0,391,148,254
2023-03-23 12:22:00,0,0,0,373,156,296,0,0,0,0.0667,0.0667,0.0667,0,0,0,395,150,254
2023-03-23 12:24:00,0,0,0,370,154,302,0,0,0,0.0667,0.0667,0.0667,0,0,0,398,147,257
2023-03-23 12:26:00,0,0,0,449,230,298,0,0,0,0.0722,0.0667,0.0667,0,0,0,491,234,258
2023-03-23 12:28:00,0,0,0,464,218,309,0,0,0,0.0611,0.0556,0.0611,0,0,0,507,203,264
2023-03-23 12:30:00,0,0,0,364,156,301,0,0,0,0.0667,0.0722,0.0667,0,0,0,394,155,252
2023-03-23 12:32:00,0,0,0,358,146,294,0,0,0,0.0667,0.0667,0.0667,0,0,0,392,144,250
2023-03-23 12:34:00,0,0,0,361,149,299,0,0,0,0.0667,0.0667,0.0667,0,0,0,388,144,253
2023-03-23 12:36:00,0,0,0,431,220,283,0,0,0,0.0667,0.0667,0.0667,0,0,0,473,226,246
2023-03-23 12:38:00,0,0,0,445,222,307,0,0,0,0.0667,0.0667,0.0667,0,0,0,483,215,260
2023-03-23 12:40:00,0,0,0,363,155,310,0,0,0,0.0667,0.0667,0.0667,0,0,0,401,155,259
2023-03-23 12:42:00,0,0,0,377,169,304,0,0,0,0.0722,0.0667,0.0667,0,0,0,384,142,249
2023-03-23 12:44:00,0,0,0,373,177,308,0,0,0,0.0667,0.0667,0.0667,0,0,0,366,151,239
2023-03-23 12:46:00,0,0,0,382,216,282,0,0,0,0.0667,0.0667,0.0722,0,0,0,406,212,241
2023-03-23 12:48:00,0,0,0,447,230,296,0,0,0,0.0667,0.0667,0.0722,0,0,0,474,226,253
2023-03-23 12:50:00,0,0,0,373,155,310,0,0,0,0.0667,0.0722,0.0667,0,0,0,392,146,258
2023-03-23 12:52:00,0,0,0,370,158,294,0,0,0,0.0667,0.0722,0.0667,0,0,0,394,156,255
2023-03-23 12:54:00,0,0,0,379,160,299,0,0,0,0.0667,0.0667,0.0667,0,0,0,396,148,255
2023-03-23 12:56:00,0,0,0,369,205,297,0,0,0,0.0667,0.0667,0.0667,0,0,0,390,202,254
2023-03-23 12:58:00,0,0,0,453,229,299,0,0,0,0.0667,0.0667,0.0667,0,0,0,485,219,261
2023-03-23 13:00:00,0,0,0,372,155,310,0,0,0,0.0667,0.0667,0.0667,0,0,0,392,147,258
2023-03-23 13:02:00,0,0,0,374,156,304,0,0,0,0.0722,0.0667,0.0667,0,0,0,405,149,260
2023-03-23 13:04:00,0,0,0,378,156,306,0,0,0,0.0722,0.0667,0.0667,0,0,0,395,146,258
2023-03-23 13:06:00,0,0,0,366,175,289,0,0,0,0.0667,0.0667,0.0722,0,0,0,391,178,253
2023-03-23 13:08:00,0,0,0,461,223,330,0,0,0,0.0667,0.0667,0.0722,0,0,0,503,219,276
2023-03-23 13:10:00,0,0,0,364,155,288,0,0,0,0.0667,0.0722,0.0667,0,0,0,387,159,246
2023-03-23 13:12:00,0,0,0,366,152,289,0,0,0,0.0667,0.0722,0.0667,0,0,0,394,147,252
2023-03-23 13:14:00,0,0,0,370,154,296,0,0,0,0.0667,0.0667,0.0666,0,0,0,393,150,256
2023-03-23 13:16:00,0,0,0,367,151,295,0,0,0,0.0667,0.0667,0.0667,0,0,0,393,148,258
2023-03-23 13:18:00,0,0,0,458,224,315,0,0,0,0.0667,0.0667,0.0667,0,0,0,489,219,271
2023-03-23 13:20:00,0,0,0,363,157,297,0,0,0,0.0667,0.0667,0.0667,0,0,0,387,160,255
2023-03-23 13:22:00,0,0,0,370,150,309,0,0,0,0.0722,0.0667,0.0667,0,0,0,405,148,260
2023-03-23 13:24:00,0,0,0,377,167,293,0,0,0,0.0722,0.0667,0.0667,0,0,0,404,161,252
2023-03-23 13:26:00,0,0,0,371,160,294,0,0,0,0.0667,0.0667,0.0667,0,0,0,402,152,256
2023-03-23 13:28:00,0,0,0,456,231,299,0,0,0,0.0666,0.0667,0.0722,0,0,0,486,228,257
2023-03-23 13:30:00,0,0,0,403,160,301,0,0,0,0.0667,0.0722,0.0667,0,0,0,424,151,256
2023-03-23 13:32:00,0,0,0,379,154,330,0,0,0,0.0667,0.0722,0.0667,0,0,0,411,151,274
2023-03-23 13:34:00,0,0,0,371,153,312,0,0,0,0.0667,0.0666,0.0667,0,0,0,406,151,263
2023-03-23 13:36:00,0,0,0,355,147,294,0,0,0,0.0667,0.0667,0.0667,0,0,0,386,147,255
2023-03-23 13:38:00,0,0,0,456,229,299,0,0,0,0.0667,0.0667,0.0667,0,0,0,490,230,262
2023-03-23 13:40:00,0,0,0,428,154,302,0,0,0,0.0667,0.0667,0.0667,0,0,0,455,148,258
2023-03-23 13:42:00,0,0,0,365,151,287,0,0,0,0.0722,0.0667,0.0667,0,0,0,395,159,254
2023-03-23 13:44:00,0,0,0,368,151,290,0,0,0,0.0722,0.0667,0.0667,0,0,0,394,148,251
2023-03-23 13:46:00,0,0,0,368,150,308,0,0,0,0.0667,0.0667,0.0722,0,0,0,402,148,258
2023-03-23 13:48:00,0,0,0,460,231,307,0,0,0,0.0667,0.0667,0.0722,0,0,0,490,220,261
2023-03-23 13:50:00,0,0,0,444,180,308,0,0,0,0.0667,0.0722,0.0667,0,0,0,475,174,258
2023-03-23 13:52:00,0,0,0,368,150,309,0,0,0,0.0667,0.0722,0.0667,0,0,0,409,156,264
2023-03-23 13:54:00,0,0,0,374,154,324,0,0,0,0.0667,0.0667,0.0667,0,0,0,408,146,266
2023-03-23 13:56:00,0,0,0,373,173,301,0,0,0,0.0667,0.0667,0.0667,0,0,0,395,162,254
2023-03-23 13:58:00,0,0,0,466,238,307,0,0,0,0.0667,0.0667,0.0667,0,0,0,499,224,261
2023-03-23 14:00:00,0,0,0,447,211,301,0,0,0,0.0667,0.0667,0.0667,0,0,0,477,208,257
2023-03-23 14:02:00,0,0,0,370,151,292,0,0,0,0.0722,0.0667,0.0667,0,0,0,398,151,256
2023-03-23 14:04:00,0,0,0,373,153,304,0,0,0,0.0722,0.0667,0.0667,0,0,0,395,148,261
2023-03-23 14:06:00,0,0,0,364,207,291,0,0,0,0.0667,0.0666,0.0722,0,0,0,391,188,256
2023-03-23 14:08:00,0,0,0,446,281,312,0,0,0,0.0667,0.0667,0.0722,0,0,0,477,253,268
2023-03-23 14:10:00,0,0,0,450,230,299,0,0,0,0.0667,0.0722,0.0667,0,0,0,478,228,260
2023-03-23 14:12:00,0,0,0,372,150,300,0,0,0,0.0667,0.0722,0.0667,0,0,0,397,150,261
2023-03-23 14:14:00,0,0,0,379,156,296,0,0,0,0.0667,0.0667,0.0667,0,0,0,400,160,256
2023-03-23 14:16:00,0,0,0,362,151,295,0,0,0,0.0667,0.0667,0.0667,0,0,0,387,152,256
2023-03-23 14:18:00,0,0,0,419,227,327,0,0,0,0.0667,0.0667,0.0667,0,0,0,467,221,276
2023-03-23 14:20:00,0,0,0,456,226,330,0,0,0,0.0667,0.0667,0.0667,0,0,0,503,222,275
2023-03-23 14:22:00,0,0,0,372,151,302,0,0,0,0.0722,0.0667,0.0667,0,0,0,399,152,262
2023-03-23 14:24:00,0,0,0,376,155,294,0,0,0,0.0722,0.0667,0.0667,0,0,0,400,157,255
2023-03-23 14:26:00,0,0,0,366,147,304,0,0,0,0.0667,0.0667,0.0722,0,0,0,390,148,259
2023-03-23 14:28:00,0,0,0,384,217,290,0,0,0,0.0667,0.0667,0.0722,0,0,0,413,216,258
2023-03-23 14:30:00,0,0,0,446,225,298,0,0,0,0.0667,0.0722,0.0667,0,0,0,477,218,256
2023-03-23 14:32:00,0,0,0,368,153,289,0,0,0,0.0667,0.0722,0.0667,0,0,0,397,159,255
2023-03-23 14:34:00,0,0,0,377,156,298,0,0,0,0.0667,0.0667,0.0667,0,0,0,397,151,257
2023-03-23 14:36:00,0,0,0,370,151,308,0,0,0,0.0667,0.0667,0.0667,0,0,0,392,152,263
2023-03-23 14:38:00,0,0,0,384,200,307,0,0,0,0.0667,0.0667,0.0667,0,0,0,422,196,266
2023-03-23 14:40:00,0,0,0,453,225,316,0,0,0,0.0667,0.0667,0.0667,0,0,0,489,219,265
2023-03-23 14:42:00,0,0,0,372,154,292,0,0,0,0.0722,0.0667,0.0667,0,0,0,398,158,256
2023-03-23 14:44:00,0,0,0,383,154,319,0,0,0,0.0722,0.0667,0.0667,0,0,0,415,149,268
2023-03-23 14:46:00,0,0,0,379,154,321,0,0,0,0.0667,0.0667,0.0667,0,0,0,407,157,269
2023-03-23 14:48:00,0,0,0,376,164,298,0,0,0,0.0667,0.0667,0.0722,0,0,0,402,159,262
2023-03-23 14:50:00,0,0,0,446,227,308,0,0,0,0.0667,0.0722,0.0667,0,0,0,476,220,262
2023-03-23 14:52:00,0,0,0,370,153,294,0,0,0,0.0667,0.0722,0.0667,0,0,0,394,151,256
2023-03-23 14:54:00,0,0,0,377,155,306,0,0,0,0.0667,0.0667,0.0667,0,0,0,395,147,259
2023-03-23 14:56:00,0,0,0,368,155,292,0,0,0,0.0667,0.0667,0.0667,0,0,0,387,157,255
2023-03-23 14:58:00,0,0,0,373,154,306,0,0,0,0.0667,0.0667,0.0667,0,0,0,399,152,266
2023-03-23 15:00:00,0,0,0,450,232,300,0,0,0,0.0667,0.0666,0.0667,0,0,0,480,231,257
2023-03-23 15:02:00,0,0,0,393,153,295,0,0,0,0.0722,0.0667,0.0667,0,0,0,417,153,260
2023-03-23 15:04:00,0,0,0,379,154,305,0,0,0,0.0722,0.0667,0.0667,0,0,0,400,149,261
2023-03-23 15:06:00,0,0,0,366,152,296,0,0,0,0.0667,0.0667,0.0667,0,0,0,388,148,256
2023-03-23 15:08:00,0,0,0,374,151,316,0,0,0,0.0667,0.0667,0.0722,0,0,0,410,150,268
2023-03-23 15:10:00,0,0,0,447,230,299,0,0,0,0.0667,0.0667,0.0667,0,0,0,477,231,257
2023-03-23 15:12:00,0,0,0,421,149,309,0,0,0,0.0667,0.0722,0.0667,0,0,0,455,149,264
2023-03-23 15:14:00,0,0,0,389,159,328,0,0,0,0.0667,0.0667,0.0667,0,0,0,424,158,272
2023-03-23 15:16:00,0,0,0,369,157,301,0,0,0,0.0667,0.0667,0.0667,0,0,0,387,148,255
2023-03-23 15:18:00,0,0,0,376,173,296,0,0,0,0.0667,0.0667,0.0667,0,0,0,407,164,257
2023-03-23 15:20:00,0,0,0,451,235,300,0,0,0,0.0667,0.0667,0.0667,0,0,0,483,220,253
2023-03-23 15:22:00,0,0,0,437,169,303,0,0,0,0.0667,0.0667,0.0667,0,0,0,473,167,260
2023-03-23 15:24:00,0,0,0,378,159,299,0,0,0,0.0722,0.0667,0.0667,0,0,0,399,148,255
2023-03-23 15:26:00,0,0,0,371,149,307,0,0,0,0.0667,0.0667,0.0667,0,0,0,390,144,259
2023-03-23 15:28:00,0,0,0,368,151,289,0,0,0,0.0667,0.0667,0.0722,0,0,0,398,158,258
2023-03-23 15:30:00,0,0,0,454,227,331,0,0,0,0.0667,0.0667,0.0667,0,0,0,497,220,274
2023-03-23 15:32:00,0,0,0,459,200,323,0,0,0,0.0667,0.0722,0.0667,0,0,0,502,202,274
2023-03-23 15:34:00,0,0,0,377,152,297,0,0,0,0.0667,0.0667,0.0667,0,0,0,398,148,257
2023-03-23 15:36:00,0,0,0,366,154,292,0,0,0,0.0667,0.0667,0.0667,0,0,0,385,156,256
2023-03-23 15:38:00,0,0,0,376,154,299,0,0,0,0.0667,0.0667,0.0667,0,0,0,401,151,263
2023-03-23 15:40:00,0,0,0,453,228,315,0,0,0,0.0667,0.0667,0.0667,0,0,0,478,219,265
2023-03-23 15:42:00,0,0,0,452,225,310,0,0,0,0.0667,0.0667,0.0667,0,0,0,491,232,266
2023-03-23 15:44:00,0,0,0,383,156,312,0,0,0,0.0722,0.0667,0.0667,0,0,0,408,151,267
2023-03-23 15:46:00,0,0,0,376,166,302,0,0,0,0.0667,0.0667,0.0667,0,0,0,391,160,260
2023-03-23 15:48:00,0,0,0,384,165,307,0,0,0,0.0667,0.0667,0.0722,0,0,0,400,155,263
2023-03-23 15:50:00,0,0,0,437,239,327,0,0,0,0.0667,0.0667,0.0722,0,0,0,463,230,266
2023-03-23 15:52:00,0,0,0,456,222,302,0,0,0,0.0667,0.0722,0.0667,0,0,0,483,221,260
2023-03-23 15:54:00,0,0,0,378,157,306,0,0,0,0.0667,0.0722,0.0667,0,0,0,399,150,262
2023-03-23 15:56:00,0,0,0,373,155,300,0,0,0,0.0667,0.0667,0.0667,0,0,0,392,148,260
2023-03-23 15:58:00,0,0,0,373,156,305,0,0,0,0.0667,0.0667,0.0667,0,0,0,395,150,262
2023-03-23 16:00:00,0,0,0,399,236,307,0,0,0,0.0667,0.0667,0.0667,0,0,0,425,229,256
2023-03-23 16:02:00,0,0,0,474,248,324,0,0,0,0.0722,0.0722,0.0722,0,0,0,494,225,266
2023-03-23 16:04:00,0,0,0,385,171,303,0,0,0,0.0722,0.0778,0.0778,0,0,0,400,162,257
2023-03-23 16:06:00,0,0,0,378,161,304,0,0,0,0.0611,0.0500,0.0611,0,0,0,391,151,255
2023-03-23 16:08:00,0,0,0,389,167,311,0,0,0,0.0333,0.0278,0.0333,0,0,0,399,160,260
2023-03-23 16:10:00,0,0,0,378,202,305,0,0,0,0.0444,0.0444,0.0389,0,0,0,391,194,257
2023-03-23 16:12:00,0,0,0,543,230,387,0,0,0,0.0667,0.0667,0.0722,0,0,0,545,222,308
2023-03-23 16:14:00,0,0,0,393,170,385,0,0,0,0.0667,0.0667,0.0667,0,0,0,417,153,301
2023-03-23 16:16:00,0,0,0,394,177,332,0,0,0,0.0667,0.0722,0.0667,0,0,0,392,149,262
2023-03-23 16:18:00,0,0,0,384,162,309,0,0,0,0.0667,0.0667,0.0667,0,0,0,397,159,260
2023-03-23 16:20:00,0,0,0,371,178,308,0,0,0,0.0667,0.0667,0.0667,0,0,0,388,167,258
2023-03-23 16:22:00,0,0,0,454,228,295,0,0,0,0.0667,0.0667,0.0667,0,0,0,481,231,259
2023-03-23 16:24:00,0,0,0,374,153,292,0,0,0,0.0667,0.0667,0.0667,0,0,0,399,152,258
2023-03-23 16:26:00,0,0,0,373,161,296,0,0,0,0.0667,0.0667,0.0667,0,0,0,391,159,257
2023-03-23 16:28:00,0,0,0,371,148,295,0,0,0,0.0722,0.0667,0.0667,0,0,0,394,149,261
2023-03-23 16:30:00,0,0,0,368,159,306,0,0,0,0.0667,0.0667,0.0667,0,0,0,387,146,258
2023-03-23 16:32:00,0,0,0,460,231,307,0,0,0,0.0667,0.0667,0.0722,0,0,0,480,221,259
2023-03-23 16:34:00,0,0,0,376,152,314,0,0,0,0.0667,0.0667,0.0722,0,0,0,408,147,266
2023-03-23 16:36:00,0,0,0,372,156,296,0,0,0,0.0667,0.0722,0.0667,0,0,0,391,156,257
2023-03-23 16:38:00,0,0,0,371,149,305,0,0,0,0.0667,0.0722,0.0667,0,0,0,397,148,265
2023-03-23 16:40:00,0,0,0,372,153,324,0,0,0,0.0667,0.0667,0.0667,0,0,0,414,157,270
2023-03-23 16:42:00,0,0,0,445,220,296,0,0,0,0.0667,0.0667,0.0667,0,0,0,480,219,260
2023-03-23 16:44:00,0,0,0,409,163,296,0,0,0,0.0667,0.0667,0.0667,0,0,0,441,155,258
2023-03-23 16:46:00,0,0,0,373,160,297,0,0,0,0.0667,0.0667,0.0667,0,0,0,402,150,256
2023-03-23 16:48:00,0,0,0,371,152,305,0,0,0,0.0722,0.0667,0.0667,0,0,0,397,150,264
2023-03-23 16:50:00,0,0,0,364,155,292,0,0,0,0.0722,0.0667,0.0667,0,0,0,390,159,254
2023-03-23 16:52:00,0,0,0,448,219,304,0,0,0,0.0667,0.0667,0.0667,0,0,0,485,217,262
2023-03-23 16:54:00,0,0,0,427,158,289,0,0,0,0.0667,0.0667,0.0722,0,0,0,463,163,255
2023-03-23 16:56:00,0,0,0,365,150,320,0,0,0,0.0667,0.0667,0.0667,0,0,0,390,145,268
2023-03-23 16:58:00,0,0,0,366,156,292,0,0,0,0.0667,0.0722,0.0667,0,0,0,393,159,257
2023-03-23 17:00:00,0,0,0,367,159,295,0,0,0,0.0667,0.0667,0.0667,0,0,0,387,152,253
2023-03-23 17:02:00,0,0,0,448,222,305,0,0,0,0.0667,0.0667,0.0667,0,0,0,481,219,263
2023-03-23 17:04:00,0,0,0,452,185,315,0,0,0,0.0667,0.0667,0.0667,0,0,0,499,184,273
2023-03-23 17:06:00,0,0,0,370,153,326,0,0,0,0.0667,0.0667,0.0667,0,0,0,407,149,274
2023-03-23 17:08:00,0,0,0,366,150,290,0,0,0,0.0667,0.0667,0.0667,0,0,0,397,159,255
2023-03-23 17:10:00,0,0,0,361,152,306,0,0,0,0.0722,0.0667,0.0667,0,0,0,395,147,258
2023-03-23 17:12:00,0,0,0,453,230,303,0,0,0,0.0667,0.0667,0.0667,0,0,0,493,230,259
2023-03-23 17:14:00,0,0,0,448,207,291,0,0,0,0.0667,0.0667,0.0722,0,0,0,485,205,256
2023-03-23 17:16:00,0,0,0,357,157,289,0,0,0,0.0667,0.0667,0.0722,0,0,0,389,157,253
2023-03-23 17:18:00,0,0,0,364,156,289,0,0,0,0.0667,0.0722,0.0667,0,0,0,398,151,251
2023-03-23 17:20:00,0,0,0,361,151,306,0,0,0,0.0667,0.0722,0.0667,0,0,0,397,146,258
2023-03-23 17:22:00,0,0,0,429,223,293,0,0,0,0.0667,0.0667,0.0667,0,0,0,466,221,255
2023-03-23 17:24:00,0,0,0,451,227,309,0,0,0,0.0556,0.0500,0.0556,0,0,0,483,219,262
2023-03-23 17:26:00,0,0,0,370,163,298,0,0,0,0.0556,0.0611,0.0500,0,0,0,392,158,254
2023-03-23 17:28:00,0,0,0,368,152,305,0,0,0,0.0556,0.0611,0.0611,0,0,0,391,146,263
2023-03-23 17:30:00,0,0,0,368,162,312,0,0,0,0.0667,0.0722,0.0667,0,0,0,402,158,262
2023-03-23 17:32:00,0,0,0,416,229,321,0,0,0,0.0667,0.0667,0.0667,0,0,0,452,220,267
2023-03-23 17:34:00,0,0,0,465,241,309,0,0,0,0.0667,0.0667,0.0667,0,0,0,482,227,256
2023-03-23 17:36:00,0,0,0,382,158,309,0,0,0,0.0667,0.0667,0.0667,0,0,0,391,149,254
2023-03-23 17:38:00,0,0,0,374,148,307,0,0,0,0.0667,0.0667,0.0667,0,0,0,400,148,264
2023-03-23 17:40:00,0,0,0,368,162,298,0,0,0,0.0722,0.0667,0.0667,0,0,0,385,150,255
2023-03-23 17:42:00,0,0,0,390,215,312,0,0,0,0.0722,0.0667,0.0667,0,0,0,406,203,259
2023-03-23 17:44:00,0,0,0,456,227,299,0,0,0,0.0667,0.0667,0.0667,0,0,0,486,228,258
2023-03-23 17:46:00,0,0,0,376,154,310,0,0,0,0.0667,0.0667,0.0722,0,0,0,396,148,265
2023-03-23 17:48:00,0,0,0,382,154,300,0,0,0,0.0667,0.0667,0.0667,0,0,0,400,159,261
2023-03-23 17:50:00,0,0,0,362,151,289,0,0,0,0.0667,0.0722,0.0667,0,0,0,386,150,254
2023-03-23 17:52:00,0,0,0,373,185,292,0,0,0,0.0667,0.0667,0.0667,0,0,0,396,186,257
2023-03-23 17:54:00,0,0,0,463,232,321,0,0,0,0.0667,0.0667,0.0667,0,0,0,514,226,278
2023-03-23 17:56:00,0,0,0,369,156,308,0,0,0,0.0667,0.0667,0.0667,0,0,0,392,149,264
2023-03-23 17:58:00,0,0,0,376,165,300,0,0,0,0.0667,0.0667,0.0667,0,0,0,397,161,260
2023-03-23 18:00:00,0,0,0,373,160,316,0,0,0,0.0611,0.0556,0.0611,0,0,0,395,149,261
2023-03-23 18:02:00,0,0,0,384,168,311,0,0,0,0.0611,0.0611,0.0611,0,0,0,405,168,261
2023-03-23 18:04:00,0,0,0,445,223,300,0,0,0,0.0667,0.0722,0.0667,0,0,0,480,221,262
2023-03-23 18:06:00,0,0,0,376,193,303,0,0,0,0.0667,0.0722,0.0667,0,0,0,394,184,262
2023-03-23 18:08:00,0,0,0,484,183,314,0,0,0,0.0667,0.0667,0.0667,0,0,0,469,174,274
2023-03-23 18:10:00,0,0,0,364,154,301,0,0,0,0.0667,0.0667,0.0667,0,0,0,389,149,260
2023-03-23 18:12:00,0,0,0,436,199,387,0,0,0,0.0667,0.0667,0.0667,0,0,0,503,172,320
2023-03-23 18:14:00,0,0,0,565,371,336,0,0,0,0.0667,0.0667,0.0667,0,0,0,624,364,283
2023-03-23 18:16:00,0,0,0,687,400,319,0,0,0,0.0722,0.0667,0.0667,0,0,0,749,396,269
2023-03-23 18:18:00,0,0,0,424,162,316,0,0,0,0.0722,0.0667,0.0667,0,0,0,446,149,264
2023-03-23 18:20:00,0,0,0,374,163,321,0,0,0,0.0667,0.0667,0.0667,0,0,0,403,159,266
2023-03-23 18:22:00,0,0,0,377,156,321,0,0,0,0.0667,0.0667,0.0722,0,0,0,413,151,271
2023-03-23 18:24:00,0,0,0,367,152,291,0,0,0,0.0667,0.0722,0.0667,0,0,0,394,158,255
2023-03-23 18:26:00,0,0,0,444,227,299,0,0,0,0.0667,0.0722,0.0667,0,0,0,475,220,258
2023-03-23 18:28:00,0,0,0,441,169,310,0,0,0,0.0667,0.0667,0.0667,0,0,0,474,165,268
2023-03-23 18:30:00,0,0,0,360,149,290,0,0,0,0.0667,0.0667,0.0667,0,0,0,386,148,253
2023-03-23 18:32:00,0,0,0,370,152,306,0,0,0,0.0667,0.0667,0.0667,0,0,0,396,148,258
2023-03-23 18:34:00,0,0,0,363,149,287,0,0,0,0.0667,0.0667,0.0667,0,0,0,395,157,252
2023-03-23 18:36:00,0,0,0,448,225,309,0,0,0,0.0722,0.0667,0.0667,0,0,0,481,219,264
2023-03-23 18:38:00,0,0,0,465,217,309,0,0,0,0.0722,0.0667,0.0667,0,0,0,499,204,265
2023-03-23 18:40:00,0,0,0,366,161,297,0,0,0,0.0667,0.0667,0.0667,0,0,0,396,149,250
2023-03-23 18:42:00,0,0,0,371,160,293,0,0,0,0.0667,0.0667,0.0722,0,0,0,392,156,252
2023-03-23 18:44:00,0,0,0,387,168,312,0,0,0,0.0667,0.0667,0.0667,0,0,0,396,150,255
2023-03-23 18:46:00,0,0,0,458,232,319,0,0,0,0.0667,0.0667,0.0667,0,0,0,479,219,266
2023-03-23 18:48:00,0,0,0,472,250,311,0,0,0,0.0556,0.0556,0.0556,0,0,0,487,228,264
2023-03-23 18:50:00,0,0,0,410,185,356,0,0,0,0.0667,0.0667,0.0667,0,0,0,427,155,279
2023-03-23 18:52:00,0,0,0,383,170,306,0,0,0,0.0722,0.0667,0.0667,0,0,0,397,159,256
2023-03-23 18:54:00,0,0,0,398,172,326,0,0,0,0.0667,0.0667,0.0667,0,0,0,402,151,263
2023-03-23 18:56:00,0,0,0,444,237,322,0,0,0,0.0667,0.0667,0.0667,0,0,0,461,229,261
2023-03-23 18:58:00,0,0,0,468,236,321,0,0,0,0.0667,0.0667,0.0722,0,0,0,497,220,268
2023-03-23 19:00:00,0,0,0,375,164,310,0,0,0,0.0667,0.0667,0.0667,0,0,0,390,153,255
2023-03-23 19:02:00,0,0,0,380,160,303,0,0,0,0.0667,0.0722,0.0667,0,0,0,396,149,256
2023-03-23 19:04:00,0,0,0,387,168,322,0,0,0,0.0667,0.0667,0.0667,0,0,0,395,146,259
2023-03-23 19:06:00,0,0,0,404,238,311,0,0,0,0.0667,0.0667,0.0667,0,0,0,415,229,253
2023-03-23 19:08:00,0,0,0,471,246,347,0,0,0,0.0667,0.0667,0.0667,0,0,0,509,220,282
2023-03-23 19:10:00,0,0,0,382,174,311,0,0,0,0.0667,0.0667,0.0667,0,0,0,387,154,252
2023-03-23 19:12:00,0,0,0,387,183,318,0,0,0,0.0611,0.0556,0.0611,0,0,0,393,150,254
2023-03-23 19:14:00,0,0,0,437,224,357,0,0,0,0.0611,0.0556,0.0611,0,0,0,397,160,252
2023-03-23 19:16:00,0,0,0,432,263,363,0,0,0,0.0667,0.0667,0.0667,0,0,0,388,191,256
2023-03-23 19:18:00,0,0,0,545,319,393,0,0,0,0.0667,0.0722,0.0667,0,0,0,491,223,265
2023-03-23 19:20:00,0,0,0,463,265,392,0,0,0,0.0667,0.0722,0.0667,0,0,0,391,146,254
2023-03-23 19:22:00,0,0,0,497,284,434,0,0,0,0.0667,0.0667,0.0667,0,0,0,391,148,256
2023-03-23 19:24:00,0,0,0,498,298,420,0,0,0,0.0667,0.0667,0.0667,0,0,0,394,152,252
2023-03-23 19:26:00,0,0,0,523,330,460,0,0,0,0.0667,0.0667,0.0667,0,0,0,385,166,257
2023-03-23 19:28:00,0,0,0,597,376,440,0,0,0,0.0611,0.0556,0.0556,0,0,0,496,235,264
2023-03-23 19:30:00,0,0,0,504,318,437,0,0,0,0.0611,0.0667,0.0556,0,0,0,401,151,260
2023-03-23 19:32:00,0,0,0,516,294,443,0,0,0,0.0667,0.0667,0.0722,0,0,0,391,159,254
2023-03-23 19:34:00,0,0,0,491,272,431,0,0,0,0.0667,0.0667,0.0667,0,0,0,411,150,268
2023-03-23 19:36:00,0,0,0,515,302,456,0,0,0,0.0667,0.0722,0.0667,0,0,0,406,153,268
2023-03-23 19:38:00,0,0,0,623,393,473,0,0,0,0.0667,0.0722,0.0667,0,0,0,491,222,265
2023-03-23 19:40:00,0,0,0,511,301,462,0,0,0,0.0667,0.0667,0.0667,0,0,0,397,148,262
2023-03-23 19:42:00,0,0,0,546,326,471,0,0,0,0.0667,0.0667,0.0667,0,0,0,402,157,258
2023-03-23 19:44:00,0,0,0,510,291,444,0,0,0,0.0667,0.0667,0.0667,0,0,0,396,147,261
2023-03-23 19:46:00,0,0,0,504,300,433,0,0,0,0.0667,0.0667,0.0667,0,0,0,386,158,254
2023-03-23 19:48:00,0,0,0,601,382,452,0,0,0,0.0667,0.0667,0.0667,0,0,0,486,222,261
2023-03-23 19:50:00,0,0,0,519,268,417,0,0,0,0.0722,0.0667,0.0667,0,0,0,429,158,255
2023-03-23 19:52:00,0,0,0,484,261,431,0,0,0,0.0722,0.0667,0.0667,0,0,0,417,149,269
2023-03-23 19:54:00,0,0,0,519,297,475,0,0,0,0.0667,0.0667,0.0667,0,0,0,423,148,274
2023-03-23 19:56:00,0,0,0,530,312,461,0,0,0,0.0667,0.0667,0.0667,0,0,0,385,146,255
2023-03-23 19:58:00,0,0,0,572,327,430,0,0,0,0.0500,0.0500,0.0556,0,0,0,486,221,265
2023-03-23 20:00:00,0,0,0,535,257,403,0,0,0,0.0556,0.0556,0.0556,0,0,0,458,168,255
2023-03-23 20:02:00,0,0,0,439,203,375,0,0,0,0.0667,0.0667,0.0667,0,0,0,394,148,261
2023-03-23 20:04:00,0,0,0,426,213,348,0,0,0,0.0667,0.0667,0.0667,0,0,0,397,159,258
2023-03-23 20:06:00,0,0,0,422,205,353,0,0,0,0.0722,0.0667,0.0667,0,0,0,389,149,257
2023-03-23 20:08:00,0,0,0,500,271,343,0,0,0,0.0555,0.0611,0.0611,0,0,0,487,230,262
2023-03-23 20:10:00,0,0,0,501,267,350,0,0,0,0.0667,0.0722,0.0667,0,0,0,487,188,258
2023-03-23 20:12:00,0,0,0,494,294,420,0,0,0,0.0667,0.0667,0.0667,0,0,0,394,149,260
2023-03-23 20:14:00,0,0,0,536,309,454,0,0,0,0.0667,0.0667,0.0667,0,0,0,398,149,255
2023-03-23 20:16:00,0,0,0,509,280,441,0,0,0,0.0667,0.0667,0.0667,0,0,0,392,145,262
2023-03-23 20:18:00,0,0,0,541,295,390,0,0,0,0.0667,0.0667,0.0667,0,0,0,497,230,265
2023-03-23 20:20:00,0,0,0,532,287,415,0,0,0,0.0667,0.0667,0.0667,0,0,0,506,206,274
2023-03-23 20:22:00,0,0,0,447,228,392,0,0,0,0.0722,0.0667,0.0667,0,0,0,409,158,263
2023-03-23 20:24:00,0,0,0,461,239,384,0,0,0,0.0722,0.0667,0.0667,0,0,0,400,151,256
2023-03-23 20:26:00,0,0,0,463,237,401,0,0,0,0.0667,0.0667,0.0667,0,0,0,393,149,263
2023-03-23 20:28:00,0,0,0,527,316,384,0,0,0,0.0667,0.0667,0.0722,0,0,0,467,221,260
2023-03-23 20:30:00,0,0,0,529,294,396,0,0,0,0.0667,0.0667,0.0667,0,0,0,487,219,264
2023-03-23 20:32:00,0,0,0,436,232,370,0,0,0,0.0667,0.0722,0.0667,0,0,0,397,156,257
2023-03-23 20:34:00,0,0,0,456,236,392,0,0,0,0.0667,0.0667,0.0667,0,0,0,395,146,259
2023-03-23 20:36:00,0,0,0,443,236,370,0,0,0,0.0667,0.0667,0.0667,0,0,0,389,157,256
2023-03-23 20:38:00,0,0,0,488,300,382,0,0,0,0.0667,0.0667,0.0667,0,0,0,439,221,261
2023-03-23 20:40:00,0,0,0,538,318,407,0,0,0,0.0667,0.0667,0.0667,0,0,0,497,233,268
2023-03-23 20:42:00,0,0,0,462,245,400,0,0,0,0.0667,0.0667,0.0667,0,0,0,417,153,267
2023-03-23 20:44:00,0,0,0,443,231,374,0,0,0,0.0722,0.0667,0.0667,0,0,0,396,149,259
2023-03-23 20:46:00,0,0,0,440,230,368,0,0,0,0.0722,0.0667,0.0667,0,0,0,390,151,256
2023-03-23 20:48:00,0,0,0,465,293,385,0,0,0,0.0667,0.0667,0.0667,0,0,0,411,209,264
2023-03-23 20:50:00,0,0,0,523,300,374,0,0,0,0.0556,0.0611,0.0611,0,0,0,484,232,258
2023-03-23 20:52:00,0,0,0,437,227,370,0,0,0,0.0556,0.0611,0.0611,0,0,0,392,146,257
2023-03-23 20:54:00,0,0,0,456,236,374,0,0,0,0.0667,0.0667,0.0667,0,0,0,395,157,251
2023-03-23 20:56:00,0,0,0,446,230,381,0,0,0,0.0667,0.0667,0.0667,0,0,0,391,146,256
2023-03-23 20:58:00,0,0,0,452,269,380,0,0,0,0.0667,0.0667,0.0667,0,0,0,393,187,255
2023-03-23 21:00:00,0,0,0,529,312,384,0,0,0,0.0722,0.0667,0.0667,0,0,0,479,222,256
2023-03-23 21:02:00,0,0,0,453,238,385,0,0,0,0.0722,0.0667,0.0667,0,0,0,395,146,255
2023-03-23 21:04:00,0,0,0,447,226,361,0,0,0,0.0667,0.0667,0.0667,0,0,0,412,152,253
2023-03-23 21:06:00,0,0,0,446,219,395,0,0,0,0.0667,0.0667,0.0722,0,0,0,416,148,280
2023-03-23 21:08:00,0,0,0,447,229,369,0,0,0,0.0667,0.0667,0.0667,0,0,0,399,163,262
2023-03-23 21:10:00,0,0,0,516,288,381,0,0,0,0.0667,0.0722,0.0667,0,0,0,479,217,261
2023-03-23 21:12:00,0,0,0,440,228,363,0,0,0,0.0667,0.0667,0.0667,0,0,0,396,157,252
2023-03-23 21:14:00,0,0,0,443,224,372,0,0,0,0.0667,0.0667,0.0667,0,0,0,396,147,253
2023-03-23 21:16:00,0,0,0,429,215,361,0,0,0,0.0667,0.0667,0.0667,0,0,0,389,158,253
2023-03-23 21:18:00,0,0,0,436,212,368,0,0,0,0.0667,0.0667,0.0667,0,0,0,414,147,262
2023-03-23 21:20:00,0,0,0,617,436,385,0,0,0,0.0667,0.0667,0.0667,0,0,0,606,362,263
2023-03-23 21:22:00,0,0,0,754,460,372,0,0,0,0.0667,0.0667,0.0667,0,0,0,751,388,267
2023-03-23 21:24:00,0,0,0,486,233,374,0,0,0,0.0722,0.0667,0.0667,0,0,0,447,150,261
2023-03-23 21:26:00,0,0,0,448,237,372,0,0,0,0.0722,0.0667,0.0667,0,0,0,400,162,254
2023-03-23 21:28:00,0,0,0,447,228,400,0,0,0,0.0667,0.0667,0.0667,0,0,0,409,147,275
2023-03-23 21:30:00,0,0,0,439,227,385,0,0,0,0.0667,0.0667,0.0667,0,0,0,407,157,267
2023-03-23 21:32:00,0,0,0,523,299,374,0,0,0,0.0667,0.0667,0.0722,0,0,0,487,221,262
2023-03-23 21:34:00,0,0,0,526,260,377,0,0,0,0.0667,0.0667,0.0667,0,0,0,479,178,262
2023-03-23 21:36:00,0,0,0,438,231,368,0,0,0,0.0667,0.0722,0.0667,0,0,0,390,151,252
2023-03-23 21:38:00,0,0,0,447,229,385,0,0,0,0.0667,0.0667,0.0667,0,0,0,401,151,265
2023-03-23 21:40:00,0,0,0,443,227,373,0,0,0,0.0667,0.0667,0.0667,0,0,0,392,149,257
2023-03-23 21:42:00,0,0,0,517,286,377,0,0,0,0.0667,0.0667,0.0667,0,0,0,485,218,261
2023-03-23 21:44:00,0,0,0,512,260,355,0,0,0,0.0667,0.0667,0.0667,0,0,0,485,201,257
2023-03-23 21:46:00,0,0,0,448,231,382,0,0,0,0.0667,0.0667,0.0667,0,0,0,392,150,260
2023-03-23 21:48:00,0,0,0,448,225,372,0,0,0,0.0722,0.0667,0.0667,0,0,0,395,158,255
2023-03-23 21:50:00,0,0,0,431,225,360,0,0,0,0.0722,0.0667,0.0667,0,0,0,391,150,255
2023-03-23 21:52:00,0,0,0,529,296,394,0,0,0,0.0667,0.0667,0.0667,0,0,0,503,227,272
2023-03-23 21:54:00,0,0,0,521,291,363,0,0,0,0.0667,0.0667,0.0722,0,0,0,484,218,258
2023-03-23 21:56:00,0,0,0,428,218,367,0,0,0,0.0667,0.0667,0.0667,0,0,0,392,151,261
2023-03-23 21:58:00,0,0,0,441,229,362,0,0,0,0.0667,0.0722,0.0667,0,0,0,397,163,261
2023-03-23 22:00:00,0,0,0,437,211,385,0,0,0,0.0667,0.0556,0.0667,0,0,0,405,148,264
2023-03-23 22:02:00,0,0,0,489,291,363,0,0,0,0.0556,0.0556,0.0556,0,0,0,465,229,261
2023-03-23 22:04:00,0,0,0,519,288,364,0,0,0,0.0722,0.0667,0.0667,0,0,0,485,222,259
2023-03-23 22:06:00,0,0,0,433,220,360,0,0,0,0.0667,0.0667,0.0667,0,0,0,392,160,256
2023-03-23 22:08:00,0,0,0,451,226,376,0,0,0,0.0667,0.0667,0.0722,0,0,0,400,150,258
2023-03-23 22:10:00,0,0,0,435,224,366,0,0,0,0.0667,0.0667,0.0722,0,0,0,398,150,255
2023-03-23 22:12:00,0,0,0,475,301,370,0,0,0,0.0667,0.0722,0.0667,0,0,0,435,224,256
2023-03-23 22:14:00,0,0,0,530,292,404,0,0,0,0.0667,0.0722,0.0667,0,0,0,499,218,273
2023-03-23 22:16:00,0,0,0,438,223,365,0,0,0,0.0667,0.0667,0.0667,0,0,0,390,158,253
2023-03-23 22:18:00,0,0,0,395,160,330,0,0,0,0.0667,0.0667,0.0667,0,0,0,395,149,261
2023-03-23 22:20:00,0,0,0,371,168,298,0,0,0,0.0667,0.0667,0.0667,0,0,0,386,160,250
2023-03-23 22:22:00,0,0,0,380,210,305,0,0,0,0.0667,0.0667,0.0667,0,0,0,399,198,257
2023-03-23 22:24:00,0,0,0,465,238,307,0,0,0,0.0667,0.0667,0.0667,0,0,0,488,231,260
2023-03-23 22:26:00,0,0,0,376,164,305,0,0,0,0.0722,0.0667,0.0667,0,0,0,391,151,255
2023-03-23 22:28:00,0,0,0,382,162,319,0,0,0,0.0667,0.0667,0.0667,0,0,0,398,149,266
2023-03-23 22:30:00,0,0,0,373,167,303,0,0,0,0.0667,0.0667,0.0722,0,0,0,388,160,253
2023-03-23 22:32:00,0,0,0,379,184,314,0,0,0,0.0667,0.0667,0.0722,0,0,0,396,170,259
2023-03-23 22:34:00,0,0,0,458,235,302,0,0,0,0.0667,0.0722,0.0667,0,0,0,483,229,256
2023-03-23 22:36:00,0,0,0,370,159,307,0,0,0,0.0667,0.0722,0.0667,0,0,0,389,151,257
2023-03-23 22:38:00,0,0,0,374,158,300,0,0,0,0.0667,0.0667,0.0667,0,0,0,399,161,257
2023-03-23 22:40:00,0,0,0,364,155,301,0,0,0,0.0667,0.0667,0.0667,0,0,0,393,150,254
2023-03-23 22:42:00,0,0,0,380,155,335,0,0,0,0.0667,0.0667,0.0667,0,0,0,422,149,275
2023-03-23 22:44:00,0,0,0,452,223,297,0,0,0,0.0667,0.0667,0.0667,0,0,0,488,220,259
2023-03-23 22:46:00,0,0,0,369,158,311,0,0,0,0.0722,0.0667,0.0667,0,0,0,389,149,264
2023-03-23 22:48:00,0,0,0,371,160,299,0,0,0,0.0722,0.0667,0.0667,0,0,0,396,160,259
2023-03-23 22:50:00,0,0,0,361,152,302,0,0,0,0.0667,0.0667,0.0667,0,0,0,386,145,255
2023-03-23 22:52:00,0,0,0,371,159,295,0,0,0,0.0667,0.0667,0.0722,0,0,0,396,159,254
2023-03-23 22:54:00,0,0,0,458,230,314,0,0,0,0.0722,0.0722,0.0667,0,0,0,495,220,262
2023-03-23 22:56:00,0,0,0,417,165,318,0,0,0,0.0611,0.0611,0.0611,0,0,0,438,161,261
2023-03-23 22:58:00,0,0,0,373,159,297,0,0,0,0.0778,0.0778,0.0722,0,0,0,397,150,255
2023-03-23 23:00:00,0,0,0,364,153,303,0,0,0,0.0778,0.0778,0.0778,0,0,0,387,144,252
2023-03-23 23:02:00,0,0,0,375,166,300,0,0,0,0.0778,0.0778,0.0778,0,0,0,397,151,253
2023-03-23 23:04:00,0,0,0,461,232,316,0,0,0,0.0778,0.0778,0.0778,0,0,0,488,223,263
2023-03-23 23:06:00,0,0,0,435,164,302,0,0,0,0.0778,0.0778,0.0778,0,0,0,467,162,260
2023-03-23 23:08:00,0,0,0,389,155,337,0,0,0,0.0778,0.0778,0.0778,0,0,0,423,149,279
2023-03-23 23:10:00,0,0,0,370,156,314,0,0,0,0.0778,0.0778,0.0778,0,0,0,405,157,264
2023-03-23 23:12:00,0,0,0,372,159,298,0,0,0,0.0778,0.0778,0.0778,0,0,0,393,150,252
2023-03-23 23:14:00,0,0,0,487,313,296,0,0,0,0.0778,0.0833,0.0778,0,0,0,525,312,255
2023-03-23 23:16:00,0,0,0,738,454,310,0,0,0,0.0778,0.0778,0.0778,0,0,0,802,443,265
2023-03-23 23:18:00,0,0,0,496,208,315,0,0,0,0.0778,0.0778,0.0778,0,0,0,532,202,268
2023-03-23 23:20:00,0,0,0,359,149,287,0,0,0,0.0778,0.0778,0.0778,0,0,0,386,149,252
2023-03-23 23:22:00,0,0,0,372,153,305,0,0,0,0.0778,0.0778,0.0778,0,0,0,394,147,259
2023-03-23 23:24:00,0,0,0,382,160,318,0,0,0,0.0778,0.0778,0.0778,0,0,0,412,160,266
2023-03-23 23:26:00,0,0,0,452,231,328,0,0,0,0.0778,0.0778,0.0778,0,0,0,497,221,270
2023-03-23 23:28:00,0,0,0,454,230,300,0,0,0,0.0778,0.0778,0.0778,0,0,0,488,233,261
2023-03-23 23:30:00,0,0,0,361,148,297,0,0,0,0.0778,0.0778,0.0778,0,0,0,396,148,258
2023-03-23 23:32:00,0,0,0,375,156,313,0,0,0,0.0778,0.0778,0.0778,0,0,0,402,149,262
2023-03-23 23:34:00,0,0,0,372,147,294,0,0,0,0.0778,0.0778,0.0778,0,0,0,398,146,256
2023-03-23 23:36:00,0,0,0,401,224,300,0,0,0,0.0778,0.0833,0.0778,0,0,0,435,218,258
2023-03-23 23:38:00,0,0,0,456,231,304,0,0,0,0.0778,0.0778,0.0778,0,0,0,492,232,264
2023-03-23 23:40:00,0,0,0,362,152,301,0,0,0,0.0778,0.0778,0.0778,0,0,0,390,148,257
2023-03-23 23:42:00,0,0,0,371,161,294,0,0,0,0.0778,0.0778,0.0778,0,0,0,392,159,252
2023-03-23 23:44:00,0,0,0,372,151,300,0,0,0,0.0778,0.0778,0.0778,0,0,0,407,150,257
2023-03-23 23:46:00,0,0,0,387,218,288,0,0,0,0.0778,0.0778,0.0778,0,0,0,426,214,254
2023-03-23 23:48:00,0,0,0,458,230,328,0,0,0,0.0778,0.0778,0.0778,0,0,0,507,221,275
2023-03-23 23:50:00,0,0,0,357,149,301,0,0,0,0.0778,0.0778,0.0778,0,0,0,391,146,258
2023-03-23 23:52:00,0,0,0,360,158,293,0,0,0,0.0778,0.0778,0.0778,0,0,0,389,149,251
2023-03-23 23:54:00,0,0,0,376,154,310,0,0,0,0.0778,0.0778,0.0778,0,0,0,397,146,261
2023-03-23 23:56:00,0,0,0,358,189,289,0,0,0,0.0778,0.0778,0.0778,0,0,0,386,190,255
2023-03-23 23:58:00,0,0,0,456,238,305,0,0,0,0.0611,0.0667,0.0667,0,0,0,498,225,265
2023-03-24 00:00:00,0,0,0,374,173,297,0,0,0,0.0611,0.0667,0.0611,0,0,0,398,164,254
2023-03-24 00:02:00,0,0,0,381,163,310,0,0,0,0.0778,0.0778,0.0778,0,0,0,402,150,259
2023-03-24 00:04:00,0,0,0,386,160,321,0,0,0,0.0778,0.0778,0.0778,0,0,0,408,149,263
2023-03-24 00:06:00,0,0,0,371,173,304,0,0,0,0.0778,0.0778,0.0778,0,0,0,388,158,255
2023-03-24 00:08:00,0,0,0,461,226,319,0,0,0,0.0778,0.0778,0.0778,0,0,0,495,217,267
2023-03-24 00:10:00,0,0,0,362,155,292,0,0,0,0.0778,0.0778,0.0778,0,0,0,390,153,248
2023-03-24 00:12:00,0,0,0,370,155,308,0,0,0,0.0778,0.0778,0.0778,0,0,0,393,149,257
2023-03-24 00:14:00,0,0,0,373,160,294,0,0,0,0.0778,0.0778,0.0778,0,0,0,398,161,253
2023-03-24 00:16:00,0,0,0,372,154,319,0,0,0,0.0778,0.0778,0.0778,0,0,0,406,148,268
2023-03-24 00:18:00,0,0,0,457,230,308,0,0,0,0.0778,0.0778,0.0778,0,0,0,483,218,262
2023-03-24 00:20:00,0,0,0,385,158,299,0,0,0,0.0778,0.0778,0.0778,0,0,0,407,150,255
2023-03-24 00:22:00,0,0,0,372,156,305,0,0,0,0.0778,0.0778,0.0778,0,0,0,393,148,258
2023-03-24 00:24:00,0,0,0,376,158,298,0,0,0,0.0778,0.0778,0.0833,0,0,0,400,160,257
2023-03-24 00:26:00,0,0,0,366,151,303,0,0,0,0.0778,0.0778,0.0778,0,0,0,395,148,259
2023-03-24 00:28:00,0,0,0,456,231,306,0,0,0,0.0833,0.0778,0.0778,0,0,0,495,231,261
2023-03-24 00:30:00,0,0,0,412,151,294,0,0,0,0.0778,0.0778,0.0778,0,0,0,443,148,255
2023-03-24 00:32:00,0,0,0,375,163,299,0,0,0,0.0778,0.0778,0.0778,0,0,0,393,158,250
2023-03-24 00:34:00,0,0,0,377,155,299,0,0,0,0.0778,0.0778,0.0778,0,0,0,398,149,252
2023-03-24 00:36:00,0,0,0,366,153,304,0,0,0,0.0778,0.0778,0.0778,0,0,0,393,148,259
2023-03-24 00:38:00,0,0,0,456,228,307,0,0,0,0.0778,0.0778,0.0778,0,0,0,489,222,266
2023-03-24 00:40:00,0,0,0,433,174,298,0,0,0,0.0778,0.0778,0.0778,0,0,0,477,168,259
2023-03-24 00:42:00,0,0,0,375,163,309,0,0,0,0.0778,0.0778,0.0778,0,0,0,415,157,261
2023-03-24 00:44:00,0,0,0,375,152,322,0,0,0,0.0778,0.0778,0.0778,0,0,0,412,148,267
2023-03-24 00:46:00,0,0,0,368,163,295,0,0,0,0.0778,0.0778,0.0778,0,0,0,391,160,255
2023-03-24 00:48:00,0,0,0,461,230,309,0,0,0,0.0778,0.0778,0.0778,0,0,0,488,222,265
2023-03-24 00:50:00,0,0,0,453,204,302,0,0,0,0.0778,0.0778,0.0778,0,0,0,482,201,255
2023-03-24 00:52:00,0,0,0,376,159,308,0,0,0,0.0778,0.0778,0.0778,0,0,0,399,150,258
2023-03-24 00:54:00,0,0,0,380,155,317,0,0,0,0.0778,0.0778,0.0778,0,0,0,408,153,262
2023-03-24 00:56:00,0,0,0,364,158,295,0,0,0,0.0778,0.0778,0.0778,0,0,0,392,161,258
2023-03-24 00:58:00,0,0,0,455,227,311,0,0,0,0.0778,0.0778,0.0778,0,0,0,487,219,265
2023-03-24 01:00:00,0,0,0,454,230,303,0,0,0,0.0778,0.0778,0.0778,0,0,0,479,226,256
2023-03-24 01:02:00,0,0,0,370,161,296,0,0,0,0.0778,0.0778,0.0778,0,0,0,391,150,255
2023-03-24 01:04:00,0,0,0,384,172,306,0,0,0,0.0778,0.0778,0.0778,0,0,0,398,162,255
2023-03-24 01:06:00,0,0,0,379,165,307,0,0,0,0.0778,0.0778,0.0778,0,0,0,391,151,256
2023-03-24 01:08:00,0,0,0,438,234,322,0,0,0,0.0778,0.0778,0.0778,0,0,0,460,223,266
2023-03-24 01:10:00,0,0,0,461,228,328,0,0,0,0.0778,0.0778,0.0778,0,0,0,499,224,272
2023-03-24 01:12:00,0,0,0,371,157,301,0,0,0,0.0778,0.0778,0.0778,0,0,0,395,146,257
2023-03-24 01:14:00,0,0,0,376,159,295,0,0,0,0.0778,0.0778,0.0778,0,0,0,395,159,254
2023-03-24 01:16:00,0,0,0,371,155,309,0,0,0,0.0778,0.0778,0.0778,0,0,0,395,150,263
2023-03-24 01:18:00,0,0,0,406,232,304,0,0,0,0.0778,0.0778,0.0778,0,0,0,425,231,258
2023-03-24 01:20:00,0,0,0,453,229,305,0,0,0,0.0778,0.0778,0.0778,0,0,0,479,222,258
2023-03-24 01:22:00,0,0,0,379,156,304,0,0,0,0.0778,0.0778,0.0778,0,0,0,406,152,259
2023-03-24 01:24:00,0,0,0,387,169,308,0,0,0,0.0778,0.0778,0.0778,0,0,0,409,153,257
2023-03-24 01:26:00,0,0,0,376,163,314,0,0,0,0.0778,0.0778,0.0778,0,0,0,392,151,261
2023-03-24 01:28:00,0,0,0,378,208,303,0,0,0,0.0778,0.0778,0.0778,0,0,0,395,205,258
2023-03-24 01:30:00,0,0,0,450,227,311,0,0,0,0.0778,0.0778,0.0833,0,0,0,481,219,262
2023-03-24 01:32:00,0,0,0,370,157,295,0,0,0,0.0778,0.0778,0.0778,0,0,0,394,158,254
2023-03-24 01:34:00,0,0,0,378,158,300,0,0,0,0.0778,0.0778,0.0778,0,0,0,396,150,257
2023-03-24 01:36:00,0,0,0,367,157,295,0,0,0,0.0778,0.0778,0.0778,0,0,0,391,161,257
2023-03-24 01:38:00,0,0,0,382,173,324,0,0,0,0.0778,0.0778,0.0778,0,0,0,416,170,275
2023-03-24 01:40:00,0,0,0,457,228,332,0,0,0,0.0778,0.0778,0.0778,0,0,0,498,221,275
2023-03-24 01:42:00,0,0,0,368,150,290,0,0,0,0.0778,0.0778,0.0778,0,0,0,394,152,255
2023-03-24 01:44:00,0,0,0,370,151,301,0,0,0,0.0778,0.0778,0.0778,0,0,0,394,146,257
2023-03-24 01:46:00,0,0,0,364,154,290,0,0,0,0.0778,0.0778,0.0778,0,0,0,394,157,255
2023-03-24 01:48:00,0,0,0,374,155,320,0,0,0,0.0778,0.0778,0.0778,0,0,0,396,149,269
2023-03-24 01:50:00,0,0,0,454,234,312,0,0,0,0.0778,0.0778,0.0778,0,0,0,491,230,262
2023-03-24 01:52:00,0,0,0,375,154,302,0,0,0,0.0778,0.0778,0.0833,0,0,0,395,153,261
2023-03-24 01:54:00,0,0,0,376,158,293,0,0,0,0.0778,0.0778,0.0778,0,0,0,396,159,252
2023-03-24 01:56:00,0,0,0,366,156,295,0,0,0,0.0833,0.0778,0.0778,0,0,0,393,151,258
2023-03-24 01:58:00,0,0,0,380,159,312,0,0,0,0.0778,0.0778,0.0778,0,0,0,400,149,264
2023-03-24 02:00:00,0,0,0,445,231,301,0,0,0,0.0778,0.0778,0.0778,0,0,0,476,220,257
2023-03-24 02:02:00,0,0,0,407,157,309,0,0,0,0.0778,0.0778,0.0778,0,0,0,436,149,263
2023-03-24 02:04:00,0,0,0,378,160,298,0,0,0,0.0778,0.0778,0.0778,0,0,0,394,157,253
2023-03-24 02:06:00,0,0,0,373,154,328,0,0,0,0.0778,0.0778,0.0778,0,0,0,408,149,271
2023-03-24 02:08:00,0,0,0,387,159,328,0,0,0,0.0778,0.0778,0.0778,0,0,0,417,160,271
2023-03-24 02:10:00,0,0,0,452,232,302,0,0,0,0.0778,0.0778,0.0778,0,0,0,478,221,256
2023-03-24 02:12:00,0,0,0,441,173,299,0,0,0,0.0778,0.0778,0.0778,0,0,0,476,167,258
2023-03-24 02:14:00,0,0,0,380,164,296,0,0,0,0.0778,0.0778,0.0778,0,0,0,409,155,258
2023-03-24 02:16:00,0,0,0,365,152,308,0,0,0,0.0778,0.0778,0.0778,0,0,0,394,152,263
2023-03-24 02:18:00,0,0,0,372,159,295,0,0,0,0.0778,0.0778,0.0778,0,0,0,397,155,257
2023-03-24 02:20:00,0,0,0,450,226,317,0,0,0,0.0778,0.0778,0.0778,0,0,0,488,217,262
2023-03-24 02:22:00,0,0,0,457,188,324,0,0,0,0.0778,0.0778,0.0778,0,0,0,512,192,272
2023-03-24 02:24:00,0,0,0,380,152,329,0,0,0,0.0778,0.0778,0.0778,0,0,0,411,148,271
2023-03-24 02:26:00,0,0,0,376,158,302,0,0,0,0.0778,0.0778,0.0778,0,0,0,395,159,258
2023-03-24 02:28:00,0,0,0,378,156,306,0,0,0,0.0778,0.0778,0.0778,0,0,0,409,152,264
2023-03-24 02:30:00,0,0,0,449,228,303,0,0,0,0.0778,0.0778,0.0778,0,0,0,478,219,259
2023-03-24 02:32:00,0,0,0,455,214,300,0,0,0,0.0778,0.0778,0.0778,0,0,0,486,207,261
2023-03-24 02:34:00,0,0,0,369,152,306,0,0,0,0.0778,0.0778,0.0778,0,0,0,391,148,258
2023-03-24 02:36:00,0,0,0,373,168,300,0,0,0,0.0778,0.0778,0.0778,0,0,0,390,160,254
2023-03-24 02:38:00,0,0,0,376,153,309,0,0,0,0.0778,0.0778,0.0778,0,0,0,402,149,264
2023-03-24 02:40:00,0,0,0,420,224,286,0,0,0,0.0778,0.0778,0.0778,0,0,0,457,231,251
2023-03-24 02:42:00,0,0,0,457,225,324,0,0,0,0.0778,0.0778,0.0778,0,0,0,503,223,271
2023-03-24 02:44:00,0,0,0,365,153,291,0,0,0,0.0778,0.0778,0.0778,0,0,0,392,159,251
2023-03-24 02:46:00,0,0,0,369,152,296,0,0,0,0.0778,0.0778,0.0778,0,0,0,392,150,255
2023-03-24 02:48:00,0,0,0,371,151,305,0,0,0,0.0778,0.0778,0.0778,0,0,0,398,149,263
2023-03-24 02:50:00,0,0,0,401,227,296,0,0,0,0.0778,0.0778,0.0778,0,0,0,427,223,255
2023-03-24 02:52:00,0,0,0,460,226,318,0,0,0,0.0778,0.0778,0.0778,0,0,0,490,223,271
2023-03-24 02:54:00,0,0,0,368,153,292,0,0,0,0.0778,0.0778,0.0778,0,0,0,397,157,256
2023-03-24 02:56:00,0,0,0,367,156,304,0,0,0,0.0778,0.0778,0.0778,0,0,0,389,147,255
2023-03-24 02:58:00,0,0,0,377,155,301,0,0,0,0.0778,0.0778,0.0833,0,0,0,409,159,260
2023-03-24 03:00:00,0,0,0,375,209,299,0,0,0,0.0778,0.0778,0.0778,0,0,0,406,203,252
2023-03-24 03:02:00,0,0,0,460,240,306,0,0,0,0.0778,0.0778,0.0778,0,0,0,485,232,257
2023-03-24 03:04:00,0,0,0,375,155,300,0,0,0,0.0778,0.0778,0.0778,0,0,0,395,149,255
2023-03-24 03:06:00,0,0,0,371,153,326,0,0,0,0.0778,0.0778,0.0778,0,0,0,408,147,271
2023-03-24 03:08:00,0,0,0,381,155,323,0,0,0,0.0778,0.0778,0.0778,0,0,0,419,151,273
2023-03-24 03:10:00,0,0,0,359,180,299,0,0,0,0.0611,0.0611,0.0611,0,0,0,386,178,256
2023-03-24 03:12:00,0,0,0,451,239,297,0,0,0,0.0778,0.0778,0.0778,0,0,0,494,235,257
2023-03-24 03:14:00,0,0,0,375,155,308,0,0,0,0.0778,0.0778,0.0778,0,0,0,397,146,259
2023-03-24 03:16:00,0,0,0,365,153,294,0,0,0,0.0778,0.0778,0.0778,0,0,0,389,155,257
2023-03-24 03:18:00,0,0,0,373,157,302,0,0,0,0.0778,0.0778,0.0778,0,0,0,397,151,260
2023-03-24 03:20:00,0,0,0,367,172,297,0,0,0,0.0778,0.0778,0.0778,0,0,0,384,164,250
2023-03-24 03:22:00,0,0,0,455,232,304,0,0,0,0.0778,0.0778,0.0778,0,0,0,486,222,258
2023-03-24 03:24:00,0,0,0,376,155,303,0,0,0,0.0778,0.0778,0.0778,0,0,0,398,148,258
2023-03-24 03:26:00,0,0,0,361,153,288,0,0,0,0.0778,0.0778,0.0778,0,0,0,388,148,251
2023-03-24 03:28:00,0,0,0,370,151,303,0,0,0,0.0778,0.0778,0.0778,0,0,0,398,146,259
2023-03-24 03:30:00,0,0,0,366,155,309,0,0,0,0.0778,0.0778,0.0778,0,0,0,402,155,262
2023-03-24 03:32:00,0,0,0,462,230,347,0,0,0,0.0778,0.0778,0.0778,0,0,0,511,219,277
2023-03-24 03:34:00,0,0,0,393,154,295,0,0,0,0.0778,0.0778,0.0833,0,0,0,422,157,256
2023-03-24 03:36:00,0,0,0,367,158,299,0,0,0,0.0778,0.0778,0.0778,0,0,0,387,148,253
2023-03-24 03:38:00,0,0,0,376,153,299,0,0,0,0.0833,0.0778,0.0778,0,0,0,403,157,259
2023-03-24 03:40:00,0,0,0,363,153,296,0,0,0,0.0778,0.0778,0.0778,0,0,0,386,145,253
2023-03-24 03:42:00,0,0,0,449,225,310,0,0,0,0.0778,0.0778,0.0778,0,0,0,482,220,261
2023-03-24 03:44:00,0,0,0,423,155,296,0,0,0,0.0778,0.0778,0.0778,0,0,0,457,156,259
2023-03-24 03:46:00,0,0,0,372,157,306,0,0,0,0.0778,0.0778,0.0778,0,0,0,391,146,258
2023-03-24 03:48:00,0,0,0,374,159,296,0,0,0,0.0778,0.0778,0.0778,0,0,0,398,161,258
2023-03-24 03:50:00,0,0,0,361,150,303,0,0,0,0.0778,0.0778,0.0778,0,0,0,396,149,258
2023-03-24 03:52:00,0,0,0,451,231,300,0,0,0,0.0778,0.0778,0.0778,0,0,0,483,233,258
2023-03-24 03:54:00,0,0,0,447,175,298,0,0,0,0.0778,0.0778,0.0778,0,0,0,483,175,259
2023-03-24 03:56:00,0,0,0,361,150,300,0,0,0,0.0778,0.0778,0.0833,0,0,0,389,146,259
2023-03-24 03:58:00,0,0,0,379,169,298,0,0,0,0.0778,0.0778,0.0778,0,0,0,410,153,260
2023-03-24 04:00:00,0,0,0,376,165,331,0,0,0,0.0778,0.0778,0.0778,0,0,0,415,147,269
2023-03-24 04:02:00,0,0,0,431,208,306,0,0,0,0.0778,0.0778,0.0833,0,0,0,449,200,254
2023-03-24 04:04:00,0,0,0,423,174,309,0,0,0,0.0778,0.0778,0.0778,0,0,0,449,167,256
2023-03-24 04:06:00,0,0,0,399,216,298,0,0,0,0.0833,0.0778,0.0778,0,0,0,424,206,256
2023-03-24 04:08:00,0,0,0,520,191,317,0,0,0,0.0778,0.0778,0.0778,0,0,0,518,175,270
2023-03-24 04:10:00,0,0,0,375,170,299,0,0,0,0.0778,0.0778,0.0778,0,0,0,391,158,252
2023-03-24 04:12:00,0,0,0,455,221,408,0,0,0,0.0778,0.0778,0.0778,0,0,0,497,172,316
2023-03-24 04:14:00,0,0,0,428,161,385,0,0,0,0.0778,0.0778,0.0778,0,0,0,453,149,301
2023-03-24 04:16:00,0,0,0,460,236,312,0,0,0,0.0778,0.0778,0.0778,0,0,0,480,222,260
2023-03-24 04:18:00,0,0,0,469,198,320,0,0,0,0.0778,0.0778,0.0778,0,0,0,490,184,268
2023-03-24 04:20:00,0,0,0,373,166,300,0,0,0,0.0778,0.0778,0.0778,0,0,0,388,161,253
2023-03-24 04:22:00,0,0,0,380,163,314,0,0,0,0.0778,0.0778,0.0778,0,0,0,392,149,260
2023-03-24 04:24:00,0,0,0,382,157,303,0,0,0,0.0778,0.0778,0.0778,0,0,0,398,157,259
2023-03-24 04:26:00,0,0,0,448,222,306,0,0,0,0.0778,0.0778,0.0778,0,0,0,487,218,265
2023-03-24 04:28:00,0,0,0,463,211,327,0,0,0,0.0778,0.0778,0.0778,0,0,0,515,216,278
2023-03-24 04:30:00,0,0,0,367,152,303,0,0,0,0.0778,0.0778,0.0778,0,0,0,397,149,260
2023-03-24 04:32:00,0,0,0,371,152,309,0,0,0,0.0778,0.0778,0.0778,0,0,0,392,147,261
2023-03-24 04:34:00,0,0,0,377,157,299,0,0,0,0.0778,0.0778,0.0778,0,0,0,399,152,257
2023-03-24 04:36:00,0,0,0,437,230,313,0,0,0,0.0778,0.0778,0.0833,0,0,0,463,216,260
2023-03-24 04:38:00,0,0,0,457,229,304,0,0,0,0.0778,0.0778,0.0778,0,0,0,490,231,264
2023-03-24 04:40:00,0,0,0,375,166,307,0,0,0,0.0833,0.0778,0.0778,0,0,0,401,154,261
2023-03-24 04:42:00,0,0,0,376,162,298,0,0,0,0.0778,0.0778,0.0778,0,0,0,391,160,255
2023-03-24 04:44:00,0,0,0,370,153,297,0,0,0,0.0778,0.0778,0.0778,0,0,0,394,150,256
2023-03-24 04:46:00,0,0,0,408,231,295,0,0,0,0.0778,0.0778,0.0778,0,0,0,433,227,255
2023-03-24 04:48:00,0,0,0,453,228,302,0,0,0,0.0778,0.0778,0.0778,0,0,0,483,224,262
2023-03-24 04:50:00,0,0,0,368,154,305,0,0,0,0.0778,0.0778,0.0778,0,0,0,389,149,260
2023-03-24 04:52:00,0,0,0,373,154,298,0,0,0,0.0778,0.0833,0.0778,0,0,0,391,148,256
2023-03-24 04:54:00,0,0,0,375,153,305,0,0,0,0.0778,0.0778,0.0778,0,0,0,398,147,260
2023-03-24 04:56:00,0,0,0,386,216,317,0,0,0,0.0778,0.0778,0.0778,0,0,0,419,213,268
2023-03-24 04:58:00,0,0,0,458,230,335,0,0,0,0.0778,0.0778,0.0778,0,0,0,499,222,280
2023-03-24 05:00:00,0,0,0,367,159,296,0,0,0,0.0778,0.0778,0.0778,0,0,0,389,158,255
2023-03-24 05:02:00,0,0,0,372,156,299,0,0,0,0.0778,0.0778,0.0778,0,0,0,389,148,254
2023-03-24 05:04:00,0,0,0,377,156,295,0,0,0,0.0778,0.0778,0.0778,0,0,0,398,159,255
2023-03-24 05:06:00,0,0,0,374,195,303,0,0,0,0.0778,0.0778,0.0778,0,0,0,391,181,258
2023-03-24 05:08:00,0,0,0,622,433,319,0,0,0,0.0778,0.0778,0.0778,0,0,0,672,421,268
2023-03-24 05:10:00,0,0,0,628,350,307,0,0,0,0.0778,0.0778,0.0778,0,0,0,687,335,262
2023-03-24 05:12:00,0,0,0,371,159,305,0,0,0,0.0778,0.0778,0.0778,0,0,0,400,148,259
2023-03-24 05:14:00,0,0,0,381,155,316,0,0,0,0.0778,0.0778,0.0778,0,0,0,420,157,269
2023-03-24 05:16:00,0,0,0,383,159,346,0,0,0,0.0778,0.0778,0.0778,0,0,0,418,148,280
2023-03-24 05:18:00,0,0,0,374,161,299,0,0,0,0.0778,0.0778,0.0778,0,0,0,394,159,256
2023-03-24 05:20:00,0,0,0,452,231,303,0,0,0,0.0778,0.0778,0.0778,0,0,0,480,224,258
2023-03-24 05:22:00,0,0,0,386,154,297,0,0,0,0.0778,0.0778,0.0778,0,0,0,410,157,259
2023-03-24 05:24:00,0,0,0,374,158,306,0,0,0,0.0778,0.0778,0.0778,0,0,0,398,149,258
2023-03-24 05:26:00,0,0,0,362,150,304,0,0,0,0.0778,0.0778,0.0778,0,0,0,394,148,262
2023-03-24 05:28:00,0,0,0,371,153,295,0,0,0,0.0778,0.0778,0.0778,0,0,0,393,150,257
2023-03-24 05:30:00,0,0,0,441,219,301,0,0,0,0.0778,0.0778,0.0778,0,0,0,479,219,260
2023-03-24 05:32:00,0,0,0,408,147,293,0,0,0,0.0778,0.0778,0.0778,0,0,0,442,151,258
2023-03-24 05:34:00,0,0,0,366,153,300,0,0,0,0.0778,0.0778,0.0778,0,0,0,391,146,255
2023-03-24 05:36:00,0,0,0,375,160,320,0,0,0,0.0778,0.0778,0.0778,0,0,0,403,155,266
2023-03-24 05:38:00,0,0,0,374,151,314,0,0,0,0.0778,0.0778,0.0778,0,0,0,397,147,266
2023-03-24 05:40:00,0,0,0,445,230,297,0,0,0,0.0778,0.0778,0.0778,0,0,0,476,230,255
2023-03-24 05:42:00,0,0,0,441,173,301,0,0,0,0.0778,0.0778,0.0778,0,0,0,470,167,259
2023-03-24 05:44:00,0,0,0,369,152,293,0,0,0,0.0778,0.0778,0.0778,0,0,0,393,154,256
2023-03-24 05:46:00,0,0,0,369,153,302,0,0,0,0.0778,0.0778,0.0778,0,0,0,397,151,260
2023-03-24 05:48:00,0,0,0,372,148,311,0,0,0,0.0778,0.0778,0.0778,0,0,0,403,148,265
2023-03-24 05:50:00,0,0,0,444,232,299,0,0,0,0.0778,0.0778,0.0778,0,0,0,479,221,257
2023-03-24 05:52:00,0,0,0,451,205,311,0,0,0,0.0778,0.0778,0.0778,0,0,0,489,191,264
2023-03-24 05:54:00,0,0,0,359,149,286,0,0,0,0.0611,0.0611,0.0611,0,0,0,389,153,251
2023-03-24 05:56:00,0,0,0,359,151,303,0,0,0,0.0667,0.0667,0.0611,0,0,0,388,146,258
2023-03-24 05:58:00,0,0,0,357,157,286,0,0,0,0.0778,0.0778,0.0778,0,0,0,390,157,253
2023-03-24 06:00:00,0,0,0,472,253,344,0,0,0,0.0778,0.0778,0.0778,0,0,0,494,217,270
2023-03-24 06:02:00,0,0,0,502,275,366,0,0,0,0.0778,0.0778,0.0778,0,0,0,504,227,276
2023-03-24 06:04:00,0,0,0,419,206,346,0,0,0,0.0778,0.0778,0.0778,0,0,0,391,147,257
2023-03-24 06:06:00,0,0,0,427,214,353,0,0,0,0.0778,0.0778,0.0778,0,0,0,392,154,258
2023-03-24 06:08:00,0,0,0,422,198,358,0,0,0,0.0778,0.0778,0.0778,0,0,0,402,148,264
2023-03-24 06:10:00,0,0,0,457,264,351,0,0,0,0.0778,0.0778,0.0778,0,0,0,448,218,258
2023-03-24 06:12:00,0,0,0,485,258,335,0,0,0,0.0778,0.0778,0.0778,0,0,0,482,221,260
2023-03-24 06:14:00,0,0,0,402,187,337,0,0,0,0.0778,0.0778,0.0778,0,0,0,390,146,258
2023-03-24 06:16:00,0,0,0,402,195,332,0,0,0,0.0778,0.0778,0.0778,0,0,0,387,156,254
2023-03-24 06:18:00,0,0,0,408,189,343,0,0,0,0.0778,0.0778,0.0778,0,0,0,394,145,263
2023-03-24 06:20:00,0,0,0,451,287,370,0,0,0,0.0778,0.0778,0.0778,0,0,0,430,228,263
2023-03-24 06:22:00,0,0,0,516,280,372,0,0,0,0.0778,0.0778,0.0778,0,0,0,492,219,263
2023-03-24 06:24:00,0,0,0,414,201,337,0,0,0,0.0778,0.0778,0.0833,0,0,0,392,157,253
2023-03-24 06:26:00,0,0,0,406,198,336,0,0,0,0.0778,0.0778,0.0778,0,0,0,392,149,258
2023-03-24 06:28:00,0,0,0,414,199,339,0,0,0,0.0833,0.0778,0.0778,0,0,0,397,154,257
2023-03-24 06:30:00,0,0,0,423,211,350,0,0,0,0.0778,0.0778,0.0778,0,0,0,384,148,252
2023-03-24 06:32:00,0,0,0,420,204,355,0,0,0,0.0778,0.0778,0.0778,0,0,0,392,149,261
2023-03-24 06:34:00,0,0,0,407,191,330,0,0,0,0.0778,0.0778,0.0778,0,0,0,393,149,257
2023-03-24 06:36:00,0,0,0,412,195,352,0,0,0,0.0778,0.0778,0.0778,0,0,0,390,148,262
2023-03-24 06:38:00,0,0,0,409,188,335,0,0,0,0.0778,0.0778,0.0778,0,0,0,398,160,261
2023-03-24 06:40:00,0,0,0,385,174,324,0,0,0,0.0778,0.0833,0.0778,0,0,0,382,148,257
2023-03-24 06:42:00,0,0,0,398,180,322,0,0,0,0.0778,0.0778,0.0778,0,0,0,393,159,256
2023-03-24 06:44:00,0,0,0,388,160,320,0,0,0,0.0778,0.0778,0.0778,0,0,0,398,147,259
2023-03-24 06:46:00,0,0,0,371,154,318,0,0,0,0.0778,0.0778,0.0778,0,0,0,406,158,271
2023-03-24 06:48:00,0,0,0,376,164,298,0,0,0,0.0778,0.0778,0.0778,0,0,0,403,153,259
2023-03-24 06:50:00,0,0,0,363,151,294,0,0,0,0.0833,0.0778,0.0778,0,0,0,393,146,254
2023-03-24 06:52:00,0,0,0,366,148,293,0,0,0,0.0778,0.0778,0.0778,0,0,0,391,147,256
2023-03-24 06:54:00,0,0,0,366,144,300,0,0,0,0.0778,0.0778,0.0778,0,0,0,391,147,261
2023-03-24 06:56:00,0,0,0,364,151,293,0,0,0,0.0778,0.0777,0.0778,0,0,0,389,154,257
2023-03-24 06:58:00,0,0,0,367,146,301,0,0,0,0.0778,0.0778,0.0778,0,0,0,395,148,264
2023-03-24 07:00:00,0,0,0,357,148,284,0,0,0,0.0778,0.0778,0.0778,0,0,0,385,155,252
2023-03-24 07:02:00,0,0,0,371,153,326,0,0,0,0.0778,0.0833,0.0778,0,0,0,408,149,271
2023-03-24 07:04:00,0,0,0,366,149,309,0,0,0,0.0778,0.0778,0.0778,0,0,0,407,157,264
2023-03-24 07:06:00,0,0,0,354,149,288,0,0,0,0.0778,0.0778,0.0778,0,0,0,383,150,252
2023-03-24 07:08:00,0,0,0,371,153,304,0,0,0,0.0778,0.0778,0.0833,0,0,0,407,158,261
2023-03-24 07:10:00,0,0,0,361,147,297,0,0,0,0.0778,0.0778,0.0778,0,0,0,395,146,256
2023-03-24 07:12:00,0,0,0,363,150,295,0,0,0,0.0833,0.0778,0.0778,0,0,0,391,148,258
2023-03-24 07:14:00,0,0,0,362,145,288,0,0,0,0.0778,0.0778,0.0778,0,0,0,390,147,251
2023-03-24 07:16:00,0,0,0,357,149,302,0,0,0,0.0778,0.0778,0.0778,0,0,0,384,146,258
2023-03-24 07:18:00,0,0,0,376,160,304,0,0,0,0.0778,0.0778,0.0778,0,0,0,413,152,263
2023-03-24 07:20:00,0,0,0,360,150,303,0,0,0,0.0778,0.0778,0.0778,0,0,0,400,145,260
2023-03-24 07:22:00,0,0,0,363,152,288,0,0,0,0.0778,0.0778,0.0778,0,0,0,391,155,251
2023-03-24 07:24:00,0,0,0,363,145,299,0,0,0,0.0778,0.0833,0.0778,0,0,0,391,146,256
2023-03-24 07:26:00,0,0,0,355,148,287,0,0,0,0.0778,0.0778,0.0778,0,0,0,384,156,252
2023-03-24 07:28:00,0,0,0,374,150,314,0,0,0,0.0778,0.0778,0.0778,0,0,0,413,151,271
2023-03-24 07:30:00,0,0,0,362,150,304,0,0,0,0.0778,0.0778,0.0833,0,0,0,400,155,261
2023-03-24 07:32:00,0,0,0,366,152,294,0,0,0,0.0778,0.0778,0.0778,0,0,0,391,149,255
2023-03-24 07:34:00,0,0,0,366,146,302,0,0,0,0.0833,0.0778,0.0778,0,0,0,392,146,258
2023-03-24 07:36:00,0,0,0,362,150,293,0,0,0,0.0778,0.0778,0.0778,0,0,0,386,148,253
2023-03-24 07:38:00,0,0,0,367,149,306,0,0,0,0.0778,0.0778,0.0778,0,0,0,397,150,265
2023-03-24 07:40:00,0,0,0,357,149,291,0,0,0,0.0833,0.0778,0.0778,0,0,0,389,157,253
2023-03-24 07:42:00,0,0,0,371,152,311,0,0,0,0.0778,0.0778,0.0778,0,0,0,401,148,261
2023-03-24 07:44:00,0,0,0,368,152,292,0,0,0,0.0778,0.0778,0.0778,0,0,0,391,155,252
2023-03-24 07:46:00,0,0,0,365,152,299,0,0,0,0.0778,0.0778,0.0778,0,0,0,388,148,256
2023-03-24 07:48:00,0,0,0,371,162,298,0,0,0,0.0778,0.0778,0.0778,0,0,0,397,161,259
2023-03-24 07:50:00,0,0,0,360,156,289,0,0,0,0.0778,0.0778,0.0778,0,0,0,391,149,251
2023-03-24 07:52:00,0,0,0,365,150,294,0,0,0,0.0778,0.0833,0.0778,0,0,0,390,147,257
2023-03-24 07:54:00,0,0,0,373,156,297,0,0,0,0.0778,0.0778,0.0778,0,0,0,394,150,255
2023-03-24 07:56:00,0,0,0,364,150,303,0,0,0,0.0778,0.0778,0.0778,0,0,0,387,148,259
2023-03-24 07:58:00,0,0,0,371,152,315,0,0,0,0.0778,0.0722,0.0833,0,0,0,412,155,269
2023-03-24 08:00:00,0,0,0,443,223,324,0,0,0,0.0722,0.0722,0.0722,0,0,0,486,217,268
2023-03-24 08:02:00,0,0,0,464,236,302,0,0,0,0.0667,0.0667,0.0667,0,0,0,491,230,257
2023-03-24 08:04:00,0,0,0,373,148,306,0,0,0,0.0667,0.0667,0.0667,0,0,0,393,146,258
2023-03-24 08:06:00,0,0,0,356,153,287,0,0,0,0.0667,0.0667,0.0667,0,0,0,391,159,251
2023-03-24 08:08:00,0,0,0,372,157,297,0,0,0,0.0667,0.0667,0.0667,0,0,0,406,153,257
2023-03-24 08:10:00,0,0,0,406,226,293,0,0,0,0.0667,0.0667,0.0667,0,0,0,433,226,249
2023-03-24 08:12:00,0,0,0,448,220,297,0,0,0,0.0722,0.0667,0.0667,0,0,0,481,220,256
2023-03-24 08:14:00,0,0,0,364,148,298,0,0,0,0.0667,0.0667,0.0667,0,0,0,393,148,256
2023-03-24 08:16:00,0,0,0,359,153,300,0,0,0,0.0667,0.0667,0.0722,0,0,0,395,146,251
2023-03-24 08:18:00,0,0,0,411,193,373,0,0,0,0.0611,0.0611,0.0667,0,0,0,422,149,272
2023-03-24 08:20:00,0,0,0,394,219,315,0,0,0,0.0556,0.0611,0.0556,0,0,0,402,211,250
2023-03-24 08:22:00,0,0,0,450,224,309,0,0,0,0.0667,0.0667,0.0667,0,0,0,481,218,260
2023-03-24 08:24:00,0,0,0,376,157,296,0,0,0,0.0667,0.0667,0.0667,0,0,0,398,157,254
2023-03-24 08:26:00,0,0,0,369,155,303,0,0,0,0.0722,0.0667,0.0667,0,0,0,386,147,254
2023-03-24 08:28:00,0,0,0,379,164,303,0,0,0,0.0722,0.0667,0.0667,0,0,0,396,161,256
2023-03-24 08:30:00,0,0,0,370,194,300,0,0,0,0.0667,0.0667,0.0667,0,0,0,387,180,252
2023-03-24 08:32:00,0,0,0,465,238,316,0,0,0,0.0667,0.0667,0.0722,0,0,0,491,225,258
2023-03-24 08:34:00,0,0,0,382,173,308,0,0,0,0.0667,0.0722,0.0667,0,0,0,400,157,255
2023-03-24 08:36:00,0,0,0,373,165,312,0,0,0,0.0667,0.0722,0.0667,0,0,0,386,147,257
2023-03-24 08:38:00,0,0,0,393,174,317,0,0,0,0.0667,0.0667,0.0667,0,0,0,410,155,260
2023-03-24 08:40:00,0,0,0,380,171,317,0,0,0,0.0667,0.0667,0.0667,0,0,0,387,156,256
2023-03-24 08:42:00,0,0,0,457,234,305,0,0,0,0.0667,0.0666,0.0667,0,0,0,483,224,256
2023-03-24 08:44:00,0,0,0,378,160,306,0,0,0,0.0667,0.0667,0.0667,0,0,0,399,148,258
2023-03-24 08:46:00,0,0,0,382,159,322,0,0,0,0.0722,0.0667,0.0667,0,0,0,409,156,268
2023-03-24 08:48:00,0,0,0,382,154,332,0,0,0,0.0722,0.0667,0.0667,0,0,0,411,149,274
2023-03-24 08:50:00,0,0,0,362,155,293,0,0,0,0.0667,0.0667,0.0667,0,0,0,385,158,249
2023-03-24 08:52:00,0,0,0,443,219,292,0,0,0,0.0667,0.0667,0.0722,0,0,0,481,220,257
2023-03-24 08:54:00,0,0,0,397,154,293,0,0,0,0.0667,0.0667,0.0667,0,0,0,424,152,256
2023-03-24 08:56:00,0,0,0,364,149,295,0,0,0,0.0667,0.0722,0.0667,0,0,0,391,147,253
2023-03-24 08:58:00,0,0,0,362,149,300,0,0,0,0.0667,0.0667,0.0667,0,0,0,394,148,258
2023-03-24 09:00:00,0,0,0,360,155,292,0,0,0,0.0667,0.0666,0.0667,0,0,0,391,148,252

