"Time","cattle-monitoring-system","cattle-system","cilium-monitoring","default","kube-system","longhorn-system","sock-shop"
2023-03-11 09:28:00,16140,43175,15549,0,0,0,8039
2023-03-11 09:32:00,17368,112928,15753,0,0,0,8732
2023-03-11 09:36:00,18197,113282,15897,0,69.5,0,8222
2023-03-11 09:40:00,16705,115887,16083,0,0,0,7964
2023-03-11 09:44:00,17610,68571,32383,0,70.0,0,8742
2023-03-11 09:48:00,16705,44988,15817,0,0,0,7971
2023-03-11 09:52:00,17693,111019,32334,0,0,0,8049
2023-03-11 09:56:00,16355,118048,15504,0,0,0,8006
2023-03-11 10:00:00,16741,111079,15948,0,0,0,7915
2023-03-11 10:04:00,18118,68186,15816,0,0,0,8341
2023-03-11 10:08:00,17083,45784,15679,0,0,0,7746
2023-03-11 10:12:00,16326,115249,15552,0,0,0,7808
2023-03-11 10:16:00,18309,112063,15821,0,0,0,8143
2023-03-11 10:20:00,16733,114027,33111,0,0,0,7757
2023-03-11 10:24:00,17292,69422,15744,0,0,0,8460
2023-03-11 10:28:00,16275,45015,15448,0,0,0,7644
2023-03-11 10:32:00,18349,112504,16034,0,0,0,7860
2023-03-11 10:36:00,17104,114855,15618,0,0,0,8562
2023-03-11 10:40:00,16999,112885,32835,0,0,0,8025
2023-03-11 10:44:00,17200,70666,15786,0,0,0,8596
2023-03-11 10:48:00,17036,44438,15564,0,0,0,7760
2023-03-11 10:52:00,16985,114742,15854,0,0,0,7930
2023-03-11 10:56:00,16597,110135,15646,0,0,0,8193
2023-03-11 11:00:00,17536,118494,16029,0,0,0,7798
2023-03-11 11:04:00,135790,70346,50049,0,0,0,8303
2023-03-11 11:08:00,16843,44508,16026,0,0,0,7789
2023-03-11 11:12:00,17592,110168,15664,0,0,0,7969
2023-03-11 11:16:00,16403,113930,15466,0,0,0,8229
2023-03-11 11:20:00,18057,114550,16034,0,0,0,7953
2023-03-11 11:24:00,17560,70815,15924,0,0,0,8192
2023-03-11 11:28:00,16872,42276,15514,0,0,0,7949
2023-03-11 11:32:00,17770,115824,33415,0,0,0,7757
2023-03-11 11:36:00,16435,114761,15784,0,0,0,8075
2023-03-11 11:40:00,18124,114293,15921,0,0,0,7914
2023-03-11 11:44:00,191248,70320,34067,0,0,0,7946
2023-03-11 11:48:00,17978,44816,15488,0,0,0,7960
2023-03-11 11:52:00,16485,115012,16201,0,0,0,7719
2023-03-11 11:56:00,18232,114909,15683,0,0,0,7965
2023-03-11 12:00:00,17156,108062,15864,0,0,0,7887
2023-03-11 12:04:00,254856,71349,34036,0,0,0,7987
2023-03-11 12:08:00,16888,43236,140480,0,0,0,8002
2023-03-11 12:12:00,17516,111174,15768,0,0,0,7718
2023-03-11 12:16:00,16307,117297,15980,0,0,0,8183
2023-03-11 12:20:00,18037,113953,16061,0,0,0,7961
2023-03-11 12:24:00,17107,69558,33503,0,0,0,8000
2023-03-11 12:28:00,17585,44030,15901,0,0,0,8294
2023-03-11 12:32:00,17318,114015,15897,0,0,0,7700
2023-03-11 12:36:00,16146,111250,15911,0,0,0,8176
2023-03-11 12:40:00,17156,113625,15652,0,0,0,7876
2023-03-11 12:44:00,17913,72807,15773,0,0,0,7644
2023-03-11 12:48:00,17552,41942,15688,0,0,0,8506
2023-03-11 12:52:00,16910,114659,15685,0,0,0,7585
2023-03-11 12:56:00,17368,113503,15679,0,0,0,8091
2023-03-11 13:00:00,16167,115167,15933,0,0,0,7982
2023-03-11 13:04:00,115896,69335,51392,0,0,0,7676
2023-03-11 13:08:00,17508,42841,15375,0,0,0,8337
2023-03-11 13:12:00,16085,111289,15775,0,0,0,7761
2023-03-11 13:16:00,18006,115187,15974,0,0,0,8006
2023-03-11 13:20:00,17402,116565,15650,0,0,0,7966
2023-03-11 13:24:00,16799,68111,15876,0,0,0,7747
2023-03-11 13:28:00,18397,44797,15730,0,0,0,8382
2023-03-11 13:32:00,17153,112660,33424,0,0,0,7649
2023-03-11 13:36:00,18200,115007,15875,0,0,0,8026
2023-03-11 13:40:00,17696,113975,15741,0,0,0,7999
2023-03-11 13:44:00,17597,54347,33216,0,0,0,7631
2023-03-11 13:48:00,17239,58244,15663,0,0,0,8444
2023-03-11 13:52:00,18147,116039,15956,0,0,0,7742
2023-03-11 13:56:00,17989,114648,15614,0,0,0,8052
2023-03-11 14:00:00,17578,114010,15848,0,0,0,7913
2023-03-11 14:04:00,286532,68540,154194,0,0,0,7606
2023-03-11 14:08:00,18047,44530,15962,0,0,0,8374
2023-03-11 14:12:00,17402,113406,15744,0,0,0,7657
2023-03-11 14:16:00,17527,115362,33843,0,0,0,7861
2023-03-11 14:20:00,17012,111956,15689,0,0,0,8004
2023-03-11 14:24:00,17113,69081,15944,0,0,0,7689
2023-03-11 14:28:00,18140,45083,15926,0,0,0,8369
2023-03-11 14:32:00,16676,112300,33289,0,0,0,7769
2023-03-11 14:36:00,17014,114099,15806,0,0,0,7980
2023-03-11 14:40:00,17532,113517,15832,0,0,0,7950
2023-03-11 14:44:00,17363,69986,15613,0,0,0,7851
2023-03-11 14:48:00,16266,43445,16135,0,0,0,8303
2023-03-11 14:52:00,18364,112866,15768,0,0,0,7726
2023-03-11 14:56:00,17340,115252,15711,0,0,0,7769
2023-03-11 15:00:00,15919,113254,15744,0,0,0,8113
2023-03-11 15:04:00,124218,68855,51865,0,0,0,7828
2023-03-11 15:08:00,18024,45222,15776,0,0,0,8276
2023-03-11 15:12:00,16280,114480,15490,0,0,0,7786
2023-03-11 15:16:00,17839,113168,15860,0,0,0,7848
2023-03-11 15:20:00,17255,112735,15803,0,0,0,7956
2023-03-11 15:24:00,17438,69103,15885,0,0,0,7843
2023-03-11 15:28:00,17056,43858,15882,0,0,0,8208
2023-03-11 15:32:00,17093,112520,33418,0,0,0,7732
2023-03-11 15:36:00,17409,113063,15829,0,0,0,7971
2023-03-11 15:40:00,17126,115936,15809,0,0,0,8239
2023-03-11 15:44:00,16288,69063,32982,0,0,0,7761
2023-03-11 15:48:00,18302,44500,15662,0,0,0,8275
2023-03-11 15:52:00,17163,115527,16034,0,0,0,7785
2023-03-11 15:56:00,16982,111694,15547,0,0,0,7580
2023-03-11 16:00:00,17052,114887,16024,0,0,0,8362
2023-03-11 16:04:00,250748,70076,161648,0,0,0,7791
2023-03-11 16:08:00,17265,44029,15920,0,0,0,8131
2023-03-11 16:12:00,17202,112719,15505,0,0,0,7770
2023-03-11 16:16:00,17514,111985,32776,0,0,0,7628
2023-03-11 16:20:00,17238,114118,16109,0,0,0,8165
2023-03-11 16:24:00,16803,69924,15730,0,0,0,7954
2023-03-11 16:28:00,17812,44733,15800,0,0,0,8248
2023-03-11 16:32:00,16215,114537,32879,0,0,0,7903
2023-03-11 16:36:00,18287,110921,15789,0,0,0,7650
2023-03-11 16:40:00,16686,116645,16060,0,0,0,8256
2023-03-11 16:44:00,16539,68936,15770,0,0,0,7802
2023-03-11 16:48:00,17921,43527,15802,0,0,0,8265
2023-03-11 16:52:00,17246,115088,15801,0,0,0,7799
2023-03-11 16:56:00,17651,116365,15732,0,0,0,7729
2023-03-11 17:00:00,16760,111633,15920,0,0,0,8188
2023-03-11 17:04:00,122393,69940,49118,0,0,0,7793
2023-03-11 17:08:00,17717,43500,16082,0,0,0,8135
2023-03-11 17:12:00,16248,115873,15575,0,0,0,7932
2023-03-11 17:16:00,18399,114176,15686,0,0,0,7669
2023-03-11 17:20:00,16624,112822,15830,0,0,0,8201
2023-03-11 17:24:00,17850,69044,16046,0,0,0,7824
2023-03-11 17:28:00,16712,43836,15495,0,0,0,8084
2023-03-11 17:32:00,17882,118499,34012,0,0,0,7833
2023-03-11 17:36:00,16814,112676,15987,0,0,0,7662
2023-03-11 17:40:00,17609,112790,15528,0,0,0,8221
2023-03-11 17:44:00,17276,68353,33248,0,0,0,7731
2023-03-11 17:48:00,16919,44630,15664,0,0,0,8089
2023-03-11 17:52:00,17880,114688,16163,0,0,0,7886
2023-03-11 17:56:00,17135,115445,15379,0,0,0,7764
2023-03-11 18:00:00,17079,113951,16231,0,0,0,8176
2023-03-11 18:04:00,656940,69008,397948,0,0,0,7821
2023-03-11 18:08:00,16718,44575,16027,0,0,0,8089
2023-03-11 18:12:00,18099,114668,15489,0,0,0,7868
2023-03-11 18:16:00,16755,112843,15891,0,0,0,7794
2023-03-11 18:20:00,17793,112294,32812,0,0,0,8233
2023-03-11 18:24:00,17166,69689,15735,0,0,0,7843
2023-03-11 18:28:00,17703,45361,15742,0,0,0,8017
2023-03-11 18:32:00,17579,111866,33650,0,0,0,7973
2023-03-11 18:36:00,16741,114176,15603,0,0,0,7715
2023-03-11 18:40:00,17394,116669,16046,0,0,0,8163
2023-03-11 18:44:00,17203,69663,15600,0,0,0,7801
2023-03-11 18:48:00,17222,42362,15635,0,0,0,7993
2023-03-11 18:52:00,17346,118021,15934,0,0,0,7958
2023-03-11 18:56:00,16628,115061,15874,0,0,0,7784
2023-03-11 19:00:00,18065,135302,15614,0,0,0,8137
2023-03-11 19:04:00,121235,111575,51407,0,0,0,7734
2023-03-11 19:08:00,17155,140,15746,0,0,0,7938
2023-03-11 19:12:00,17432,113666,15879,0,0,0,8143
2023-03-11 19:16:00,16897,115726,15576,0,0,0,7814
2023-03-11 19:20:00,17725,111547,15943,0,0,0,8068
2023-03-11 19:24:00,16737,114430,15666,0,0,0,7850
2023-03-11 19:28:00,17561,104,15906,0,0,0,7885
2023-03-11 19:32:00,17048,114650,32776,0,0,0,8116
2023-03-11 19:36:00,16403,112630,15738,0,0,0,7786
2023-03-11 19:40:00,17800,112496,15727,0,0,0,8169
2023-03-11 19:44:00,16067,114423,33712,0,0,0,7894
2023-03-11 19:48:00,17018,53.8,15816,0,0,0,7792
2023-03-11 19:52:00,15021,110476,15800,0,0,0,8262
2023-03-11 19:56:00,16378,115574,15866,0,0,0,7770
2023-03-11 20:00:00,15293,112419,15566,0,0,0,8072
2023-03-11 20:04:00,239303,117026,159117,0,0,0,7990
2023-03-11 20:08:00,18632,102,15814,0,0,0,7875
2023-03-11 20:12:00,17004,114152,15746,0,0,0,8119
2023-03-11 20:16:00,16567,115489,33380,0,0,0,7715
2023-03-11 20:20:00,17051,110937,15905,0,0,0,8357
2023-03-11 20:24:00,18095,112000,15699,0,0,0,7824
2023-03-11 20:28:00,16215,53.2,15888,0,0,0,7926
2023-03-11 20:32:00,17933,113987,33057,0,0,0,8194
2023-03-11 20:36:00,16627,114128,16044,0,0,0,7640
2023-03-11 20:40:00,17796,112712,15682,0,0,0,8053
2023-03-11 20:44:00,16670,99180,15721,0,0,0,8266
2023-03-11 20:48:00,17000,15545,15806,0,0,0,7741
2023-03-11 20:52:00,17908,112164,16055,0,0,0,8143
2023-03-11 20:56:00,17455,115453,15384,0,0,0,7768
2023-03-11 21:00:00,16530,112312,16010,0,0,0,8181
2023-03-11 21:04:00,120861,113291,50945,0,0,0,7806
2023-03-11 21:08:00,18049,105,15921,0,0,0,7996
2023-03-11 21:12:00,17529,109588,15473,0,0,0,8084
2023-03-11 21:16:00,15622,114610,16026,0,0,0,7768
2023-03-11 21:20:00,17672,116306,16000,0,0,0,8040
2023-03-11 21:24:00,17023,111258,15325,0,0,0,7919
2023-03-11 21:28:00,17487,105,16176,0,0,0,7984
2023-03-11 21:32:00,16841,111666,33220,0,0,0,7973
2023-03-11 21:36:00,17169,117302,15796,0,0,0,7851
2023-03-11 21:40:00,17844,111195,15985,0,0,0,7996
2023-03-11 21:44:00,17779,112879,32770,0,0,0,8031
2023-03-11 21:48:00,17314,105,16037,0,0,0,7771
2023-03-11 21:52:00,16745,112645,15808,0,0,0,8060
2023-03-11 21:56:00,17710,114574,15650,0,0,0,7811
2023-03-11 22:00:00,16345,115102,15976,0,0,0,7886
2023-03-11 22:04:00,237470,109958,152387,0,0,0,8188
2023-03-11 22:08:00,17070,106,16069,0,0,0,7846
2023-03-11 22:12:00,17159,111843,15996,0,0,0,7960
2023-03-11 22:16:00,17345,113993,33377,0,0,0,7854
2023-03-11 22:20:00,17466,115207,15899,0,0,0,7894
2023-03-11 22:24:00,17699,109330,15684,0,0,0,8057
2023-03-11 22:28:00,17102,53.8,15564,0,0,0,8010
2023-03-11 22:32:00,17425,115777,34088,0,0,0,8011
2023-03-11 22:36:00,17363,116993,15480,0,0,0,7730
2023-03-11 22:40:00,17310,109163,16035,0,0,0,7907
2023-03-11 22:44:00,17297,116003,15648,0,0,0,8165
2023-03-11 22:48:00,16393,150,15991,0,0,0,7872
2023-03-11 22:52:00,18165,113952,15808,0,0,0,8025
2023-03-11 22:56:00,16468,114922,15763,0,0,0,7771
2023-03-11 23:00:00,18294,112659,15737,0,0,0,7817
2023-03-11 23:04:00,124709,112956,51949,0,0,0,8252
2023-03-11 23:08:00,17954,103,15606,0,0,0,7814
2023-03-11 23:12:00,16758,116917,15970,0,0,0,7979
2023-03-11 23:16:00,18173,108561,15686,0,0,0,7698
2023-03-11 23:20:00,17212,114122,15959,0,0,0,8044
2023-03-11 23:24:00,17211,99704,15743,0,0,0,8130
2023-03-11 23:28:00,16953,15752,15612,0,0,0,7794
2023-03-11 23:32:00,17674,117046,32402,0,0,0,7915
2023-03-11 23:36:00,16142,112317,15850,0,0,0,7825
2023-03-11 23:40:00,17958,112729,15899,0,0,0,8046
2023-03-11 23:44:00,17436,115681,33580,0,0,0,8138
2023-03-11 23:48:00,17186,101,15639,0,0,0,7778
2023-03-11 23:52:00,17360,114499,16113,0,0,0,7955
2023-03-11 23:56:00,17279,113537,15699,0,0,0,7925
2023-03-12 00:00:00,17285,113355,15778,0,0,0,7824
2023-03-12 00:04:00,688296,113053,510345,0,0,0,8393
2023-03-12 00:08:00,16165,106,15869,0,0,0,7894
2023-03-12 00:12:00,17900,112684,15498,0,0,0,7790
2023-03-12 00:16:00,18143,112173,15935,0,0,0,7948
2023-03-12 00:20:00,17393,114931,15760,0,0,0,7914
2023-03-12 00:24:00,17292,98339,15979,0,0,0,8001
2023-03-12 00:28:00,17387,16034,15692,0,0,0,7932
2023-03-12 00:32:00,17501,111770,33644,0,0,0,7893
2023-03-12 00:36:00,16538,115096,15859,0,0,0,7958
2023-03-12 00:40:00,17231,112395,15763,0,0,0,7915
2023-03-12 00:44:00,17942,98226,15614,0,0,0,8031
2023-03-12 00:48:00,17117,15741,15748,0,0,0,7978
2023-03-12 00:52:00,17603,117092,15817,0,0,0,7663
2023-03-12 00:56:00,16942,110774,15995,0,0,0,7957
2023-03-12 01:00:00,17272,116143,15800,0,0,0,8060
2023-03-12 01:04:00,103624,113168,51427,0,0,0,7987
2023-03-12 01:08:00,17475,151,15831,0,0,0,7942
2023-03-12 01:12:00,17391,113316,15983,0,0,0,7736
2023-03-12 01:16:00,16984,114559,15626,0,0,0,8087
2023-03-12 01:20:00,17344,112402,15583,0,0,0,7894
2023-03-12 01:24:00,16431,100695,15739,0,0,0,7897
2023-03-12 01:28:00,17173,16050,15915,0,0,0,8148
2023-03-12 01:32:00,18182,117560,32868,0,0,0,7679
2023-03-12 01:36:00,16194,110044,15752,0,0,0,8022
2023-03-12 01:40:00,17576,112795,15975,0,0,0,7850
2023-03-12 01:44:00,17708,99147,34026,0,0,0,7865
2023-03-12 01:48:00,16542,15481,15705,0,0,0,8074
2023-03-12 01:52:00,18129,114488,15861,0,0,0,7910
2023-03-12 01:56:00,17334,113048,15765,0,0,0,7892
2023-03-12 02:00:00,17094,117271,15846,0,0,0,8032
2023-03-12 02:04:00,272987,111449,170813,0,0,0,7894
2023-03-12 02:08:00,17585,50.9,15764,0,0,0,7948
2023-03-12 02:12:00,17277,116876,16090,0,0,0,7782
2023-03-12 02:16:00,18175,110593,15592,0,0,0,8016
2023-03-12 02:20:00,16953,113298,15970,0,0,0,7931
2023-03-12 02:24:00,16507,116776,15674,0,0,0,8087
2023-03-12 02:28:00,18323,99.4,15976,0,0,0,7937
2023-03-12 02:32:00,16992,115777,33372,0,0,0,7736
2023-03-12 02:36:00,16967,118882,15507,0,0,0,8061
2023-03-12 02:40:00,17597,111707,16157,0,0,0,7934
2023-03-12 02:44:00,17623,113193,15674,0,0,0,7994
2023-03-12 02:48:00,17259,143,15726,0,0,0,8091
2023-03-12 02:52:00,16661,112810,15869,0,0,0,7593
2023-03-12 02:56:00,18157,112486,15814,0,0,0,8039
2023-03-12 03:00:00,17579,114335,15895,0,0,0,7913
2023-03-12 03:04:00,118176,112854,52028,0,0,0,7933
2023-03-12 03:08:00,16660,103,15795,0,0,0,8191
2023-03-12 03:12:00,18230,112441,15826,0,0,0,7725
2023-03-12 03:16:00,16961,113760,15792,0,0,0,8064
2023-03-12 03:20:00,18090,113919,16096,0,0,0,7833
2023-03-12 03:24:00,16613,115835,15725,0,0,0,7759
2023-03-12 03:28:00,17518,887,15644,0,0,0,8207
2023-03-12 03:32:00,17241,111576,33708,0,0,0,7741
2023-03-12 03:36:00,16300,116694,15755,0,0,0,8119
2023-03-12 03:40:00,18480,111639,15887,0,0,0,7897
2023-03-12 03:44:00,17247,114799,32852,0,0,0,7859
2023-03-12 03:48:00,16782,103,15961,0,0,0,8172
2023-03-12 03:52:00,17832,109809,15944,0,0,0,7715
2023-03-12 03:56:00,17037,115590,15453,0,0,0,8060
2023-03-12 04:00:00,17181,113023,15956,0,0,0,7944
2023-03-12 04:04:00,240277,112095,181097,0,0,0,7877
2023-03-12 04:08:00,17052,106,15786,0,0,0,8176
2023-03-12 04:12:00,17751,112025,15837,0,0,0,7935
2023-03-12 04:16:00,17073,114671,15591,0,0,0,7934
2023-03-12 04:20:00,17729,113369,15979,0,0,0,8088
2023-03-12 04:24:00,16145,114405,15808,0,0,0,7773
2023-03-12 04:28:00,17880,136,15507,0,0,0,8246
2023-03-12 04:32:00,17698,113051,33288,0,0,0,7797
2023-03-12 04:36:00,16874,114028,15761,0,0,0,8097
2023-03-12 04:40:00,17517,113983,16012,0,0,0,7974
2023-03-12 04:44:00,16624,112604,15614,0,0,0,7917
2023-03-12 04:48:00,18396,154,16044,0,0,0,8306
2023-03-12 04:52:00,17136,114369,15588,0,0,0,7790
2023-03-12 04:56:00,16572,113408,15763,0,0,0,7995
2023-03-12 05:00:00,18419,173210,16062,0,0,0,8083
2023-03-12 05:04:00,121250,97384,49019,0,0,0,7654
2023-03-12 05:08:00,18495,16174,15962,0,0,0,8333
2023-03-12 05:12:00,16080,112122,15664,0,0,0,7693
2023-03-12 05:16:00,18733,114373,15871,0,0,0,8189
2023-03-12 05:20:00,16050,115346,15784,0,0,0,7948
2023-03-12 05:24:00,18265,113630,16080,0,0,0,7593
2023-03-12 05:28:00,17067,101,15638,0,0,0,8394
2023-03-12 05:32:00,17237,115763,33384,0,0,0,7836
2023-03-12 05:36:00,16748,110268,15502,0,0,0,7891
2023-03-12 05:40:00,17111,118135,15928,0,0,0,7986
2023-03-12 05:44:00,16971,110859,34141,0,0,0,7794
2023-03-12 05:48:00,18380,103,16019,0,0,0,8273
2023-03-12 05:52:00,16470,112360,15767,0,0,0,7845
2023-03-12 05:56:00,17314,114531,15464,0,0,0,7832
2023-03-12 06:00:00,18197,113584,16039,0,0,0,7986
2023-03-12 06:04:00,1631977,97559,1351902,0,0,0,7750
2023-03-12 06:08:00,16654,15999,15858,0,0,0,8477
2023-03-12 06:12:00,18705,111145,15606,0,0,0,7669
2023-03-12 06:16:00,16948,115638,34509,0,0,0,7920
2023-03-12 06:20:00,16443,112993,15540,0,0,0,8113
2023-03-12 06:24:00,17357,114342,15809,0,0,0,7817
2023-03-12 06:28:00,17902,105,16050,0,0,0,8165
2023-03-12 06:32:00,16636,113344,33640,0,0,0,7765
2023-03-12 06:36:00,17542,115487,15389,0,0,0,7829
2023-03-12 06:40:00,17275,110784,16267,0,0,0,8057
2023-03-12 06:44:00,17765,113386,15656,0,0,0,7746
2023-03-12 06:48:00,16724,50.1,15918,0,0,0,8157
2023-03-12 06:52:00,15214,113298,16079,0,0,0,7819
2023-03-12 06:56:00,15376,112440,15609,0,0,0,7850
2023-03-12 07:00:00,17382,115652,16082,0,0,0,8120
2023-03-12 07:04:00,118929,98378,52182,0,0,0,7831
2023-03-12 07:08:00,14730,16425,16052,0,0,0,8242
2023-03-12 07:12:00,14260,115778,15894,0,0,0,7854
2023-03-12 07:16:00,14824,112206,16039,0,0,0,7636
2023-03-12 07:20:00,14587,113371,15829,0,0,0,8203
2023-03-12 07:24:00,17282,112581,15821,0,0,0,7744
2023-03-12 07:28:00,12294,103,15677,0,0,0,8319
2023-03-12 07:32:00,18398,118602,33017,0,0,0,7630
2023-03-12 07:36:00,17432,114833,15672,0,0,0,7782
2023-03-12 07:40:00,17330,112684,15884,0,0,0,8146
2023-03-12 07:44:00,16413,111864,34309,0,0,0,7725
2023-03-12 07:48:00,17173,151,15771,0,0,0,8204
2023-03-12 07:52:00,17637,115396,15868,0,0,0,7848
2023-03-12 07:56:00,17213,115257,15733,0,0,0,7642
2023-03-12 08:00:00,18156,114887,15669,0,0,0,8269
2023-03-12 08:04:00,255784,95084,174287,0,0,0,7686
2023-03-12 08:08:00,18488,15925,15846,0,0,0,8237
2023-03-12 08:12:00,16135,116444,15604,0,0,0,7768
2023-03-12 08:16:00,17229,109923,15727,0,0,0,7778
2023-03-12 08:20:00,18266,115351,15888,0,0,0,8239
2023-03-12 08:24:00,17664,115259,16156,0,0,0,7799
2023-03-12 08:28:00,16332,101,15622,0,0,0,8142
2023-03-12 08:32:00,17948,113075,33472,0,0,0,7885
2023-03-12 08:36:00,15394,114617,15571,0,0,0,7651
2023-03-12 08:40:00,19207,111753,16206,0,0,0,8229
2023-03-12 08:44:00,15734,112535,15518,0,0,0,7738
2023-03-12 08:48:00,13656,105,15955,0,0,0,8374
2023-03-12 08:52:00,17141,113749,15800,0,0,0,7755
2023-03-12 08:56:00,13451,113679,15852,0,0,0,7646
2023-03-12 09:00:00,17301,140868,16415,0,0,0,8319
2023-03-12 09:04:00,124875,116606,50611,0,0,0,7936
2023-03-12 09:08:00,17535,5282,15914,0,0,0,7967
2023-03-12 09:12:00,17177,111179,16157,0,0,0,7922
2023-03-12 09:16:00,18257,114126,15409,0,0,0,7583
2023-03-12 09:20:00,16241,115176,16092,0,0,0,8219
2023-03-12 09:24:00,17796,113291,15726,0,0,0,7721
2023-03-12 09:28:00,17309,480,15443,0,0,0,8121
2023-03-12 09:32:00,16867,112683,34355,0,0,0,7892
2023-03-12 09:36:00,17361,116009,15654,0,0,0,7719
2023-03-12 09:40:00,17848,113506,15913,0,0,0,8135
2023-03-12 09:44:00,17472,98047,32506,0,0,0,7721
2023-03-12 09:48:00,17148,15827,15729,0,0,0,8045
2023-03-12 09:52:00,17427,115587,15925,0,0,0,7876
2023-03-12 09:56:00,17432,110990,15663,0,0,0,7740
2023-03-12 10:00:00,17769,115702,15858,0,0,0,8084
2023-03-12 10:04:00,250521,96628,157110,0,0,0,7813
2023-03-12 10:08:00,17416,15402,15725,0,0,0,7979
2023-03-12 10:12:00,16761,113163,16133,0,0,0,8074
2023-03-12 10:16:00,18305,116829,33110,0,0,0,7721
2023-03-12 10:20:00,17646,112762,15919,0,0,0,8131
2023-03-12 10:24:00,14488,111290,16206,0,0,0,7848
2023-03-12 10:28:00,13706,126,15738,0,0,0,7886
2023-03-12 10:32:00,15825,112060,34627,0,0,0,8032
2023-03-12 10:36:00,12886,115472,15925,0,0,0,7756
2023-03-12 10:40:00,15574,109770,15794,0,0,0,8089
2023-03-12 10:44:00,16044,115166,15593,0,0,0,7851
2023-03-12 10:48:00,14812,52.5,15748,0,0,0,7844
2023-03-12 10:52:00,14808,113069,16196,0,0,0,8059
2023-03-12 10:56:00,15306,112513,15673,0,0,0,7789
2023-03-12 11:00:00,15559,116229,15752,0,0,0,8085
2023-03-12 11:04:00,122811,112322,52863,0,0,0,7954
2023-03-12 11:08:00,18131,102,15735,0,0,0,7881
2023-03-12 11:12:00,17170,114337,16166,0,0,0,8179
2023-03-12 11:16:00,17123,114729,15427,0,0,0,7740
2023-03-12 11:20:00,17361,114748,16063,0,0,0,8079
2023-03-12 11:24:00,17518,112826,15637,0,0,0,7948
2023-03-12 11:28:00,16165,103,15976,0,0,0,7937
2023-03-12 11:32:00,18568,111350,33661,0,0,0,8002
2023-03-12 11:36:00,17041,112017,15637,0,0,0,7888
2023-03-12 11:40:00,17149,114643,16059,0,0,0,8148
2023-03-12 11:44:00,17633,113418,33502,0,0,0,7709
2023-03-12 11:48:00,17551,50.4,16012,0,0,0,8207
2023-03-12 11:52:00,16071,113972,15833,0,0,0,7953
2023-03-12 11:56:00,17953,114491,15609,0,0,0,7808
2023-03-12 12:00:00,18284,113397,16019,0,0,0,8136
2023-03-12 12:04:00,680622,113521,517572,0,0,0,7740
2023-03-12 12:08:00,18322,157,15573,0,0,0,7965
2023-03-12 12:12:00,17316,111868,15918,0,0,0,8020
2023-03-12 12:16:00,16854,115945,15592,0,0,0,7767
2023-03-12 12:20:00,16842,111428,16041,0,0,0,8009
2023-03-12 12:24:00,17738,112550,15532,0,0,0,8057
2023-03-12 12:28:00,17341,105,15584,0,0,0,7809
2023-03-12 12:32:00,17502,113000,34249,0,0,0,8109
2023-03-12 12:36:00,16495,112519,16002,0,0,0,7704
2023-03-12 12:40:00,17047,116026,15830,0,0,0,8187
2023-03-12 12:44:00,18592,111343,15944,0,0,0,7965
2023-03-12 12:48:00,16836,103,15756,0,0,0,7941
2023-03-12 12:52:00,17407,115318,16023,0,0,0,7876
2023-03-12 12:56:00,17588,113198,16062,0,0,0,7788
2023-03-12 13:00:00,16991,115955,15988,0,0,0,7931
2023-03-12 13:04:00,121932,109606,52216,0,0,0,8001
2023-03-12 13:08:00,17712,51.6,15870,0,0,0,7944
2023-03-12 13:12:00,16381,113885,15828,0,0,0,8260
2023-03-12 13:16:00,18157,113931,15667,0,0,0,7699
2023-03-12 13:20:00,16472,114833,16163,0,0,0,7930
2023-03-12 13:24:00,17908,111483,15570,0,0,0,8255
2023-03-12 13:28:00,17136,104,16044,0,0,0,7874
2023-03-12 13:32:00,18132,111065,32838,0,0,0,7997
2023-03-12 13:36:00,17276,117427,15960,0,0,0,7789
2023-03-12 13:40:00,16960,113159,15665,0,0,0,7809
2023-03-12 13:44:00,17738,111329,33408,0,0,0,8094
2023-03-12 13:48:00,16345,192,15707,0,0,0,7930
2023-03-12 13:52:00,16964,111866,16074,0,0,0,8011
2023-03-12 13:56:00,17848,111957,15783,0,0,0,7771
2023-03-12 14:00:00,16966,116226,15922,0,0,0,7829
2023-03-12 14:04:00,259330,113261,155052,0,0,0,8214
2023-03-12 14:08:00,17292,102,16028,0,0,0,7865
2023-03-12 14:12:00,18003,115522,15670,0,0,0,7909
2023-03-12 14:16:00,16950,113178,32961,0,0,0,7859
2023-03-12 14:20:00,16771,113458,15847,0,0,0,7841
2023-03-12 14:24:00,17775,112523,16078,0,0,0,8104
2023-03-12 14:28:00,17153,101,15834,0,0,0,7885
2023-03-12 14:32:00,17498,111214,32522,0,0,0,7933
2023-03-12 14:36:00,17932,116106,15702,0,0,0,7812
2023-03-12 14:40:00,16894,111710,16089,12816,0,0,7970
2023-03-12 14:44:00,17335,116010,15737,0,0,0,7919
2023-03-12 14:48:00,16610,103,15698,0,0,0,8139
2023-03-12 14:52:00,18258,116698,16083,0,0,0,8031
2023-03-12 14:56:00,17189,111360,15719,0,0,0,7630
2023-03-12 15:00:00,17061,169944,15783,0,0,0,7891
2023-03-12 15:04:00,125795,114375,50881,0,0,0,8019
2023-03-12 15:08:00,16957,106,15755,0,0,0,7988
2023-03-12 15:12:00,17795,108669,15796,0,0,0,8048
2023-03-12 15:16:00,17231,115783,15804,0,0,0,7732
2023-03-12 15:20:00,16330,112988,15941,0,0,0,7861
2023-03-12 15:24:00,18327,98563,15723,0,0,0,8136
2023-03-12 15:28:00,16427,15704,15797,0,0,0,7850

