"Time","Read (dm-0)","Read (vda)","Read (vdb)","Write (dm-0)","Write (vda)","Write (vdb)"
2023-03-23 03:00:00,0,0,0,1302665,1302665,0
2023-03-23 03:02:00,0,0,0,226759,226759,0
2023-03-23 03:04:00,0,0,0,197837,197837,0
2023-03-23 03:06:00,0,0,0,76709,76709,0
2023-03-23 03:08:00,0,0,0,88906,88906,0
2023-03-23 03:10:00,0,0,0,41643,41643,0
2023-03-23 03:12:00,0,0,0,87290,87290,0
2023-03-23 03:14:00,0,0,0,55501,55501,0
2023-03-23 03:16:00,0,0,0,78325,78325,0
2023-03-23 03:18:00,0,0,0,91682,91682,0
2023-03-23 03:20:00,0,0,0,45095,45095,0
2023-03-23 03:22:00,0,0,0,88565,88565,0
2023-03-23 03:24:00,0,0,0,57071,57071,0
2023-03-23 03:26:00,0,0,0,75571,75571,0
2023-03-23 03:28:00,0,0,0,91614,91614,0
2023-03-23 03:30:00,0,0,0,47718,47718,0
2023-03-23 03:32:00,0,0,0,85652,85652,0
2023-03-23 03:34:00,0,0,0,61668,61668,0
2023-03-23 03:36:00,0,0,0,76208,76208,0
2023-03-23 03:38:00,0,0,0,85948,85948,0
2023-03-23 03:40:00,0,0,0,44078,44078,0
2023-03-23 03:42:00,0,0,0,88542,88542,0
2023-03-23 03:44:00,0,0,0,62600,62600,0
2023-03-23 03:46:00,0,0,0,89429,89429,0
2023-03-23 03:48:00,0,0,0,102218,102218,0
2023-03-23 03:50:00,0,0,0,47127,47127,0
2023-03-23 03:52:00,0,0,0,91659,91659,0
2023-03-23 03:54:00,0,0,0,58869,58869,0
2023-03-23 03:56:00,0,0,0,84196,84196,0
2023-03-23 03:58:00,0,0,0,92092,92092,0
2023-03-23 04:00:00,0,0,0,48242,48242,0
2023-03-23 04:02:00,0,0,0,428806,428806,0
2023-03-23 04:04:00,0,0,0,59733,59733,0
2023-03-23 04:06:00,0,0,0,74661,74661,0
2023-03-23 04:08:00,0,0,0,89886,89886,0
2023-03-23 04:10:00,0,0,0,45306,45306,0
2023-03-23 04:12:00,0,0,0,83763,83763,0
2023-03-23 04:14:00,0,0,0,51496,51496,0
2023-03-23 04:16:00,0,0,0,77596,77596,0
2023-03-23 04:18:00,0,0,0,93366,93366,0
2023-03-23 04:20:00,0,0,0,50085,50085,0
2023-03-23 04:22:00,0,0,0,88701,88701,0
2023-03-23 04:24:00,0,0,0,62578,62578,0
2023-03-23 04:26:00,0,0,0,78325,78325,0
2023-03-23 04:28:00,0,0,0,85151,85151,0
2023-03-23 04:30:00,0,0,0,41825,41825,0
2023-03-23 04:32:00,0,0,0,88018,88018,0
2023-03-23 04:34:00,0,0,0,62236,62236,0
2023-03-23 04:36:00,0,0,0,74820,74820,0
2023-03-23 04:38:00,0,0,0,86835,86835,0
2023-03-23 04:40:00,0,0,0,47809,47809,0
2023-03-23 04:42:00,0,0,0,88496,88496,0
2023-03-23 04:44:00,0,0,0,56752,56752,0
2023-03-23 04:46:00,0,0,0,72886,72886,0
2023-03-23 04:48:00,0,0,0,89771,89771,0
2023-03-23 04:50:00,0,0,0,46876,46876,0
2023-03-23 04:52:00,0,0,0,84696,84696,0
2023-03-23 04:54:00,0,0,0,55956,55956,0
2023-03-23 04:56:00,0,0,0,73208,73208,0
2023-03-23 04:58:00,0,0,0,89316,89316,0
2023-03-23 05:00:00,0,0,0,43486,43486,0
2023-03-23 05:02:00,0,0,0,226167,226167,0
2023-03-23 05:04:00,0,0,0,200636,200636,0
2023-03-23 05:06:00,0,0,0,80009,80009,0
2023-03-23 05:08:00,0,0,0,92228,92228,0
2023-03-23 05:10:00,0,0,0,46581,46581,0
2023-03-23 05:12:00,0,0,0,89884,89884,0
2023-03-23 05:14:00,0,0,0,61827,61827,0
2023-03-23 05:16:00,0,0,0,81852,81852,0
2023-03-23 05:18:00,0,0,0,93161,93161,0
2023-03-23 05:20:00,0,0,0,45898,45898,0
2023-03-23 05:22:00,0,0,0,88747,88747,0
2023-03-23 05:24:00,0,0,0,54340,54340,0
2023-03-23 05:26:00,0,0,0,76004,76004,0
2023-03-23 05:28:00,0,0,0,90658,90658,0
2023-03-23 05:30:00,0,0,0,49835,49835,0
2023-03-23 05:32:00,0,0,0,94140,94140,0
2023-03-23 05:34:00,0,0,0,61508,61508,0
2023-03-23 05:36:00,0,0,0,75862,75862,0
2023-03-23 05:38:00,0,0,0,89520,89520,0
2023-03-23 05:40:00,0,0,0,48310,48310,0
2023-03-23 05:42:00,0,0,0,87927,87927,0
2023-03-23 05:44:00,0,0,0,59119,59119,0
2023-03-23 05:46:00,0,0,0,77596,77596,0
2023-03-23 05:48:00,0,0,0,92547,92547,0
2023-03-23 05:50:00,0,0,0,49038,49038,0
2023-03-23 05:52:00,0,0,0,91614,91614,0
2023-03-23 05:54:00,0,0,0,62032,62032,0
2023-03-23 05:56:00,0,0,0,74297,74297,0
2023-03-23 05:58:00,0,0,0,88055,88055,0
2023-03-23 06:00:00,0,0,0,47514,47514,0
2023-03-23 06:02:00,0,0,0,1058953,1058953,0
2023-03-23 06:04:00,0,0,0,63056,63056,0
2023-03-23 06:06:00,0,0,0,78097,78097,0
2023-03-23 06:08:00,0,0,0,97599,97599,0
2023-03-23 06:10:00,0,0,0,50085,50085,0
2023-03-23 06:12:00,0,0,0,91455,91455,0
2023-03-23 06:14:00,0,0,0,58573,58573,0
2023-03-23 06:16:00,0,0,0,74388,74388,0
2023-03-23 06:18:00,0,0,0,87290,87290,0
2023-03-23 06:20:00,0,0,0,47900,47900,0
2023-03-23 06:22:00,0,0,0,89475,89475,0
2023-03-23 06:24:00,0,0,0,56889,56889,0
2023-03-23 06:26:00,0,0,0,76891,76891,0
2023-03-23 06:28:00,0,0,0,89179,89179,0
2023-03-23 06:30:00,0,0,0,43236,43236,0
2023-03-23 06:32:00,0,0,0,86699,86699,0
2023-03-23 06:34:00,0,0,0,60575,60575,0
2023-03-23 06:36:00,0,0,0,76208,76208,0
2023-03-23 06:38:00,0,0,0,89042,89042,0
2023-03-23 06:40:00,0,0,0,45807,45807,0
2023-03-23 06:42:00,0,0,0,88360,88360,0
2023-03-23 06:44:00,0,0,0,62373,62373,0
2023-03-23 06:46:00,0,0,0,77164,77164,0
2023-03-23 06:48:00,0,0,0,1364127,1364127,0
2023-03-23 06:50:00,0,0,0,50904,50904,0
2023-03-23 06:52:00,0,0,0,93867,93867,0
2023-03-23 06:54:00,0,0,0,58596,58596,0
2023-03-23 06:56:00,0,0,0,74706,74706,0
2023-03-23 06:58:00,0,0,0,89361,89361,0
2023-03-23 07:00:00,0,0,0,46012,46012,0
2023-03-23 07:02:00,0,0,0,228807,228807,0
2023-03-23 07:04:00,0,0,0,199430,199430,0
2023-03-23 07:06:00,0,0,0,78370,78370,0
2023-03-23 07:08:00,0,0,0,91659,91659,0
2023-03-23 07:10:00,0,0,0,46126,46126,0
2023-03-23 07:12:00,0,0,0,86972,86972,0
2023-03-23 07:14:00,0,0,0,54067,54067,0
2023-03-23 07:16:00,0,0,0,77733,77733,0
2023-03-23 07:18:00,0,0,0,93639,93639,0
2023-03-23 07:20:00,0,0,0,50950,50950,0
2023-03-23 07:22:00,0,0,0,90021,90021,0
2023-03-23 07:24:00,0,0,0,61599,61599,0
2023-03-23 07:26:00,0,0,0,83149,83149,0
2023-03-23 07:28:00,0,0,0,94481,94481,0
2023-03-23 07:30:00,0,0,0,48947,48947,0
2023-03-23 07:32:00,0,0,0,92160,92160,0
2023-03-23 07:34:00,0,0,0,56229,56229,0
2023-03-23 07:36:00,0,0,0,79462,79462,0
2023-03-23 07:38:00,0,0,0,89816,89816,0
2023-03-23 07:40:00,0,0,0,45670,45670,0
2023-03-23 07:42:00,0,0,0,86994,86994,0
2023-03-23 07:44:00,0,0,0,58732,58732,0
2023-03-23 07:46:00,0,0,0,78256,78256,0
2023-03-23 07:48:00,0,0,0,93161,93161,0
2023-03-23 07:50:00,0,0,0,49175,49175,0
2023-03-23 07:52:00,0,0,0,89134,89134,0
2023-03-23 07:54:00,0,0,0,58573,58573,0
2023-03-23 07:56:00,0,0,0,73159,73159,0
2023-03-23 07:58:00,0,0,0,88860,88860,0
2023-03-23 08:00:00,0,0,0,46314,46314,0
2023-03-23 08:02:00,0,0,0,431332,431332,0
2023-03-23 08:04:00,0,0,0,55683,55683,0
2023-03-23 08:06:00,0,0,0,99533,99533,0
2023-03-23 08:08:00,0,0,0,113027,113027,0
2023-03-23 08:10:00,0,0,0,49198,49198,0
2023-03-23 08:12:00,0,0,0,90772,90772,0
2023-03-23 08:14:00,0,0,0,56183,56183,0
2023-03-23 08:16:00,0,0,0,74957,74957,0
2023-03-23 08:18:00,0,0,0,88383,88383,0
2023-03-23 08:20:00,0,0,0,46581,46581,0
2023-03-23 08:22:00,0,0,0,84764,84764,0
2023-03-23 08:24:00,0,0,0,56980,56980,0
2023-03-23 08:26:00,0,0,0,76117,76117,0
2023-03-23 08:28:00,0,0,0,85379,85379,0
2023-03-23 08:30:00,0,0,0,43167,43167,0
2023-03-23 08:32:00,0,0,0,86903,86903,0
2023-03-23 08:34:00,0,0,0,57867,57867,0
2023-03-23 08:36:00,0,0,0,76208,76208,0
2023-03-23 08:38:00,0,0,0,90317,90317,0
2023-03-23 08:40:00,0,0,0,47718,47718,0
2023-03-23 08:42:00,0,0,0,88587,88587,0
2023-03-23 08:44:00,0,0,0,56821,56821,0
2023-03-23 08:46:00,0,0,0,74047,74047,0
2023-03-23 08:48:00,0,0,0,88041,88041,0
2023-03-23 08:50:00,0,0,0,44328,44328,0
2023-03-23 08:52:00,0,0,0,87199,87199,0
2023-03-23 08:54:00,0,0,0,54067,54067,0
2023-03-23 08:56:00,0,0,0,76322,76322,0
2023-03-23 08:58:00,0,0,0,91500,91500,0
2023-03-23 09:00:00,0,0,0,45807,45807,0
2023-03-23 09:02:00,0,0,0,228306,228306,0
2023-03-23 09:04:00,0,0,0,199293,199293,0
2023-03-23 09:06:00,0,0,0,75139,75139,0
2023-03-23 09:08:00,0,0,0,88110,88110,0
2023-03-23 09:10:00,0,0,0,47150,47150,0
2023-03-23 09:12:00,0,0,0,91659,91659,0
2023-03-23 09:14:00,0,0,0,59824,59824,0
2023-03-23 09:16:00,0,0,0,78438,78438,0
2023-03-23 09:18:00,0,0,0,92023,92023,0
2023-03-23 09:20:00,0,0,0,51587,51587,0
2023-03-23 09:22:00,0,0,0,91773,91773,0
2023-03-23 09:24:00,0,0,0,59233,59233,0
2023-03-23 09:26:00,0,0,0,74320,74320,0
2023-03-23 09:28:00,0,0,0,92273,92273,0
2023-03-23 09:30:00,0,0,0,48287,48287,0
2023-03-23 09:32:00,0,0,0,92615,92615,0
2023-03-23 09:34:00,0,0,0,59893,59893,0
2023-03-23 09:36:00,0,0,0,75867,75867,0
2023-03-23 09:38:00,0,0,0,89384,89384,0
2023-03-23 09:40:00,0,0,0,43304,43304,0
2023-03-23 09:42:00,0,0,0,88701,88701,0
2023-03-23 09:44:00,0,0,0,56616,56616,0
2023-03-23 09:46:00,0,0,0,78188,78188,0
2023-03-23 09:48:00,0,0,0,88451,88451,0
2023-03-23 09:50:00,0,0,0,45010,45010,0
2023-03-23 09:52:00,0,0,0,86972,86972,0
2023-03-23 09:54:00,0,0,0,58482,58482,0
2023-03-23 09:56:00,0,0,0,78188,78188,0
2023-03-23 09:58:00,0,0,0,92911,92911,0
2023-03-23 10:00:00,0,0,0,48492,48492,0
2023-03-23 10:02:00,0,0,0,455953,455953,0
2023-03-23 10:04:00,0,0,0,57071,57071,0
2023-03-23 10:06:00,0,0,0,74593,74593,0
2023-03-23 10:08:00,0,0,0,89930,89930,0
2023-03-23 10:10:00,0,0,0,49084,49084,0
2023-03-23 10:12:00,0,0,0,89247,89247,0
2023-03-23 10:14:00,0,0,0,57048,57048,0
2023-03-23 10:16:00,0,0,0,76049,76049,0
2023-03-23 10:18:00,0,0,0,91455,91455,0
2023-03-23 10:20:00,0,0,0,44737,44737,0
2023-03-23 10:22:00,0,0,0,90772,90772,0
2023-03-23 10:24:00,0,0,0,57412,57412,0
2023-03-23 10:26:00,0,0,0,76026,76026,0
2023-03-23 10:28:00,0,0,0,91227,91227,0
2023-03-23 10:30:00,0,0,0,45693,45693,0
2023-03-23 10:32:00,0,0,0,90916,90916,0
2023-03-23 10:34:00,0,0,0,60848,60848,0
2023-03-23 10:36:00,0,0,0,80600,80600,0
2023-03-23 10:38:00,0,0,0,95642,95642,0
2023-03-23 10:40:00,0,0,0,51132,51132,0
2023-03-23 10:42:00,0,0,0,90999,90999,0
2023-03-23 10:44:00,0,0,0,60393,60393,0
2023-03-23 10:46:00,0,0,0,80145,80145,0
2023-03-23 10:48:00,0,0,0,89702,89702,0
2023-03-23 10:50:00,0,0,0,53407,53407,0
2023-03-23 10:52:00,0,0,0,95664,95664,0
2023-03-23 10:54:00,0,0,0,57936,57936,0
2023-03-23 10:56:00,0,0,0,77955,77955,0
2023-03-23 10:58:00,0,0,0,93889,93889,0
2023-03-23 11:00:00,0,0,0,49380,49380,0
2023-03-23 11:02:00,0,0,0,229444,229444,0
2023-03-23 11:04:00,0,0,0,199543,199543,0
2023-03-23 11:06:00,0,0,0,77892,77892,0
2023-03-23 11:08:00,0,0,0,91318,91318,0
2023-03-23 11:10:00,0,0,0,45488,45488,0
2023-03-23 11:12:00,0,0,0,88178,88178,0
2023-03-23 11:14:00,0,0,0,57799,57799,0
2023-03-23 11:16:00,0,0,0,79599,79599,0
2023-03-23 11:18:00,0,0,0,94822,94822,0
2023-03-23 11:20:00,0,0,0,47127,47127,0
2023-03-23 11:22:00,0,0,0,89975,89975,0
2023-03-23 11:24:00,0,0,0,59483,59483,0
2023-03-23 11:26:00,0,0,0,77847,77847,0
2023-03-23 11:28:00,0,0,0,91910,91910,0
2023-03-23 11:30:00,0,0,0,45284,45284,0
2023-03-23 11:32:00,0,0,0,88951,88951,0
2023-03-23 11:34:00,0,0,0,59438,59438,0
2023-03-23 11:36:00,0,0,0,74798,74798,0
2023-03-23 11:38:00,0,0,0,92501,92501,0
2023-03-23 11:40:00,0,0,0,48970,48970,0
2023-03-23 11:42:00,0,0,0,91637,91637,0
2023-03-23 11:44:00,0,0,0,62231,62231,0
2023-03-23 11:46:00,0,0,0,76754,76754,0
2023-03-23 11:48:00,0,0,0,88269,88269,0
2023-03-23 11:50:00,0,0,0,48811,48811,0
2023-03-23 11:52:00,0,0,0,96575,96575,0
2023-03-23 11:54:00,0,0,0,63875,63875,0
2023-03-23 11:56:00,0,0,0,80441,80441,0
2023-03-23 11:58:00,0,0,0,95346,95346,0
2023-03-23 12:00:00,0,0,0,47036,47036,0
2023-03-23 12:02:00,0,0,0,2431181,2431181,0
2023-03-23 12:04:00,0,0,0,60939,60939,0
2023-03-23 12:06:00,0,0,0,79564,79564,0
2023-03-23 12:08:00,0,0,0,93616,93616,0
2023-03-23 12:10:00,0,0,0,49971,49971,0
2023-03-23 12:12:00,0,0,0,91591,91591,0
2023-03-23 12:14:00,0,0,0,62032,62032,0
2023-03-23 12:16:00,0,0,0,81783,81783,0
2023-03-23 12:18:00,0,0,0,96097,96097,0
2023-03-23 12:20:00,0,0,0,53453,53453,0
2023-03-23 12:22:00,0,0,0,93093,93093,0
2023-03-23 12:24:00,0,0,0,62805,62805,0
2023-03-23 12:26:00,0,0,0,82330,82330,0
2023-03-23 12:28:00,0,0,0,91068,91068,0
2023-03-23 12:30:00,0,0,0,47263,47263,0
2023-03-23 12:32:00,0,0,0,94299,94299,0
2023-03-23 12:34:00,0,0,0,61941,61941,0
2023-03-23 12:36:00,0,0,0,79280,79280,0
2023-03-23 12:38:00,0,0,0,96119,96119,0
2023-03-23 12:40:00,0,0,0,51246,51246,0
2023-03-23 12:42:00,0,0,0,101399,101399,0
2023-03-23 12:44:00,0,0,0,66265,66265,0
2023-03-23 12:46:00,0,0,0,83467,83467,0
2023-03-23 12:48:00,0,0,0,94162,94162,0
2023-03-23 12:50:00,0,0,0,44783,44783,0
2023-03-23 12:52:00,0,0,0,90613,90613,0
2023-03-23 12:54:00,0,0,0,58641,58641,0
2023-03-23 12:56:00,0,0,0,76163,76163,0
2023-03-23 12:58:00,0,0,0,91955,91955,0
2023-03-23 13:00:00,0,0,0,47104,47104,0
2023-03-23 13:02:00,0,0,0,227692,227692,0
2023-03-23 13:04:00,0,0,0,199043,199043,0
2023-03-23 13:06:00,0,0,0,77005,77005,0
2023-03-23 13:08:00,0,0,0,93093,93093,0
2023-03-23 13:10:00,0,0,0,46649,46649,0
2023-03-23 13:12:00,0,0,0,86699,86699,0
2023-03-23 13:14:00,0,0,0,58300,58300,0
2023-03-23 13:16:00,0,0,0,74934,74934,0
2023-03-23 13:18:00,0,0,0,92114,92114,0
2023-03-23 13:20:00,0,0,0,49061,49061,0
2023-03-23 13:22:00,0,0,0,89520,89520,0
2023-03-23 13:24:00,0,0,0,61895,61895,0
2023-03-23 13:26:00,0,0,0,76823,76823,0
2023-03-23 13:28:00,0,0,0,89384,89384,0
2023-03-23 13:30:00,0,0,0,47946,47946,0
2023-03-23 13:32:00,0,0,0,92297,92297,0
2023-03-23 13:34:00,0,0,0,58938,58938,0
2023-03-23 13:36:00,0,0,0,77119,77119,0
2023-03-23 13:38:00,0,0,0,90772,90772,0
2023-03-23 13:40:00,0,0,0,45056,45056,0
2023-03-23 13:42:00,0,0,0,90681,90681,0
2023-03-23 13:44:00,0,0,0,59847,59847,0
2023-03-23 13:46:00,0,0,0,77346,77346,0
2023-03-23 13:48:00,0,0,0,91887,91887,0
2023-03-23 13:50:00,0,0,0,49147,49147,0
2023-03-23 13:52:00,0,0,0,91705,91705,0
2023-03-23 13:54:00,0,0,0,58891,58891,0
2023-03-23 13:56:00,0,0,0,76572,76572,0
2023-03-23 13:58:00,0,0,0,91045,91045,0
2023-03-23 14:00:00,0,0,0,46620,46620,0
2023-03-23 14:02:00,0,0,0,460413,460413,0
2023-03-23 14:04:00,0,0,0,59369,59369,0
2023-03-23 14:06:00,0,0,0,94538,94538,0
2023-03-23 14:08:00,0,0,0,110774,110774,0
2023-03-23 14:10:00,0,0,0,45306,45306,0
2023-03-23 14:12:00,0,0,0,87950,87950,0
2023-03-23 14:14:00,0,0,0,55524,55524,0
2023-03-23 14:16:00,0,0,0,79485,79485,0
2023-03-23 14:18:00,0,0,0,96370,96370,0
2023-03-23 14:20:00,0,0,0,54067,54067,0
2023-03-23 14:22:00,0,0,0,92274,92274,0
2023-03-23 14:24:00,0,0,0,58641,58641,0
2023-03-23 14:26:00,0,0,0,77096,77096,0
2023-03-23 14:28:00,0,0,0,92752,92752,0
2023-03-23 14:30:00,0,0,0,46876,46876,0
2023-03-23 14:32:00,0,0,0,89088,89088,0
2023-03-23 14:34:00,0,0,0,57503,57503,0
2023-03-23 14:36:00,0,0,0,78734,78734,0
2023-03-23 14:38:00,0,0,0,96666,96666,0
2023-03-23 14:40:00,0,0,0,48105,48105,0
2023-03-23 14:42:00,0,0,0,88587,88587,0
2023-03-23 14:44:00,0,0,0,63101,63101,0
2023-03-23 14:46:00,0,0,0,78962,78962,0
2023-03-23 14:48:00,0,0,0,90635,90635,0
2023-03-23 14:50:00,0,0,0,45375,45375,0
2023-03-23 14:52:00,0,0,0,88018,88018,0
2023-03-23 14:54:00,0,0,0,57390,57390,0
2023-03-23 14:56:00,0,0,0,77483,77483,0
2023-03-23 14:58:00,0,0,0,92297,92297,0
2023-03-23 15:00:00,0,0,0,49021,49021,0
2023-03-23 15:02:00,0,0,0,226759,226759,0
2023-03-23 15:04:00,0,0,0,196722,196722,0
2023-03-23 15:06:00,0,0,0,76163,76163,0
2023-03-23 15:08:00,0,0,0,90180,90180,0
2023-03-23 15:10:00,0,0,0,46512,46512,0
2023-03-23 15:12:00,0,0,0,89884,89884,0
2023-03-23 15:14:00,0,0,0,60894,60894,0
2023-03-23 15:16:00,0,0,0,80668,80668,0
2023-03-23 15:18:00,0,0,0,91932,91932,0
2023-03-23 15:20:00,0,0,0,49289,49289,0
2023-03-23 15:22:00,0,0,0,92433,92433,0
2023-03-23 15:24:00,0,0,0,59597,59597,0
2023-03-23 15:26:00,0,0,0,74820,74820,0
2023-03-23 15:28:00,0,0,0,93958,93958,0
2023-03-23 15:30:00,0,0,0,46490,46490,0
2023-03-23 15:32:00,0,0,0,87927,87927,0
2023-03-23 15:34:00,0,0,0,56047,56047,0
2023-03-23 15:36:00,0,0,0,79485,79485,0
2023-03-23 15:38:00,0,0,0,90340,90340,0
2023-03-23 15:40:00,0,0,0,41506,41506,0
2023-03-23 15:42:00,0,0,0,86562,86562,0
2023-03-23 15:44:00,0,0,0,56161,56161,0
2023-03-23 15:46:00,0,0,0,78120,78120,0
2023-03-23 15:48:00,0,0,0,90635,90635,0
2023-03-23 15:50:00,0,0,0,43236,43236,0
2023-03-23 15:52:00,0,0,0,86881,86881,0
2023-03-23 15:54:00,0,0,0,61372,61372,0
2023-03-23 15:56:00,0,0,0,77096,77096,0
2023-03-23 15:58:00,0,0,0,90453,90453,0
2023-03-23 16:00:00,0,0,0,49744,49744,0
2023-03-23 16:02:00,0,0,0,448922,448922,0
2023-03-23 16:04:00,0,0,0,57754,57754,0
2023-03-23 16:06:00,0,0,0,79417,79417,0
2023-03-23 16:08:00,0,0,0,89338,89338,0
2023-03-23 16:10:00,0,0,0,43304,43304,0
2023-03-23 16:12:00,0,0,0,87836,87836,0
2023-03-23 16:14:00,0,0,0,55228,55228,0
2023-03-23 16:16:00,0,0,0,74547,74547,0
2023-03-23 16:18:00,0,0,0,90135,90135,0
2023-03-23 16:20:00,0,0,0,45739,45739,0
2023-03-23 16:22:00,0,0,0,90749,90749,0
2023-03-23 16:24:00,0,0,0,58755,58755,0
2023-03-23 16:26:00,0,0,0,83376,83376,0
2023-03-23 16:28:00,0,0,0,93321,93321,0
2023-03-23 16:30:00,0,0,0,46239,46239,0
2023-03-23 16:32:00,0,0,0,90931,90931,0
2023-03-23 16:34:00,0,0,0,59005,59005,0
2023-03-23 16:36:00,0,0,0,80850,80850,0
2023-03-23 16:38:00,0,0,0,94731,94731,0
2023-03-23 16:40:00,0,0,0,50176,50176,0
2023-03-23 16:42:00,0,0,0,87630,87630,0
2023-03-23 16:44:00,0,0,0,56591,56591,0
2023-03-23 16:46:00,0,0,0,77801,77801,0
2023-03-23 16:48:00,0,0,0,91750,91750,0
2023-03-23 16:50:00,0,0,0,50244,50244,0
2023-03-23 16:52:00,0,0,0,85197,85197,0
2023-03-23 16:54:00,0,0,0,56092,56092,0
2023-03-23 16:56:00,0,0,0,77870,77870,0
2023-03-23 16:58:00,0,0,0,91637,91637,0
2023-03-23 17:00:00,0,0,0,43531,43531,0
2023-03-23 17:02:00,432,432,0,228602,228602,0
2023-03-23 17:04:00,0,0,0,234496,234496,0
2023-03-23 17:06:00,0,0,0,115735,115735,0
2023-03-23 17:08:00,0,0,0,91022,91022,0
2023-03-23 17:10:00,0,0,0,46034,46034,0
2023-03-23 17:12:00,0,0,0,93184,93184,0
2023-03-23 17:14:00,0,0,0,59255,59255,0
2023-03-23 17:16:00,0,0,0,72818,72818,0
2023-03-23 17:18:00,0,0,0,93958,93958,0
2023-03-23 17:20:00,0,0,0,50927,50927,0
2023-03-23 17:22:00,0,0,0,89156,89156,0
2023-03-23 17:24:00,0,0,0,57754,57754,0
2023-03-23 17:26:00,0,0,0,77255,77255,0
2023-03-23 17:28:00,0,0,0,89293,89293,0
2023-03-23 17:30:00,0,0,0,46399,46399,0
2023-03-23 17:32:00,0,0,0,98486,98486,0
2023-03-23 17:34:00,0,0,0,62032,62032,0
2023-03-23 17:36:00,0,0,0,79713,79713,0
2023-03-23 17:38:00,0,0,0,90954,90954,0
2023-03-23 17:40:00,0,0,0,47809,47809,0
2023-03-23 17:42:00,0,0,0,90886,90886,0
2023-03-23 17:44:00,0,0,0,56411,56411,0
2023-03-23 17:46:00,0,0,0,76299,76299,0
2023-03-23 17:48:00,0,0,0,92001,92001,0
2023-03-23 17:50:00,0,0,0,42121,42121,0
2023-03-23 17:52:00,0,0,0,86335,86335,0
2023-03-23 17:54:00,0,0,0,57253,57253,0
2023-03-23 17:56:00,0,0,0,75002,75002,0
2023-03-23 17:58:00,0,0,0,90499,90499,0
2023-03-23 18:00:00,0,0,0,44260,44260,0
2023-03-23 18:02:00,0,0,0,1072151,1072151,0
2023-03-23 18:04:00,0,0,0,62532,62532,0
2023-03-23 18:06:00,0,0,0,100033,100033,0
2023-03-23 18:08:00,0,0,0,105426,105426,0
2023-03-23 18:10:00,0,0,0,47969,47969,0
2023-03-23 18:12:00,0,0,0,87450,87450,0
2023-03-23 18:14:00,0,0,0,55023,55023,0
2023-03-23 18:16:00,0,0,0,79030,79030,0
2023-03-23 18:18:00,0,0,0,95437,95437,0
2023-03-23 18:20:00,0,0,0,50426,50426,0
2023-03-23 18:22:00,0,0,0,89884,89884,0
2023-03-23 18:24:00,0,0,0,56684,56684,0
2023-03-23 18:26:00,0,0,0,78780,78780,0
2023-03-23 18:28:00,0,0,0,96347,96347,0
2023-03-23 18:30:00,0,0,0,47673,47673,0
2023-03-23 18:32:00,0,0,0,87450,87450,0
2023-03-23 18:34:00,0,0,0,60302,60302,0
2023-03-23 18:36:00,0,0,0,79895,79895,0
2023-03-23 18:38:00,0,0,0,91250,91250,0
2023-03-23 18:40:00,0,0,0,53157,53157,0
2023-03-23 18:42:00,0,0,0,93571,93571,0
2023-03-23 18:44:00,0,0,0,58527,58527,0
2023-03-23 18:46:00,0,0,0,77005,77005,0
2023-03-23 18:48:00,0,0,0,90453,90453,0
2023-03-23 18:50:00,0,0,0,81556,81556,0
2023-03-23 18:52:00,0,0,0,90294,90294,0
2023-03-23 18:54:00,0,0,0,63989,63989,0
2023-03-23 18:56:00,0,0,0,79826,79826,0
2023-03-23 18:58:00,0,0,0,97166,97166,0
2023-03-23 19:00:00,0,0,0,52429,52429,0
2023-03-23 19:02:00,0,0,0,233882,233882,0
2023-03-23 19:04:00,0,0,0,203139,203139,0
2023-03-23 19:06:00,0,0,0,86130,86130,0
2023-03-23 19:08:00,0,0,0,93912,93912,0
2023-03-23 19:10:00,0,0,0,48014,48014,0
2023-03-23 19:12:00,0,0,0,89566,89566,0
2023-03-23 19:14:00,0,0,0,61281,61281,0
2023-03-23 19:16:00,0,0,0,78211,78211,0
2023-03-23 19:18:00,0,0,0,99569,99569,0
2023-03-23 19:20:00,0,0,0,51246,51246,0
2023-03-23 19:22:00,0,0,0,90431,90431,0
2023-03-23 19:24:00,0,0,0,63192,63192,0
2023-03-23 19:26:00,0,0,0,80236,80236,0
2023-03-23 19:28:00,0,0,0,95983,95983,0
2023-03-23 19:30:00,0,0,0,50244,50244,0
2023-03-23 19:32:00,0,0,0,96484,96484,0
2023-03-23 19:34:00,0,0,0,63761,63761,0
2023-03-23 19:36:00,0,0,0,80668,80668,0
2023-03-23 19:38:00,0,0,0,90567,90567,0
2023-03-23 19:40:00,0,0,0,45784,45784,0
2023-03-23 19:42:00,0,0,0,91568,91568,0
2023-03-23 19:44:00,0,0,0,57822,57822,0
2023-03-23 19:46:00,0,0,0,78416,78416,0
2023-03-23 19:48:00,0,0,0,89361,89361,0
2023-03-23 19:50:00,0,0,0,50267,50267,0
2023-03-23 19:52:00,0,0,0,92615,92615,0
2023-03-23 19:54:00,0,0,0,64694,64694,0
2023-03-23 19:56:00,0,0,0,79030,79030,0
2023-03-23 19:58:00,0,0,0,91728,91728,0
2023-03-23 20:00:00,0,0,0,51496,51496,0
2023-03-23 20:02:00,0,0,0,439387,439387,0
2023-03-23 20:04:00,0,0,0,60530,60530,0
2023-03-23 20:06:00,0,0,0,78711,78711,0
2023-03-23 20:08:00,0,0,0,92251,92251,0
2023-03-23 20:10:00,0,0,0,51996,51996,0
2023-03-23 20:12:00,0,0,0,93798,93798,0
2023-03-23 20:14:00,0,0,0,60985,60985,0
2023-03-23 20:16:00,0,0,0,78393,78393,0
2023-03-23 20:18:00,0,0,0,95824,95824,0
2023-03-23 20:20:00,0,0,0,55250,55250,0
2023-03-23 20:22:00,0,0,0,93230,93230,0
2023-03-23 20:24:00,0,0,0,62259,62259,0
2023-03-23 20:26:00,0,0,0,78143,78143,0
2023-03-23 20:28:00,0,0,0,93389,93389,0
2023-03-23 20:30:00,0,0,0,46490,46490,0
2023-03-23 20:32:00,0,0,0,92274,92274,0
2023-03-23 20:34:00,0,0,0,60188,60188,0
2023-03-23 20:36:00,0,0,0,82694,82694,0
2023-03-23 20:38:00,0,0,0,91477,91477,0
2023-03-23 20:40:00,0,0,0,49698,49698,0
2023-03-23 20:42:00,0,0,0,90590,90590,0
2023-03-23 20:44:00,0,0,0,63260,63260,0
2023-03-23 20:46:00,0,0,0,74980,74980,0
2023-03-23 20:48:00,0,0,0,90726,90726,0
2023-03-23 20:50:00,0,0,0,51018,51018,0
2023-03-23 20:52:00,0,0,0,92456,92456,0
2023-03-23 20:54:00,0,0,0,61212,61212,0
2023-03-23 20:56:00,0,0,0,80350,80350,0
2023-03-23 20:58:00,0,0,0,92206,92206,0
2023-03-23 21:00:00,0,0,0,49357,49357,0
2023-03-23 21:02:00,0,0,0,232611,232611,0
2023-03-23 21:04:00,0,0,0,201500,201500,0
2023-03-23 21:06:00,0,0,0,76345,76345,0
2023-03-23 21:08:00,0,0,0,98896,98896,0
2023-03-23 21:10:00,0,0,0,46308,46308,0
2023-03-23 21:12:00,0,0,0,94754,94754,0
2023-03-23 21:14:00,0,0,0,62373,62373,0
2023-03-23 21:16:00,0,0,0,83536,83536,0
2023-03-23 21:18:00,0,0,0,94003,94003,0
2023-03-23 21:20:00,0,0,0,48333,48333,0
2023-03-23 21:22:00,0,0,0,92638,92638,0
2023-03-23 21:24:00,0,0,0,62214,62214,0
2023-03-23 21:26:00,0,0,0,81601,81601,0
2023-03-23 21:28:00,0,0,0,93798,93798,0
2023-03-23 21:30:00,0,0,0,46467,46467,0
2023-03-23 21:32:00,0,0,0,87109,87109,0
2023-03-23 21:34:00,0,0,0,61963,61963,0
2023-03-23 21:36:00,0,0,0,79371,79371,0
2023-03-23 21:38:00,0,0,0,93116,93116,0
2023-03-23 21:40:00,0,0,0,51200,51200,0
2023-03-23 21:42:00,0,0,0,93207,93207,0
2023-03-23 21:44:00,0,0,0,56570,56570,0
2023-03-23 21:46:00,0,0,0,73364,73364,0
2023-03-23 21:48:00,0,0,0,90203,90203,0
2023-03-23 21:50:00,0,0,0,46945,46945,0
2023-03-23 21:52:00,0,0,0,90759,90759,0
2023-03-23 21:54:00,0,0,0,62282,62282,0
2023-03-23 21:56:00,0,0,0,87654,87654,0
2023-03-23 21:58:00,0,0,0,98281,98281,0
2023-03-23 22:00:00,0,0,0,47013,47013,0
2023-03-23 22:02:00,0,0,0,469606,469606,0
2023-03-23 22:04:00,0,0,0,58664,58664,0
2023-03-23 22:06:00,0,0,0,70542,70542,0
2023-03-23 22:08:00,0,0,0,90544,90544,0
2023-03-23 22:10:00,0,0,0,48583,48583,0
2023-03-23 22:12:00,0,0,0,90180,90180,0
2023-03-23 22:14:00,0,0,0,59346,59346,0
2023-03-23 22:16:00,0,0,0,77028,77028,0
2023-03-23 22:18:00,0,0,0,93616,93616,0
2023-03-23 22:20:00,0,0,0,53794,53794,0
2023-03-23 22:22:00,0,0,0,88496,88496,0
2023-03-23 22:24:00,0,0,0,59140,59140,0
2023-03-23 22:26:00,0,0,0,77187,77187,0
2023-03-23 22:28:00,0,0,0,90840,90840,0
2023-03-23 22:30:00,0,0,0,46217,46217,0
2023-03-23 22:32:00,0,0,0,87586,87586,0
2023-03-23 22:34:00,0,0,0,59529,59529,0
2023-03-23 22:36:00,0,0,0,83513,83513,0
2023-03-23 22:38:00,0,0,0,96461,96461,0
2023-03-23 22:40:00,0,0,0,50426,50426,0
2023-03-23 22:42:00,0,0,0,89134,89134,0
2023-03-23 22:44:00,0,0,0,56730,56730,0
2023-03-23 22:46:00,0,0,0,81806,81806,0
2023-03-23 22:48:00,0,0,0,94322,94322,0
2023-03-23 22:50:00,0,0,0,46148,46148,0
2023-03-23 22:52:00,0,0,0,91386,91386,0
2023-03-23 22:54:00,0,0,0,59824,59824,0
2023-03-23 22:56:00,0,0,0,74115,74115,0
2023-03-23 22:58:00,0,0,0,96142,96142,0
2023-03-23 23:00:00,0,0,0,54818,54818,0
2023-03-23 23:02:00,0,0,0,232311,232311,0
2023-03-23 23:04:00,0,0,0,195288,195288,0
2023-03-23 23:06:00,0,0,0,74479,74479,0
2023-03-23 23:08:00,0,0,0,88542,88542,0
2023-03-23 23:10:00,0,0,0,45033,45033,0
2023-03-23 23:12:00,0,0,0,85402,85402,0
2023-03-23 23:14:00,0,0,0,57185,57185,0
2023-03-23 23:16:00,0,0,0,73978,73978,0
2023-03-23 23:18:00,0,0,0,92001,92001,0
2023-03-23 23:20:00,0,0,0,45579,45579,0
2023-03-23 23:22:00,0,0,0,84491,84491,0
2023-03-23 23:24:00,0,0,0,53817,53817,0
2023-03-23 23:26:00,0,0,0,75822,75822,0
2023-03-23 23:28:00,0,0,0,88724,88724,0
2023-03-23 23:30:00,0,0,0,43554,43554,0
2023-03-23 23:32:00,0,0,0,86471,86471,0
2023-03-23 23:34:00,0,0,0,56957,56957,0
2023-03-23 23:36:00,0,0,0,77232,77232,0
2023-03-23 23:38:00,0,0,0,87927,87927,0
2023-03-23 23:40:00,0,0,0,45102,45102,0
2023-03-23 23:42:00,0,0,0,89793,89793,0
2023-03-23 23:44:00,0,0,0,59665,59665,0
2023-03-23 23:46:00,0,0,0,77164,77164,0
2023-03-23 23:48:00,0,0,0,88428,88428,0
2023-03-23 23:50:00,0,0,0,44646,44646,0
2023-03-23 23:52:00,0,0,0,90408,90408,0
2023-03-23 23:54:00,0,0,0,57139,57139,0
2023-03-23 23:56:00,0,0,0,75298,75298,0
2023-03-23 23:58:00,0,0,0,95460,95460,0
2023-03-24 00:00:00,0,0,0,54500,54500,0
2023-03-24 00:02:00,0,0,0,1056245,1056245,0
2023-03-24 00:04:00,0,0,0,56525,56525,0
2023-03-24 00:06:00,0,0,0,78529,78529,0
2023-03-24 00:08:00,0,0,0,88087,88087,0
2023-03-24 00:10:00,0,0,0,47013,47013,0
2023-03-24 00:12:00,0,0,0,88678,88678,0
2023-03-24 00:14:00,0,0,0,60712,60712,0
2023-03-24 00:16:00,0,0,0,79690,79690,0
2023-03-24 00:18:00,0,0,0,93002,93002,0
2023-03-24 00:20:00,0,0,0,47764,47764,0
2023-03-24 00:22:00,0,0,0,94185,94185,0
2023-03-24 00:24:00,0,0,0,60757,60757,0
2023-03-24 00:26:00,0,0,0,93685,93685,0
2023-03-24 00:28:00,0,0,0,107998,107998,0
2023-03-24 00:30:00,0,0,0,49903,49903,0
2023-03-24 00:32:00,0,0,0,88906,88906,0
2023-03-24 00:34:00,0,0,0,60029,60029,0
2023-03-24 00:36:00,0,0,0,78097,78097,0
2023-03-24 00:38:00,0,0,0,90681,90681,0
2023-03-24 00:40:00,0,0,0,50517,50517,0
2023-03-24 00:42:00,0,0,0,97894,97894,0
2023-03-24 00:44:00,0,0,0,60120,60120,0
2023-03-24 00:46:00,0,0,0,78575,78575,0
2023-03-24 00:48:00,0,0,0,91864,91864,0
2023-03-24 00:50:00,0,0,0,45602,45602,0
2023-03-24 00:52:00,0,0,0,89680,89680,0
2023-03-24 00:54:00,0,0,0,59278,59278,0
2023-03-24 00:56:00,0,0,0,74843,74843,0
2023-03-24 00:58:00,0,0,0,94071,94071,0
2023-03-24 01:00:00,0,0,0,49903,49903,0
2023-03-24 01:02:00,0,0,0,232334,232334,0
2023-03-24 01:04:00,0,0,0,202001,202001,0
2023-03-24 01:06:00,0,0,0,80919,80919,0
2023-03-24 01:08:00,0,0,0,93889,93889,0
2023-03-24 01:10:00,0,0,0,49084,49084,0
2023-03-24 01:12:00,0,0,0,90089,90089,0
2023-03-24 01:14:00,0,0,0,60598,60598,0
2023-03-24 01:16:00,0,0,0,77050,77050,0
2023-03-24 01:18:00,0,0,0,93503,93503,0
2023-03-24 01:20:00,0,0,0,45602,45602,0
2023-03-24 01:22:00,0,0,0,89340,89340,0
2023-03-24 01:24:00,0,0,0,58937,58937,0
2023-03-24 01:26:00,0,0,0,73751,73751,0
2023-03-24 01:28:00,0,0,0,92114,92114,0
2023-03-24 01:30:00,0,0,0,44760,44760,0
2023-03-24 01:32:00,0,0,0,86494,86494,0
2023-03-24 01:34:00,0,0,0,61645,61645,0
2023-03-24 01:36:00,0,0,0,78939,78939,0
2023-03-24 01:38:00,0,0,0,91182,91182,0
2023-03-24 01:40:00,0,0,0,51564,51564,0
2023-03-24 01:42:00,0,0,0,89520,89520,0
2023-03-24 01:44:00,0,0,0,57481,57481,0
2023-03-24 01:46:00,0,0,0,74115,74115,0
2023-03-24 01:48:00,0,0,0,90362,90362,0
2023-03-24 01:50:00,0,0,0,50062,50062,0
2023-03-24 01:52:00,0,0,0,88587,88587,0
2023-03-24 01:54:00,0,0,0,57594,57594,0
2023-03-24 01:56:00,0,0,0,72863,72863,0
2023-03-24 01:58:00,0,0,0,88565,88565,0
2023-03-24 02:00:00,0,0,0,45329,45329,0
2023-03-24 02:02:00,0,0,0,467991,467991,0
2023-03-24 02:04:00,0,0,0,62214,62214,0
2023-03-24 02:06:00,0,0,0,84585,84585,0
2023-03-24 02:08:00,0,0,0,91864,91864,0
2023-03-24 02:10:00,0,0,0,48060,48060,0
2023-03-24 02:12:00,0,0,0,90499,90499,0
2023-03-24 02:14:00,0,0,0,57867,57867,0
2023-03-24 02:16:00,0,0,0,76959,76959,0
2023-03-24 02:18:00,0,0,0,91591,91591,0
2023-03-24 02:20:00,0,0,0,46490,46490,0
2023-03-24 02:22:00,0,0,0,87882,87882,0
2023-03-24 02:24:00,0,0,0,62487,62487,0
2023-03-24 02:26:00,0,0,0,76208,76208,0
2023-03-24 02:28:00,0,0,0,92570,92570,0
2023-03-24 02:30:00,0,0,0,47127,47127,0
2023-03-24 02:32:00,0,0,0,87245,87245,0
2023-03-24 02:34:00,0,0,0,53681,53681,0
2023-03-24 02:36:00,0,0,0,73000,73000,0
2023-03-24 02:38:00,0,0,0,90021,90021,0
2023-03-24 02:40:00,0,0,0,47377,47377,0
2023-03-24 02:42:00,0,0,0,89793,89793,0
2023-03-24 02:44:00,0,0,0,59733,59733,0
2023-03-24 02:46:00,0,0,0,77437,77437,0
2023-03-24 02:48:00,0,0,0,90543,90543,0
2023-03-24 02:50:00,0,0,0,43600,43600,0
2023-03-24 02:52:00,0,0,0,85879,85879,0
2023-03-24 02:54:00,0,0,0,59460,59460,0
2023-03-24 02:56:00,0,0,0,79189,79189,0
2023-03-24 02:58:00,0,0,0,91682,91682,0
2023-03-24 03:00:00,0,0,0,46012,46012,0
2023-03-24 03:02:00,0,0,0,231356,231356,0
2023-03-24 03:04:00,0,0,0,199999,199999,0
2023-03-24 03:06:00,0,0,0,75366,75366,0
2023-03-24 03:08:00,0,0,0,89862,89862,0
2023-03-24 03:10:00,0,0,0,44653,44653,0
2023-03-24 03:12:00,0,0,0,86881,86881,0
2023-03-24 03:14:00,0,0,0,56548,56548,0
2023-03-24 03:16:00,0,0,0,79690,79690,0
2023-03-24 03:18:00,0,0,0,92683,92683,0
2023-03-24 03:20:00,0,0,0,46012,46012,0
2023-03-24 03:22:00,0,0,0,88178,88178,0
2023-03-24 03:24:00,0,0,0,60279,60279,0
2023-03-24 03:26:00,0,0,0,77073,77073,0
2023-03-24 03:28:00,0,0,0,93230,93230,0
2023-03-24 03:30:00,0,0,0,45261,45261,0
2023-03-24 03:32:00,0,0,0,91978,91978,0
2023-03-24 03:34:00,0,0,0,57685,57685,0
2023-03-24 03:36:00,0,0,0,75389,75389,0
2023-03-24 03:38:00,0,0,0,88860,88860,0
2023-03-24 03:40:00,0,0,0,45033,45033,0
2023-03-24 03:42:00,0,0,0,87905,87905,0
2023-03-24 03:44:00,0,0,0,60575,60575,0
2023-03-24 03:46:00,0,0,0,86289,86289,0
2023-03-24 03:48:00,0,0,0,97485,97485,0
2023-03-24 03:50:00,0,0,0,46171,46171,0
2023-03-24 03:52:00,0,0,0,90635,90635,0
2023-03-24 03:54:00,0,0,0,63693,63693,0
2023-03-24 03:56:00,0,0,0,76595,76595,0
2023-03-24 03:58:00,0,0,0,90886,90886,0
2023-03-24 04:00:00,0,0,0,52042,52042,0
2023-03-24 04:02:00,0,0,0,452517,452517,0
2023-03-24 04:04:00,0,0,0,56934,56934,0
2023-03-24 04:06:00,0,0,0,98076,98076,0
2023-03-24 04:08:00,0,0,0,114187,114187,0
2023-03-24 04:10:00,0,0,0,44988,44988,0
2023-03-24 04:12:00,0,0,0,89953,89953,0
2023-03-24 04:14:00,0,0,0,60416,60416,0
2023-03-24 04:16:00,0,0,0,74297,74297,0
2023-03-24 04:18:00,0,0,0,88656,88656,0
2023-03-24 04:20:00,0,0,0,51246,51246,0
2023-03-24 04:22:00,0,0,0,90999,90999,0
2023-03-24 04:24:00,0,0,0,58618,58618,0
2023-03-24 04:26:00,0,0,0,75867,75867,0
2023-03-24 04:28:00,0,0,0,91250,91250,0
2023-03-24 04:30:00,0,0,0,50222,50222,0
2023-03-24 04:32:00,0,0,0,90226,90226,0
2023-03-24 04:34:00,0,0,0,62282,62282,0
2023-03-24 04:36:00,0,0,0,77096,77096,0
2023-03-24 04:38:00,0,0,0,91773,91773,0
2023-03-24 04:40:00,0,0,0,47058,47058,0
2023-03-24 04:42:00,0,0,0,96119,96119,0
2023-03-24 04:44:00,0,0,0,65104,65104,0
2023-03-24 04:46:00,0,0,0,80236,80236,0
2023-03-24 04:48:00,0,0,0,94231,94231,0
2023-03-24 04:50:00,0,0,0,47195,47195,0
2023-03-24 04:52:00,0,0,0,91955,91955,0
2023-03-24 04:54:00,0,0,0,61372,61372,0
2023-03-24 04:56:00,0,0,0,76914,76914,0
2023-03-24 04:58:00,0,0,0,91955,91955,0
2023-03-24 05:00:00,0,0,0,41301,41301,0
2023-03-24 05:02:00,0,0,0,226941,226941,0
2023-03-24 05:04:00,0,0,0,197609,197609,0
2023-03-24 05:06:00,0,0,0,78689,78689,0
2023-03-24 05:08:00,0,0,0,90271,90271,0
2023-03-24 05:10:00,0,0,0,45079,45079,0
2023-03-24 05:12:00,0,0,0,89862,89862,0
2023-03-24 05:14:00,0,0,0,59073,59073,0
2023-03-24 05:16:00,0,0,0,74866,74866,0
2023-03-24 05:18:00,0,0,0,92479,92479,0
2023-03-24 05:20:00,0,0,0,51951,51951,0
2023-03-24 05:22:00,0,0,0,89065,89065,0
2023-03-24 05:24:00,0,0,0,56593,56593,0
2023-03-24 05:26:00,0,0,0,76413,76413,0
2023-03-24 05:28:00,0,0,0,92002,92002,0
2023-03-24 05:30:00,0,0,0,45716,45716,0
2023-03-24 05:32:00,0,0,0,88859,88859,0
2023-03-24 05:34:00,0,0,0,57025,57025,0
2023-03-24 05:36:00,0,0,0,75503,75503,0
2023-03-24 05:38:00,0,0,0,89088,89088,0
2023-03-24 05:40:00,0,0,0,50039,50039,0
2023-03-24 05:42:00,0,0,0,90840,90840,0
2023-03-24 05:44:00,0,0,0,61804,61804,0
2023-03-24 05:46:00,0,0,0,78211,78211,0
2023-03-24 05:48:00,0,0,0,91568,91568,0
2023-03-24 05:50:00,0,0,0,49198,49198,0
2023-03-24 05:52:00,0,0,0,95687,95687,0
2023-03-24 05:54:00,0,0,0,64125,64125,0
2023-03-24 05:56:00,0,0,0,79396,79396,0
2023-03-24 05:58:00,0,0,0,95937,95937,0
2023-03-24 06:00:00,0,0,0,44692,44692,0
2023-03-24 06:02:00,0,0,0,2499584,2499584,0
2023-03-24 06:04:00,0,0,0,59642,59642,0
2023-03-24 06:06:00,0,0,0,80555,80555,0
2023-03-24 06:08:00,0,0,0,90249,90249,0
2023-03-24 06:10:00,0,0,0,45420,45420,0
2023-03-24 06:12:00,0,0,0,89543,89543,0
2023-03-24 06:14:00,0,0,0,57458,57458,0
2023-03-24 06:16:00,0,0,0,73500,73500,0
2023-03-24 06:18:00,0,0,0,85948,85948,0
2023-03-24 06:20:00,0,0,0,44078,44078,0
2023-03-24 06:22:00,0,0,0,84105,84105,0
2023-03-24 06:24:00,0,0,0,56957,56957,0
2023-03-24 06:26:00,0,0,0,75617,75617,0
2023-03-24 06:28:00,0,0,0,89257,89257,0
2023-03-24 06:30:00,0,0,0,47900,47900,0
2023-03-24 06:32:00,0,0,0,93641,93641,0
2023-03-24 06:34:00,0,0,0,65126,65126,0
2023-03-24 06:36:00,0,0,0,86244,86244,0
2023-03-24 06:38:00,0,0,0,95710,95710,0
2023-03-24 06:40:00,0,0,0,52087,52087,0
2023-03-24 06:42:00,0,0,0,93730,93730,0
2023-03-24 06:44:00,0,0,0,57936,57936,0
2023-03-24 06:46:00,0,0,0,78461,78461,0
2023-03-24 06:48:00,0,0,0,94254,94254,0
2023-03-24 06:50:00,0,0,0,50632,50632,0
2023-03-24 06:52:00,0,0,0,87040,87040,0
2023-03-24 06:54:00,0,0,0,61989,61989,0
2023-03-24 06:56:00,0,0,0,77819,77819,0
2023-03-24 06:58:00,0,0,0,91022,91022,0
2023-03-24 07:00:00,0,0,0,47900,47900,0
2023-03-24 07:02:00,0,0,0,254953,254953,0
2023-03-24 07:04:00,0,0,0,220729,220729,0
2023-03-24 07:06:00,0,0,0,76709,76709,0
2023-03-24 07:08:00,0,0,0,90704,90704,0
2023-03-24 07:10:00,0,0,0,50722,50722,0
2023-03-24 07:12:00,0,0,0,95528,95528,0
2023-03-24 07:14:00,0,0,0,62396,62396,0
2023-03-24 07:16:00,0,0,0,78461,78461,0
2023-03-24 07:18:00,0,0,0,91318,91318,0
2023-03-24 07:20:00,0,0,0,49061,49061,0
2023-03-24 07:22:00,0,0,0,88132,88132,0
2023-03-24 07:24:00,0,0,0,54795,54795,0
2023-03-24 07:26:00,0,0,0,77460,77460,0
2023-03-24 07:28:00,0,0,0,94322,94322,0
2023-03-24 07:30:00,0,0,0,53498,53498,0
2023-03-24 07:32:00,0,0,0,97257,97257,0
2023-03-24 07:34:00,0,0,0,64603,64603,0
2023-03-24 07:36:00,0,0,0,80782,80782,0
2023-03-24 07:38:00,0,0,0,92841,92841,0
2023-03-24 07:40:00,0,0,0,51382,51382,0
2023-03-24 07:42:00,0,0,0,90294,90294,0
2023-03-24 07:44:00,0,0,0,56070,56070,0
2023-03-24 07:46:00,0,0,0,73956,73956,0
2023-03-24 07:48:00,0,0,0,91568,91568,0
2023-03-24 07:50:00,0,0,0,50472,50472,0
2023-03-24 07:52:00,0,0,0,93389,93389,0
2023-03-24 07:54:00,0,0,0,59210,59210,0
2023-03-24 07:56:00,0,0,0,76072,76072,0
2023-03-24 07:58:00,0,0,0,94572,94572,0
2023-03-24 08:00:00,0,0,0,48902,48902,0
2023-03-24 08:02:00,0,0,0,445326,445326,0
2023-03-24 08:04:00,0,0,0,61508,61508,0
2023-03-24 08:06:00,364,364,0,140766,140766,0
2023-03-24 08:08:00,364,364,0,154738,154738,0
2023-03-24 08:10:00,0,0,0,47354,47354,0
2023-03-24 08:12:00,0,0,0,93230,93230,0
2023-03-24 08:14:00,0,0,0,59938,59938,0
2023-03-24 08:16:00,0,0,0,72681,72681,0
2023-03-24 08:18:00,0,0,0,93958,93958,0
2023-03-24 08:20:00,0,0,0,51086,51086,0
2023-03-24 08:22:00,0,0,0,90408,90408,0
2023-03-24 08:24:00,0,0,0,60462,60462,0
2023-03-24 08:26:00,0,0,0,75389,75389,0
2023-03-24 08:28:00,0,0,0,90271,90271,0
2023-03-24 08:30:00,0,0,0,44373,44373,0
2023-03-24 08:32:00,0,0,0,89475,89475,0
2023-03-24 08:34:00,0,0,0,1240314,1240314,0
2023-03-24 08:36:00,0,0,0,676363,676363,0
2023-03-24 08:38:00,0,0,0,94322,94322,0
2023-03-24 08:40:00,0,0,0,45807,45807,0
2023-03-24 08:42:00,0,0,0,90984,90984,0
2023-03-24 08:44:00,0,0,0,61645,61645,0
2023-03-24 08:46:00,0,0,0,72226,72226,0
2023-03-24 08:48:00,0,0,0,89839,89839,0
2023-03-24 08:50:00,0,0,0,44760,44760,0
2023-03-24 08:52:00,0,0,0,94868,94868,0
2023-03-24 08:54:00,0,0,0,63034,63034,0
2023-03-24 08:56:00,0,0,0,85424,85424,0
2023-03-24 08:58:00,0,0,0,97940,97940,0
2023-03-24 09:00:00,0,0,0,46493,46493,0

