"Time","cattle-fleet-local-system","cattle-fleet-system","cattle-monitoring-system","cattle-system","cert-manager","cilium-monitoring","default","falco","kube-system","longhorn-system","sock-shop","tracee-system"
2023-03-21 20:30:00,4652,3649,4806,7538,172,32732,0,201,4334,384,144,0
2023-03-21 20:32:00,4652,3649,4806,7538,172,32732,0,201,4334,384,144,0
2023-03-21 20:34:00,4652,3649,4806,7538,172,32732,0,201,4334,384,144,0
2023-03-21 20:36:00,4472,3579,5272,7207,179,34998,0,201,4870,381,248,0
2023-03-21 20:38:00,4472,3579,5272,7207,179,34998,0,201,4870,381,248,0
2023-03-21 20:40:00,5612,3686,4696,7441,179,32771,0,201,4211,383,144,0
2023-03-21 20:42:00,5612,3686,4696,7441,179,32771,0,201,4211,383,144,0
2023-03-21 20:44:00,5612,3686,4696,7441,179,32771,0,201,4211,383,144,0
2023-03-21 20:46:00,4500,3557,5277,7533,181,34602,0.140,201,4870,386,252,0
2023-03-21 20:48:00,4500,3557,5277,7533,181,34602,0.140,201,4870,386,252,0
2023-03-21 20:50:00,18168,3599,4789,7382,178,34233,0,201,4271,382,144,0
2023-03-21 20:52:00,18168,3599,4789,7382,178,34233,0,201,4271,382,144,0
2023-03-21 20:54:00,18168,3599,4789,7382,178,34233,0,201,4271,382,144,0
2023-03-21 20:56:00,4464,3472,7668,7196,175,31996,0.0467,201,7786,384,513,0.156
2023-03-21 20:58:00,4464,3472,7668,7196,175,31996,0.0467,201,7786,384,513,0.156
2023-03-21 21:00:00,4467,3744,4656,7639,183,35407,0.0467,201,4255,384,146,0
2023-03-21 21:02:00,4467,3744,4656,7639,183,35407,0.0467,201,4255,384,146,0
2023-03-21 21:04:00,4467,3744,4656,7639,183,35407,0.0467,201,4255,384,146,0
2023-03-21 21:06:00,4519,3552,5275,7290,173,33835,0,201,4949,384,257,0.0778
2023-03-21 21:08:00,4519,3552,5275,7290,173,33835,0,201,4949,384,257,0.0778
2023-03-21 21:10:00,5573,3618,4707,7297,177,33860,0,201,4189,376,145,0
2023-03-21 21:12:00,5573,3618,4707,7297,177,33860,0,201,4189,376,145,0
2023-03-21 21:14:00,5573,3618,4707,7297,177,33860,0,201,4189,376,145,0
2023-03-21 21:16:00,18117,3547,5392,7537,183,33142,0,201,4900,386,258,0
2023-03-21 21:18:00,18117,3547,5392,7537,183,33142,0,201,4900,386,258,0
2023-03-21 21:20:00,4461,3584,4602,7245,173,33813,0,201,4232,384,145,0
2023-03-21 21:22:00,4461,3584,4602,7245,173,33813,0,201,4232,384,145,0
2023-03-21 21:24:00,4461,3584,4602,7245,173,33813,0,201,4232,384,145,0
2023-03-21 21:26:00,5059,3844,5608,13325,180,34976,0,201,5196,447,257,0
2023-03-21 21:28:00,5059,3844,5608,13325,180,34976,0,201,5196,447,257,0
2023-03-21 21:30:00,4225,3551,4664,7523,176,32717,0,201,4224,382,145,0
2023-03-21 21:32:00,4225,3551,4664,7523,176,32717,0,201,4224,382,145,0
2023-03-21 21:34:00,4225,3551,4664,7523,176,32717,0,201,4224,382,145,0
2023-03-21 21:36:00,4499,3574,5294,7244,177,32769,0,201,4830,385,244,0
2023-03-21 21:38:00,4499,3574,5294,7244,177,32769,0,201,4830,385,244,0
2023-03-21 21:40:00,19521,3616,4703,7272,180,36069,0,201,4216,381,143,0
2023-03-21 21:42:00,19521,3616,4703,7272,180,36069,0,201,4216,381,143,0
2023-03-21 21:44:00,19521,3616,4703,7272,180,36069,0,201,4216,381,143,0
2023-03-21 21:46:00,4500,3555,6474,7553,173,31648,0.0467,201,6476,392,331,0
2023-03-21 21:48:00,4500,3555,6474,7553,173,31648,0.0467,201,6476,392,331,0
2023-03-21 21:50:00,4302,3606,5714,7420,183,36067,0.0467,201,5383,378,328,0
2023-03-21 21:52:00,4302,3606,5714,7420,183,36067,0.0467,201,5383,378,328,0
2023-03-21 21:54:00,4302,3606,5714,7420,183,36067,0.0467,201,5383,378,328,0
2023-03-21 21:56:00,4538,3672,4658,7246,179,33504,0.0933,201,4127,389,146,0.0778
2023-03-21 21:58:00,4538,3672,4658,7246,179,33504,0.0933,201,4127,389,146,0.0778
2023-03-21 22:00:00,4489,3608,5263,7410,175,34253,0,201,4899,380,256,0.156
2023-03-21 22:02:00,4489,3608,5263,7410,175,34253,0,201,4899,380,256,0.156
2023-03-21 22:04:00,4489,3608,5263,7410,175,34253,0,201,4899,380,256,0.156
2023-03-21 22:06:00,18135,3559,4764,7396,180,33516,0.0467,201,4311,387,143,0
2023-03-21 22:08:00,18135,3559,4764,7396,180,33516,0.0467,201,4311,387,143,0
2023-03-21 22:10:00,5688,3495,5246,7399,176,33455,0,201,4891,383,255,0
2023-03-21 22:12:00,5688,3495,5246,7399,176,33455,0,201,4891,383,255,0
2023-03-21 22:14:00,5688,3495,5246,7399,176,33455,0,201,4891,383,255,0
2023-03-21 22:16:00,4504,3685,4691,7470,178,32389,0,201,4102,386,143,0
2023-03-21 22:18:00,4504,3685,4691,7470,178,32389,0,201,4102,386,143,0
2023-03-21 22:20:00,4511,3495,5229,7403,179,36086,0,201,4930,382,254,0
2023-03-21 22:22:00,4511,3495,5229,7403,179,36086,0,201,4930,382,254,0
2023-03-21 22:24:00,4511,3495,5229,7403,179,36086,0,201,4930,382,254,0
2023-03-21 22:26:00,17961,3670,4892,7204,177,33485,0,201,4319,386,146,0
2023-03-21 22:28:00,17961,3670,4892,7204,177,33485,0,201,4319,386,146,0
2023-03-21 22:30:00,4705,3564,5222,7401,178,33084,0,201,4875,377,257,0
2023-03-21 22:32:00,4705,3564,5222,7401,178,33084,0,201,4875,377,257,0
2023-03-21 22:34:00,4705,3564,5222,7401,178,33084,0,201,4875,377,257,0
2023-03-21 22:36:00,4223,3541,4682,7313,178,33915,0,201,4174,373,144,0
2023-03-21 22:38:00,4223,3541,4682,7313,178,33915,0,201,4174,373,144,0
2023-03-21 22:40:00,5777,3471,5238,7206,178,33840,0,201,4865,384,259,0
2023-03-21 22:42:00,5777,3471,5238,7206,178,33840,0,201,4865,384,259,0
2023-03-21 22:44:00,5777,3471,5238,7206,178,33840,0,201,4865,384,259,0
2023-03-21 22:46:00,4403,3689,4672,7679,176,34605,0.0933,201,4201,385,143,0
2023-03-21 22:48:00,4403,3689,4672,7679,176,34605,0.0933,201,4201,385,143,0
2023-03-21 22:50:00,4370,3674,5225,7166,181,33131,0.0467,201,4791,385,258,0
2023-03-21 22:52:00,4370,3674,5225,7166,181,33131,0.0467,201,4791,385,258,0
2023-03-21 22:54:00,4370,3674,5225,7166,181,33131,0.0467,201,4791,385,258,0
2023-03-21 22:56:00,18176,3610,4773,7231,175,33849,0.0467,201,4320,376,144,0.0778
2023-03-21 22:58:00,18176,3610,4773,7231,175,33849,0.0467,201,4320,376,144,0.0778
2023-03-21 23:00:00,4533,3501,5238,7724,178,34620,0.0467,201,4884,388,260,0.156
2023-03-21 23:02:00,4533,3501,5238,7724,178,34620,0.0467,201,4884,388,260,0.156
2023-03-21 23:04:00,4533,3501,5238,7724,178,34620,0.0467,201,4884,388,260,0.156
2023-03-21 23:06:00,4592,3631,4905,7220,182,32005,0,,4339,388,143,0
2023-03-21 23:08:00,4592,3631,4905,7220,182,32005,0,,4339,388,143,0
2023-03-21 23:10:00,5536,3659,5420,7288,179,34965,0,,4988,381,258,0
2023-03-21 23:12:00,5536,3659,5420,7288,179,34965,0,,4988,381,258,0
2023-03-21 23:14:00,5536,3659,5420,7288,179,34965,0,,4988,381,258,0
2023-03-21 23:16:00,18221,3542,5895,7553,182,33874,0,,5133,383,145,0
2023-03-21 23:18:00,18221,3542,5895,7553,182,33874,0,,5133,383,145,0
2023-03-21 23:20:00,4477,3626,5430,7363,176,33874,0,,5019,382,258,0
2023-03-21 23:22:00,4477,3626,5430,7363,176,33874,0,,5019,382,258,0
2023-03-21 23:24:00,4477,3626,5430,7363,176,33874,0,,5019,382,258,0
2023-03-21 23:26:00,4465,3639,4737,7113,176,34926,0,,4331,383,145,0
2023-03-21 23:28:00,4465,3639,4737,7113,176,34926,0,,4331,383,145,0
2023-03-21 23:30:00,4533,3557,5433,7624,179,32361,0,,4949,385,258,0
2023-03-21 23:32:00,4533,3557,5433,7624,179,32361,0,,4949,385,258,0
2023-03-21 23:34:00,4533,3557,5433,7624,179,32361,0,,4949,385,258,0
2023-03-21 23:36:00,4256,3489,4792,7183,180,34245,0,,4285,378,144,0
2023-03-21 23:38:00,4256,3489,4792,7183,180,34245,0,,4285,378,144,0
2023-03-21 23:40:00,19545,3705,5610,7386,178,33869,0.0467,,5109,381,258,0
2023-03-21 23:42:00,19545,3705,5610,7386,178,33869,0.0467,,5109,381,258,0
2023-03-21 23:44:00,19545,3705,5610,7386,178,33869,0.0467,,5109,381,258,0
2023-03-21 23:46:00,4395,3534,4705,7362,173,34599,0.0467,,4326,390,144,0
2023-03-21 23:48:00,4395,3534,4705,7362,173,34599,0.0467,,4326,390,144,0
2023-03-21 23:50:00,4479,3657,5408,7272,179,32015,0,,4990,372,259,0
2023-03-21 23:52:00,4479,3657,5408,7272,179,32015,0,,4990,372,259,0
2023-03-21 23:54:00,4479,3657,5408,7272,179,32015,0,,4990,372,259,0
2023-03-21 23:56:00,18107,3562,4968,7328,176,34965,0.0933,,4265,387,144,0.0778
2023-03-21 23:58:00,18107,3562,4968,7328,176,34965,0.0933,,4265,387,144,0.0778
2023-03-22 00:00:00,4621,3527,5418,7504,180,34618,0,,5121,385,257,0
2023-03-22 00:02:00,4621,3527,5418,7504,180,34618,0,,5121,385,257,0
2023-03-22 00:04:00,4621,3527,5418,7504,180,34618,0,,5121,385,257,0
2023-03-22 00:06:00,4467,3634,4756,7318,177,32027,0.0467,,4288,379,145,0.156
2023-03-22 00:08:00,4467,3634,4756,7318,177,32027,0.0467,,4288,379,145,0.156
2023-03-22 00:10:00,5600,3636,5339,7239,181,36068,0,,5004,387,257,0
2023-03-22 00:12:00,5600,3636,5339,7239,181,36068,0,,5004,387,257,0
2023-03-22 00:14:00,5600,3636,5339,7239,181,36068,0,,5004,387,257,0
2023-03-22 00:16:00,18218,3498,4917,7552,177,32365,0,,4356,381,146,0
2023-03-22 00:18:00,18218,3498,4917,7552,177,32365,0,,4356,381,146,0
2023-03-22 00:20:00,4464,3603,5447,7334,179,34984,0,,5033,380,258,0
2023-03-22 00:22:00,4464,3603,5447,7334,179,34984,0,,5033,380,258,0
2023-03-22 00:24:00,4464,3603,5447,7334,179,34984,0,,5033,380,258,0
2023-03-22 00:26:00,4257,3651,4837,7140,178,33135,0,,4326,379,144,0
2023-03-22 00:28:00,4257,3651,4837,7140,178,33135,0,,4326,379,144,0
2023-03-22 00:30:00,4384,3602,5402,7648,175,32729,0,,5058,378,258,0
2023-03-22 00:32:00,4384,3602,5402,7648,175,32729,0,,5058,378,258,0
2023-03-22 00:34:00,4384,3602,5402,7648,175,32729,0,,5058,378,258,0
2023-03-22 00:36:00,4624,3525,4813,7178,175,34927,0,,4249,381,145,0
2023-03-22 00:38:00,4624,3525,4813,7178,175,34927,0,,4249,381,145,0
2023-03-22 00:40:00,19471,3549,5616,7383,179,34637,0,,5168,389,260,0
2023-03-22 00:42:00,19471,3549,5616,7383,179,34637,0,,5168,389,260,0
2023-03-22 00:44:00,19471,3549,5616,7383,179,34637,0,,5168,389,260,0
2023-03-22 00:46:00,4447,3676,5720,7536,177,34258,0.0933,,5639,387,142,0
2023-03-22 00:48:00,4447,3676,5720,7536,177,34258,0.0933,,5639,387,142,0
2023-03-22 00:50:00,4295,3574,7734,7295,178,32375,0,,7936,385,471,0
2023-03-22 00:52:00,4295,3574,7734,7295,178,32375,0,,7936,385,471,0
2023-03-22 00:54:00,4295,3574,7734,7295,178,32375,0,,7936,385,471,0
2023-03-22 00:56:00,18305,3633,5099,7241,182,35324,0.0933,,4466,377,203,0.0778
2023-03-22 00:58:00,18305,3633,5099,7241,182,35324,0.0933,,4466,377,203,0.0778
2023-03-22 01:00:00,4343,3487,5255,7386,175,32783,0,,4876,382,182,0.0778
2023-03-22 01:02:00,4343,3487,5255,7386,175,32783,0,,4876,382,182,0.0778
2023-03-22 01:04:00,4343,3487,5255,7386,175,32783,0,,4876,382,182,0.0778
2023-03-22 01:06:00,4379,3669,5123,7521,178,34558,0.0467,,4699,383,220,0.0778
2023-03-22 01:08:00,4379,3669,5123,7521,178,34558,0.0467,,4699,383,220,0.0778
2023-03-22 01:10:00,5812,3564,5124,7377,177,34240,0,,4729,380,167,0
2023-03-22 01:12:00,5812,3564,5124,7377,177,34240,0,,4729,380,167,0
2023-03-22 01:14:00,5812,3564,5124,7377,177,34240,0,,4729,380,167,0
2023-03-22 01:16:00,4518,3574,5164,7582,180,33504,0,,4707,386,237,0
2023-03-22 01:18:00,4518,3574,5164,7582,180,33504,0,,4707,386,237,0
2023-03-22 01:20:00,18127,3575,5368,7356,174,32745,0,,4733,385,164,0
2023-03-22 01:22:00,18127,3575,5368,7356,174,32745,0,,4733,385,164,0
2023-03-22 01:24:00,18127,3575,5368,7356,174,32745,0,,4733,385,164,0
2023-03-22 01:26:00,4425,3629,5175,7193,182,34248,0,,4824,380,239,0
2023-03-22 01:28:00,4425,3629,5175,7193,182,34248,0,,4824,380,239,0
2023-03-22 01:30:00,4473,3406,5264,7605,176,33876,0,,4632,383,161,0
2023-03-22 01:32:00,4473,3406,5264,7605,176,33876,0,,4632,383,161,0
2023-03-22 01:34:00,4473,3406,5264,7605,176,33876,0,,4632,383,161,0
2023-03-22 01:36:00,18103,3832,6299,7231,178,33841,0,,5707,383,240,0
2023-03-22 01:38:00,18103,3832,6299,7231,178,33841,0,,5707,383,240,0
2023-03-22 01:40:00,5776,3591,4867,7290,176,34995,0.0467,,4422,384,158,0
2023-03-22 01:42:00,5776,3591,4867,7290,176,34995,0.0467,,4422,384,158,0
2023-03-22 01:44:00,5776,3591,4867,7290,176,34995,0.0467,,4422,384,158,0
2023-03-22 01:46:00,4444,3519,5430,7590,185,33873,0.0467,,5008,385,247,0
2023-03-22 01:48:00,4444,3519,5430,7590,185,33873,0.0467,,5008,385,247,0
2023-03-22 01:50:00,4303,3663,4964,7287,173,33898,0.0467,,4345,388,150,0
2023-03-22 01:52:00,4303,3663,4964,7287,173,33898,0.0467,,4345,388,150,0
2023-03-22 01:54:00,4303,3663,4964,7287,173,33898,0.0467,,4345,388,150,0
2023-03-22 01:56:00,4663,3527,7748,7283,180,32721,0,,7982,377,522,0
2023-03-22 01:58:00,4663,3527,7748,7283,180,32721,0,,7982,377,522,0
2023-03-22 02:00:00,18024,3588,4879,7532,179,32790,0.0467,,4422,388,143,0
2023-03-22 02:02:00,18024,3588,4879,7532,179,32790,0.0467,,4422,388,143,0
2023-03-22 02:04:00,18024,3588,4879,7532,179,32790,0.0467,,4422,388,143,0
2023-03-22 02:06:00,4622,3587,5392,7303,173,36071,0,,5083,384,259,0.156
2023-03-22 02:08:00,4622,3587,5392,7303,173,36071,0,,5083,384,259,0.156
2023-03-22 02:10:00,16632,4142,6122,26245,362,33869,0.0467,,5669,506,144,0.0778
2023-03-22 02:12:00,16632,4142,6122,26245,362,33869,0.0467,,5669,506,144,0.0778
2023-03-22 02:14:00,16632,4142,6122,26245,362,33869,0.0467,,5669,506,144,0.0778
2023-03-22 02:16:00,15527,3952,5956,12204,361,32747,0,,5452,425,260,0
2023-03-22 02:18:00,15527,3952,5956,12204,361,32747,0,,5452,425,260,0
2023-03-22 02:20:00,4401,3575,4945,7204,177,33854,0,,4376,383,143,0
2023-03-22 02:22:00,4401,3575,4945,7204,177,33854,0,,4376,383,143,0
2023-03-22 02:24:00,4401,3575,4945,7204,177,33854,0,,4376,383,143,0
2023-03-22 02:26:00,4480,3587,5324,7500,178,33877,0,,5006,385,260,0
2023-03-22 02:28:00,4480,3587,5324,7500,178,33877,0,,5006,385,260,0
2023-03-22 02:30:00,18195,3674,4977,7279,177,33831,0,,4512,381,144,0
2023-03-22 02:32:00,18195,3674,4977,7279,177,33831,0,,4512,381,144,0
2023-03-22 02:34:00,18195,3674,4977,7279,177,33831,0,,4512,381,144,0
2023-03-22 02:36:00,4371,3521,5464,7174,182,33829,0,,5046,377,258,0
2023-03-22 02:38:00,4371,3521,5464,7174,182,33829,0,,5046,377,258,0
2023-03-22 02:40:00,5612,3593,4948,7491,171,33898,0,,4435,381,144,0
2023-03-22 02:42:00,5612,3593,4948,7491,171,33898,0,,4435,381,144,0
2023-03-22 02:44:00,5612,3593,4948,7491,171,33898,0,,4435,381,144,0
2023-03-22 02:46:00,4553,3672,5387,7229,187,33825,0.0467,,5099,383,259,0
2023-03-22 02:48:00,4553,3672,5387,7229,187,33825,0.0467,,5099,383,259,0
2023-03-22 02:50:00,4429,3505,4892,7263,174,34993,0.0467,,4397,384,145,0
2023-03-22 02:52:00,4429,3505,4892,7263,174,34993,0.0467,,4397,384,145,0
2023-03-22 02:54:00,4429,3505,4892,7263,174,34993,0.0467,,4397,384,145,0
2023-03-22 02:56:00,4448,3401,5431,7587,180,32741,0.0467,,5002,377,259,0
2023-03-22 02:58:00,4448,3401,5431,7587,180,32741,0.0467,,5002,377,259,0
2023-03-22 03:00:00,18088,3761,4907,7185,174,34948,0.0467,,4339,381,142,0
2023-03-22 03:02:00,18088,3761,4907,7185,174,34948,0.0467,,4339,381,142,0
2023-03-22 03:04:00,18088,3761,4907,7185,174,34948,0.0467,,4339,381,142,0
2023-03-22 03:06:00,4292,3538,5423,7286,177,32720,0,,5122,388,259,0.0778
2023-03-22 03:08:00,4292,3538,5423,7286,177,32720,0,,5122,388,259,0.0778
2023-03-22 03:10:00,5779,3623,4923,7623,179,33885,0,,4370,381,145,0.156
2023-03-22 03:12:00,5779,3623,4923,7623,179,33885,0,,4370,381,145,0.156
2023-03-22 03:14:00,5779,3623,4923,7623,179,33885,0,,4370,381,145,0.156
2023-03-22 03:16:00,18247,3671,5716,7344,178,34607,0.0467,,5299,382,259,0
2023-03-22 03:18:00,18247,3671,5716,7344,178,34607,0.0467,,5299,382,259,0
2023-03-22 03:20:00,4327,3489,4978,7175,179,33865,0,,4451,379,144,0
2023-03-22 03:22:00,4327,3489,4978,7175,179,33865,0,,4451,379,144,0
2023-03-22 03:24:00,4327,3489,4978,7175,179,33865,0,,4451,379,144,0
2023-03-22 03:26:00,4651,3557,5408,7609,180,33105,0,,5057,383,259,0
2023-03-22 03:28:00,4651,3557,5408,7609,180,33105,0,,5057,383,259,0
2023-03-22 03:30:00,18146,3646,4956,7240,172,34259,0,,4386,380,142,0
2023-03-22 03:32:00,18146,3646,4956,7240,172,34259,0,,4386,380,142,0
2023-03-22 03:34:00,18146,3646,4956,7240,172,34259,0,,4386,380,142,0
2023-03-22 03:36:00,4298,3641,5418,7363,179,34232,0,,5115,377,259,0
2023-03-22 03:38:00,4298,3641,5418,7363,179,34232,0,,5115,377,259,0
2023-03-22 03:40:00,5893,3517,4800,7299,184,33104,0,,4302,386,145,0
2023-03-22 03:42:00,5893,3517,4800,7299,184,33104,0,,4302,386,145,0
2023-03-22 03:44:00,5893,3517,4800,7299,184,33104,0,,4302,386,145,0
2023-03-22 03:46:00,4341,3649,5464,7176,172,34962,0,,5034,383,260,0
2023-03-22 03:48:00,4341,3649,5464,7176,172,34962,0,,5034,383,260,0
2023-03-22 03:50:00,4342,3620,4849,7380,184,32733,0,,4347,374,142,0
2023-03-22 03:52:00,4342,3620,4849,7380,184,32733,0,,4347,374,142,0
2023-03-22 03:54:00,4342,3620,4849,7380,184,32733,0,,4347,374,142,0
2023-03-22 03:56:00,4528,3545,6826,7451,178,34984,0.140,,6762,381,323,0
2023-03-22 03:58:00,4528,3545,6826,7451,178,34984,0.140,,6762,381,323,0
2023-03-22 04:00:00,18184,3559,6039,7313,177,33869,0,,5742,385,352,0
2023-03-22 04:02:00,18184,3559,6039,7313,177,33869,0,,5742,385,352,0
2023-03-22 04:04:00,18184,3559,6039,7313,177,33869,0,,5742,385,352,0
2023-03-22 04:06:00,4486,3665,4806,7315,177,33837,0.0467,,4318,388,142,0
2023-03-22 04:08:00,4486,3665,4806,7315,177,33837,0.0467,,4318,388,142,0
2023-03-22 04:10:00,5809,3550,5465,7564,175,33485,0,,5115,377,261,0.233
2023-03-22 04:12:00,5809,3550,5465,7564,175,33485,0,,5115,377,261,0.233
2023-03-22 04:14:00,5809,3550,5465,7564,175,33485,0,,5115,377,261,0.233
2023-03-22 04:16:00,4448,3590,4889,7209,182,33122,0.0467,,4328,387,146,0
2023-03-22 04:18:00,4448,3590,4889,7209,182,33122,0.0467,,4328,387,146,0
2023-03-22 04:20:00,4280,3592,5416,7449,175,34589,0,,5066,382,256,0
2023-03-22 04:22:00,4280,3592,5416,7449,175,34589,0,,5066,382,256,0
2023-03-22 04:24:00,4280,3592,5416,7449,175,34589,0,,5066,382,256,0
2023-03-22 04:26:00,18233,3606,5005,7454,180,33108,0,,4417,382,144,0
2023-03-22 04:28:00,18233,3606,5005,7454,180,33108,0,,4417,382,144,0
2023-03-22 04:30:00,4436,3543,5488,7266,178,33854,0,,5144,382,261,0
2023-03-22 04:32:00,4436,3543,5488,7266,178,33854,0,,5144,382,261,0
2023-03-22 04:34:00,4436,3543,5488,7266,178,33854,0,,5144,382,261,0
2023-03-22 04:36:00,4498,3625,4836,7251,174,33887,0,,4166,384,144,0
2023-03-22 04:38:00,4498,3625,4836,7251,174,33887,0,,4166,384,144,0
2023-03-22 04:40:00,5723,3635,5470,7566,180,33490,0,,5098,385,254,0
2023-03-22 04:42:00,5723,3635,5470,7566,180,33490,0,,5098,385,254,0
2023-03-22 04:44:00,5723,3635,5470,7566,180,33490,0,,5098,385,254,0
2023-03-22 04:46:00,18105,3512,4930,7286,177,34197,0,,4460,387,147,0
2023-03-22 04:48:00,18105,3512,4930,7286,177,34197,0,,4460,387,147,0
2023-03-22 04:50:00,4537,3681,5342,7445,178,34973,0.0467,,5021,386,260,0
2023-03-22 04:52:00,4537,3681,5342,7445,178,34973,0.0467,,5021,386,260,0
2023-03-22 04:54:00,4537,3681,5342,7445,178,34973,0.0467,,5021,386,260,0
2023-03-22 04:56:00,4592,3551,4895,7437,172,33835,0,,4358,383,141,0
2023-03-22 04:58:00,4592,3551,4895,7437,172,33835,0,,4358,383,141,0
2023-03-22 05:00:00,4284,3633,7744,7443,180,32743,0.140,,7943,379,531,0.0778
2023-03-22 05:02:00,4284,3633,7744,7443,180,32743,0.140,,7943,379,531,0.0778
2023-03-22 05:04:00,4284,3633,7744,7443,180,32743,0.140,,7943,379,531,0.0778
2023-03-22 05:06:00,18187,3573,4989,7246,175,34581,0,,4412,387,143,0.0778
2023-03-22 05:08:00,18187,3573,4989,7246,175,34581,0,,4412,387,143,0.0778
2023-03-22 05:10:00,5898,3730,5482,7652,179,33149,0,,5063,386,259,0.0778
2023-03-22 05:12:00,5898,3730,5482,7652,179,33149,0,,5063,386,259,0.0778
2023-03-22 05:14:00,5898,3730,5482,7652,179,33149,0,,5063,386,259,0.0778
2023-03-22 05:16:00,4424,3554,4826,7377,179,33812,0,,4405,381,142,0
2023-03-22 05:18:00,4424,3554,4826,7377,179,33812,0,,4405,381,142,0
2023-03-22 05:20:00,18148,3575,5552,7316,173,34945,0.0467,,5126,392,260,0
2023-03-22 05:22:00,18148,3575,5552,7316,173,34945,0.0467,,5126,392,260,0
2023-03-22 05:24:00,18148,3575,5552,7316,173,34945,0.0467,,5126,392,260,0
2023-03-22 05:26:00,4490,3578,4837,7630,175,33829,0,,4350,385,142,0
2023-03-22 05:28:00,4490,3578,4837,7630,175,33829,0,,4350,385,142,0
2023-03-22 05:30:00,4609,3668,5515,7306,180,33479,0,,5113,384,259,0
2023-03-22 05:32:00,4609,3668,5515,7306,180,33479,0,,5113,384,259,0
2023-03-22 05:34:00,4609,3668,5515,7306,180,33479,0,,5113,384,259,0
2023-03-22 05:36:00,18200,3548,5074,7337,177,33099,0,,4499,385,144,0
2023-03-22 05:38:00,18200,3548,5074,7337,177,33099,0,,4499,385,144,0
2023-03-22 05:40:00,5784,3662,5487,7568,179,33864,0,,5158,388,260,0
2023-03-22 05:42:00,5784,3662,5487,7568,179,33864,0,,5158,388,260,0
2023-03-22 05:44:00,5784,3662,5487,7568,179,33864,0,,5158,388,260,0
2023-03-22 05:46:00,4272,3611,4855,7391,171,33869,0,,4273,389,144,0
2023-03-22 05:48:00,4272,3611,4855,7391,171,33869,0,,4273,389,144,0
2023-03-22 05:50:00,18286,3682,5556,7340,182,34922,0.0467,,5167,387,258,0
2023-03-22 05:52:00,18286,3682,5556,7340,182,34922,0.0467,,5167,387,258,0
2023-03-22 05:54:00,18286,3682,5556,7340,182,34922,0.0467,,5167,387,258,0
2023-03-22 05:56:00,4589,3639,4816,7517,178,33479,0.0467,,4330,385,144,0
2023-03-22 05:58:00,4589,3639,4816,7517,178,33479,0.0467,,4330,385,144,0
2023-03-22 06:00:00,4509,3629,5410,7373,174,31985,0,,5033,383,258,0.0778
2023-03-22 06:02:00,4509,3629,5410,7373,174,31985,0,,5033,383,258,0.0778
2023-03-22 06:04:00,4509,3629,5410,7373,174,31985,0,,5033,383,258,0.0778
2023-03-22 06:06:00,4356,3475,4937,7315,178,34940,0.0467,,4447,390,144,0
2023-03-22 06:08:00,4356,3475,4937,7315,178,34940,0.0467,,4447,390,144,0
2023-03-22 06:10:00,19554,3660,5600,7620,179,34976,0.0467,,5066,387,260,0
2023-03-22 06:12:00,19554,3660,5600,7620,179,34976,0.0467,,5066,387,260,0
2023-03-22 06:14:00,19554,3660,5600,7620,179,34976,0.0467,,5066,387,260,0
2023-03-22 06:16:00,4316,3664,4938,7277,169,33481,0,,4541,385,142,0.156
2023-03-22 06:18:00,4316,3664,4938,7277,169,33481,0,,4541,385,142,0.156
2023-03-22 06:20:00,4528,3585,5445,7358,184,34218,0,,5044,391,260,0
2023-03-22 06:22:00,4528,3585,5445,7358,184,34218,0,,5044,391,260,0
2023-03-22 06:24:00,4528,3585,5445,7358,184,34218,0,,5044,391,260,0
2023-03-22 06:26:00,4447,3456,4760,7671,173,32735,0.0467,,4303,381,142,0
2023-03-22 06:28:00,4447,3456,4760,7671,173,32735,0.0467,,4303,381,142,0
2023-03-22 06:30:00,18097,3773,5663,7156,177,33486,0,,5192,389,260,0
2023-03-22 06:32:00,18097,3773,5663,7156,177,33486,0,,5192,389,260,0
2023-03-22 06:34:00,18097,3773,5663,7156,177,33486,0,,5192,389,260,0
2023-03-22 06:36:00,4544,3627,4817,7455,180,34972,0,,4278,383,143,0
2023-03-22 06:38:00,4544,3627,4817,7455,180,34972,0,,4278,383,143,0
2023-03-22 06:40:00,5883,3610,5536,7698,175,34203,0,,5130,378,259,0
2023-03-22 06:42:00,5883,3610,5536,7698,175,34203,0,,5130,378,259,0
2023-03-22 06:44:00,5883,3610,5536,7698,175,34203,0,,5130,378,259,0
2023-03-22 06:46:00,4274,3635,4828,7011,179,32693,0,,4364,387,145,0
2023-03-22 06:48:00,4274,3635,4828,7011,179,32693,0,,4364,387,145,0
2023-03-22 06:50:00,4736,3671,5273,7445,171,34974,0,,5014,390,257,0
2023-03-22 06:52:00,4736,3671,5273,7445,171,34974,0,,5014,390,257,0
2023-03-22 06:54:00,4736,3671,5273,7445,171,34974,0,,5014,390,257,0
2023-03-22 06:56:00,18156,3580,4988,7699,175,32731,0.0933,,4448,388,142,0
2023-03-22 06:58:00,18156,3580,4988,7699,175,32731,0.0933,,4448,388,142,0
2023-03-22 07:00:00,4490,3597,5363,7306,181,34602,0,,5019,386,258,0.0778
2023-03-22 07:02:00,4490,3597,5363,7306,181,34602,0,,5019,386,258,0.0778
2023-03-22 07:04:00,4490,3597,5363,7306,181,34602,0,,5019,386,258,0.0778
2023-03-22 07:06:00,4554,3580,4877,7313,176,33096,0.0467,,4291,389,145,0
2023-03-22 07:08:00,4554,3580,4877,7313,176,33096,0.0467,,4291,389,145,0
2023-03-22 07:10:00,5807,3619,5565,7518,179,34599,0.0467,,5033,380,257,0
2023-03-22 07:12:00,5807,3619,5565,7518,179,34599,0.0467,,5033,380,257,0
2023-03-22 07:14:00,5807,3619,5565,7518,179,34599,0.0467,,5033,380,257,0
2023-03-22 07:16:00,18102,3657,4815,7453,170,33820,0,,4442,390,147,0.0778
2023-03-22 07:18:00,18102,3657,4815,7453,170,33820,0,,4442,390,147,0.0778
2023-03-22 07:20:00,4536,3579,5408,7314,183,33845,0,,4940,380,257,0.0778
2023-03-22 07:22:00,4536,3579,5408,7314,183,33845,0,,4940,380,257,0.0778
2023-03-22 07:24:00,4536,3579,5408,7314,183,33845,0,,4940,380,257,0.0778
2023-03-22 07:26:00,4434,3704,4803,7622,175,34203,0.0467,,4283,384,144,0
2023-03-22 07:28:00,4434,3704,4803,7622,175,34203,0.0467,,4283,384,144,0
2023-03-22 07:30:00,4556,3493,5386,7229,180,33876,0,,5042,380,256,0
2023-03-22 07:32:00,4556,3493,5386,7229,180,33876,0,,5042,380,256,0
2023-03-22 07:34:00,4556,3493,5386,7229,180,33876,0,,5042,380,256,0
2023-03-22 07:36:00,4354,3633,4757,7271,175,32348,0,,4288,387,144,0
2023-03-22 07:38:00,4354,3633,4757,7271,175,32348,0,,4288,387,144,0
2023-03-22 07:40:00,19618,3640,5637,7553,177,34187,0,,5288,389,259,0
2023-03-22 07:42:00,19618,3640,5637,7553,177,34187,0,,5288,389,259,0
2023-03-22 07:44:00,19618,3640,5637,7553,177,34187,0,,5288,389,259,0
2023-03-22 07:46:00,4371,3586,5071,7341,175,34952,0,,4357,386,146,0
2023-03-22 07:48:00,4371,3586,5071,7341,175,34952,0,,4357,386,146,0
2023-03-22 07:50:00,4519,3675,5292,7342,177,33503,0,,5116,373,258,0
2023-03-22 07:52:00,4519,3675,5292,7342,177,33503,0,,5116,373,258,0
2023-03-22 07:54:00,4519,3675,5292,7342,177,33503,0,,5116,373,258,0
2023-03-22 07:56:00,4356,3534,4891,7381,178,34181,0.0467,,4208,384,142,0
2023-03-22 07:58:00,4356,3534,4891,7381,178,34181,0.0467,,4208,384,142,0
2023-03-22 08:00:00,4487,3618,5370,7343,179,33799,0.0467,,5139,387,257,0.0778
2023-03-22 08:02:00,4487,3618,5370,7343,179,33799,0.0467,,5139,387,257,0.0778
2023-03-22 08:04:00,4487,3618,5370,7343,179,33799,0.0467,,5139,387,257,0.0778
2023-03-22 08:06:00,4450,3682,4926,7240,174,32709,0,,4307,383,147,0
2023-03-22 08:08:00,4450,3682,4926,7240,174,32709,0,,4307,383,147,0
2023-03-22 08:10:00,19552,3615,5614,7687,177,33483,0.0467,,5207,382,257,0.0778
2023-03-22 08:12:00,19552,3615,5614,7687,177,33483,0.0467,,5207,382,257,0.0778
2023-03-22 08:14:00,19552,3615,5614,7687,177,33483,0.0467,,5207,382,257,0.0778
2023-03-22 08:16:00,4447,3587,4906,7393,174,35276,0.0467,,4344,392,143,0
2023-03-22 08:18:00,4447,3587,4906,7393,174,35276,0.0467,,4344,392,143,0
2023-03-22 08:20:00,4523,3679,5382,7350,181,32747,0.0467,,5066,387,258,0.0778
2023-03-22 08:22:00,4523,3679,5382,7350,181,32747,0.0467,,5066,387,258,0.0778
2023-03-22 08:24:00,4523,3679,5382,7350,181,32747,0.0467,,5066,387,258,0.0778
2023-03-22 08:26:00,4644,3633,4770,7555,171,34603,0,,4182,383,146,0
2023-03-22 08:28:00,4644,3633,4770,7555,171,34603,0,,4182,383,146,0
2023-03-22 08:30:00,4295,3587,5426,7393,181,33087,0,,5153,391,257,0
2023-03-22 08:32:00,4295,3587,5426,7393,181,33087,0,,5153,391,257,0
2023-03-22 08:34:00,4295,3587,5426,7393,181,33087,0,,5153,391,257,0
2023-03-22 08:36:00,4649,3558,4920,7377,175,34937,0,,4326,383,147,0
2023-03-22 08:38:00,4649,3558,4920,7377,175,34937,0,,4326,383,147,0
2023-03-22 08:40:00,19464,3708,5646,7484,181,32353,0,,5204,384,257,0
2023-03-22 08:42:00,19464,3708,5646,7484,181,32353,0,,5204,384,257,0
2023-03-22 08:44:00,19464,3708,5646,7484,181,32353,0,,5204,384,257,0
2023-03-22 08:46:00,4346,3550,4774,7323,181,35301,0,,4319,390,143,0
2023-03-22 08:48:00,4346,3550,4774,7323,181,35301,0,,4319,390,143,0
2023-03-22 08:50:00,4647,3456,5513,7420,180,33475,0,,5045,379,261,0
2023-03-22 08:52:00,4647,3456,5513,7420,180,33475,0,,5045,379,261,0
2023-03-22 08:54:00,4647,3456,5513,7420,180,33475,0,,5045,379,261,0
2023-03-22 08:56:00,4410,3817,4830,7527,172,34202,0.0467,,4312,390,142,0
2023-03-22 08:58:00,4410,3817,4830,7527,172,34202,0.0467,,4312,390,142,0
2023-03-22 09:00:00,4597,3610,5469,7277,179,32701,0.0467,,5087,381,259,0.0778
2023-03-22 09:02:00,4597,3610,5469,7277,179,32701,0.0467,,5087,381,259,0.0778
2023-03-22 09:04:00,4597,3610,5469,7277,179,32701,0.0467,,5087,381,259,0.0778
2023-03-22 09:06:00,4395,3515,4848,7354,176,33862,0,,4399,390,144,0
2023-03-22 09:08:00,4395,3515,4848,7354,176,33862,0,,4399,390,144,0
2023-03-22 09:10:00,19274,3743,5567,7503,174,33454,0.0467,,5195,384,260,0.0778
2023-03-22 09:12:00,19274,3743,5567,7503,174,33454,0.0467,,5195,384,260,0.0778
2023-03-22 09:14:00,19274,3743,5567,7503,174,33454,0.0467,,5195,384,260,0.0778
2023-03-22 09:16:00,4569,3592,4846,7465,182,34188,0,,4338,387,142,0.0778
2023-03-22 09:18:00,4569,3592,4846,7465,182,34188,0,,4338,387,142,0.0778
2023-03-22 09:20:00,4403,3578,5412,7326,175,32676,0.0933,,5002,383,259,0
2023-03-22 09:22:00,4403,3578,5412,7326,175,32676,0.0933,,5002,383,259,0
2023-03-22 09:24:00,4403,3578,5412,7326,175,32676,0.0933,,5002,383,259,0
2023-03-22 09:26:00,4535,3563,4863,7567,175,34942,0,,4356,387,143,0
2023-03-22 09:28:00,4535,3563,4863,7567,175,34942,0,,4356,387,143,0
2023-03-22 09:30:00,18289,3693,5451,7262,175,33839,0,,5116,385,260,0
2023-03-22 09:32:00,18289,3693,5451,7262,175,33839,0,,5116,385,260,0
2023-03-22 09:34:00,18289,3693,5451,7262,175,33839,0,,5116,385,260,0
2023-03-22 09:36:00,4479,3641,4947,7387,178,34907,0,,4352,385,145,0
2023-03-22 09:38:00,4479,3641,4947,7387,178,34907,0,,4352,385,145,0
2023-03-22 09:40:00,5822,3540,5422,7599,177,33849,0,,5160,384,255,0
2023-03-22 09:42:00,5822,3540,5422,7599,177,33849,0,,5160,384,255,0
2023-03-22 09:44:00,5822,3540,5422,7599,177,33849,0,,5160,384,255,0
2023-03-22 09:46:00,18041,3588,5154,7344,174,33803,0,,4507,390,146,0
2023-03-22 09:48:00,18041,3588,5154,7344,174,33803,0,,4507,390,146,0
2023-03-22 09:50:00,4548,3670,5382,7271,177,32702,0,,4985,384,261,0
2023-03-22 09:52:00,4548,3670,5382,7271,177,32702,0,,4985,384,261,0
2023-03-22 09:54:00,4548,3670,5382,7271,177,32702,0,,4985,384,261,0
2023-03-22 09:56:00,4418,3467,4873,7744,174,33846,0.0467,,4472,385,140,0
2023-03-22 09:58:00,4418,3467,4873,7744,174,33846,0.0467,,4472,385,140,0
2023-03-22 10:00:00,4662,3777,5374,7318,175,34577,0.0467,,4902,382,260,0.0778
2023-03-22 10:02:00,4662,3777,5374,7318,175,34577,0.0467,,4902,382,260,0.0778
2023-03-22 10:04:00,4662,3777,5374,7318,175,34577,0.0467,,4902,382,260,0.0778
2023-03-22 10:06:00,4403,3488,4791,7306,178,33054,0.0467,,4381,392,146,0
2023-03-22 10:08:00,4403,3488,4791,7306,178,33054,0.0467,,4381,392,146,0
2023-03-22 10:10:00,19378,3706,5560,7549,185,34987,0,,5146,383,248,0
2023-03-22 10:12:00,19378,3706,5560,7549,185,34987,0,,5146,383,248,0
2023-03-22 10:14:00,19378,3706,5560,7549,185,34987,0,,5146,383,248,0
2023-03-22 10:16:00,4406,3505,4971,7251,173,32382,0,,4442,383,151,0.156
2023-03-22 10:18:00,4406,3505,4971,7251,173,32382,0,,4442,383,151,0.156
2023-03-22 10:20:00,4442,3674,5417,7194,178,34233,0.0467,,4926,374,203,0
2023-03-22 10:22:00,4442,3674,5417,7194,178,34233,0.0467,,4926,374,203,0
2023-03-22 10:24:00,4442,3674,5417,7194,178,34233,0.0467,,4926,374,203,0
2023-03-22 10:26:00,4568,3528,4969,7599,181,33908,0.0467,,4520,389,200,0
2023-03-22 10:28:00,4568,3528,4969,7599,181,33908,0.0467,,4520,389,200,0
2023-03-22 10:30:00,4473,3625,5131,7253,173,34580,0,,4765,374,185,0
2023-03-22 10:32:00,4473,3625,5131,7253,173,34580,0,,4765,374,185,0
2023-03-22 10:34:00,4473,3625,5131,7253,173,34580,0,,4765,374,185,0
2023-03-22 10:36:00,18167,3627,5179,7348,180,33861,0,,4517,388,220,0
2023-03-22 10:38:00,18167,3627,5179,7348,180,33861,0,,4517,388,220,0
2023-03-22 10:40:00,5759,3525,5045,7560,177,32013,0,,4766,383,177,0
2023-03-22 10:42:00,5759,3525,5045,7560,177,32013,0,,4766,383,177,0
2023-03-22 10:44:00,5759,3525,5045,7560,177,32013,0,,4766,383,177,0
2023-03-22 10:46:00,4379,3586,5212,7272,180,34989,0,,4617,386,225,0
2023-03-22 10:48:00,4379,3586,5212,7272,180,34989,0,,4617,386,225,0
2023-03-22 10:50:00,4452,3564,5073,7056,172,35006,0,,4755,379,168,0
2023-03-22 10:52:00,4452,3564,5073,7056,172,35006,0,,4755,379,168,0
2023-03-22 10:54:00,4452,3564,5073,7056,172,35006,0,,4755,379,168,0
2023-03-22 10:56:00,18184,3712,5202,7627,179,33474,0.0467,,4665,383,234,0
2023-03-22 10:58:00,18184,3712,5202,7627,179,33474,0.0467,,4665,383,234,0
2023-03-22 11:00:00,4499,3516,4953,7243,176,34243,0.0467,,4470,381,169,0.0778
2023-03-22 11:02:00,4499,3516,4953,7243,176,34243,0.0467,,4470,381,169,0.0778
2023-03-22 11:04:00,4499,3516,4953,7243,176,34243,0.0467,,4470,381,169,0.0778
2023-03-22 11:06:00,4434,3609,5273,7372,181,33476,0,,4848,380,235,0
2023-03-22 11:08:00,4434,3609,5273,7372,181,33476,0,,4848,380,235,0
2023-03-22 11:10:00,5604,3554,4862,7461,175,33110,0.0467,,4351,377,160,0.0778
2023-03-22 11:12:00,5604,3554,4862,7461,175,33110,0.0467,,4351,377,160,0.0778
2023-03-22 11:14:00,5604,3554,4862,7461,175,33110,0.0467,,4351,377,160,0.0778
2023-03-22 11:16:00,4562,3537,7659,7295,182,33903,0,,7799,379,513,0.0778
2023-03-22 11:18:00,4562,3537,7659,7295,182,33903,0,,7799,379,513,0.0778
2023-03-22 11:20:00,18053,3592,5056,7241,182,34962,0.0467,,4439,381,143,0
2023-03-22 11:22:00,18053,3592,5056,7241,182,34962,0.0467,,4439,381,143,0
2023-03-22 11:24:00,18053,3592,5056,7241,182,34962,0.0467,,4439,381,143,0
2023-03-22 11:26:00,4508,3609,5445,7489,175,33889,0.0467,,5051,386,261,0
2023-03-22 11:28:00,4508,3609,5445,7489,175,33889,0.0467,,5051,386,261,0
2023-03-22 11:30:00,4364,3571,4768,7202,182,32746,0,,4330,379,144,0
2023-03-22 11:32:00,4364,3571,4768,7202,182,32746,0,,4330,379,144,0
2023-03-22 11:34:00,4364,3571,4768,7202,182,32746,0,,4330,379,144,0
2023-03-22 11:36:00,4453,3533,5464,7349,179,33849,0,,5135,385,260,0
2023-03-22 11:38:00,4453,3533,5464,7349,179,33849,0,,5135,385,260,0
2023-03-22 11:40:00,19526,3717,5014,7637,173,34634,0,,4353,380,142,0
2023-03-22 11:42:00,19526,3717,5014,7637,173,34634,0,,4353,380,142,0
2023-03-22 11:44:00,19526,3717,5014,7637,173,34634,0,,4353,380,142,0
2023-03-22 11:46:00,4357,3489,5453,7188,177,34221,0,,5102,380,260,0
2023-03-22 11:48:00,4357,3489,5453,7188,177,34221,0,,5102,380,260,0
2023-03-22 11:50:00,4643,3644,4780,7438,178,33914,0,,4228,385,143,0
2023-03-22 11:52:00,4643,3644,4780,7438,178,33914,0,,4228,385,143,0
2023-03-22 11:54:00,4643,3644,4780,7438,178,33914,0,,4228,385,143,0
2023-03-22 11:56:00,4294,3611,5327,7416,178,32349,0.0933,,5032,388,259,0.0778
2023-03-22 11:58:00,4294,3611,5327,7416,178,32349,0.0933,,5032,388,259,0.0778
2023-03-22 12:00:00,4577,3636,4781,7374,174,34263,0,,4206,381,144,0
2023-03-22 12:02:00,4577,3636,4781,7374,174,34263,0,,4206,381,144,0
2023-03-22 12:04:00,4577,3636,4781,7374,174,34263,0,,4206,381,144,0
2023-03-22 12:06:00,4419,3338,5383,7139,183,34611,0,,5041,384,259,0
2023-03-22 12:08:00,4419,3338,5383,7139,183,34611,0,,5041,384,259,0
2023-03-22 12:10:00,41422,4731,6312,26334,529,33091,0,,5848,521,145,0.156
2023-03-22 12:12:00,41422,4731,6312,26334,529,33091,0,,5848,521,145,0.156
2023-03-22 12:14:00,41422,4731,6312,26334,529,33091,0,,5848,521,145,0.156
2023-03-22 12:16:00,4343,3622,6342,11718,186,34999,0.0467,,6114,404,242,0
2023-03-22 12:18:00,4343,3622,6342,11718,186,34999,0.0467,,6114,404,242,0
2023-03-22 12:20:00,4524,3578,4751,7127,177,32755,0,,4154,380,142,0
2023-03-22 12:22:00,4524,3578,4751,7127,177,32755,0,,4154,380,142,0
2023-03-22 12:24:00,4524,3578,4751,7127,177,32755,0,,4154,380,142,0
2023-03-22 12:26:00,4390,3528,4802,7653,178,34949,0,,4289,380,145,0
2023-03-22 12:28:00,4390,3528,4802,7653,178,34949,0,,4289,380,145,0
2023-03-22 12:30:00,4623,3697,4795,7202,180,32788,0.0933,,4247,385,144,0
2023-03-22 12:32:00,4623,3697,4795,7202,180,32788,0.0933,,4247,385,144,0
2023-03-22 12:34:00,4623,3697,4795,7202,180,32788,0.0933,,4247,385,144,0
2023-03-22 12:36:00,18096,3440,4996,7364,180,34935,0,,4417,382,142,0
2023-03-22 12:38:00,18096,3440,4996,7364,180,34935,0,,4417,382,142,0
2023-03-22 12:40:00,5682,3749,4833,7612,174,32788,0,,4338,383,147,0
2023-03-22 12:42:00,5682,3749,4833,7612,174,32788,0,,4338,383,147,0
2023-03-22 12:44:00,5682,3749,4833,7612,174,32788,0,,4338,383,147,0
2023-03-22 12:46:00,4438,3525,4819,7294,176,34571,0,,4332,393,144,0
2023-03-22 12:48:00,4438,3525,4819,7294,176,34571,0,,4332,393,144,0
2023-03-22 12:50:00,18306,3526,5022,7101,181,33135,0,,4443,379,145,0
2023-03-22 12:52:00,18306,3526,5022,7101,181,33135,0,,4443,379,145,0
2023-03-22 12:54:00,18306,3526,5022,7101,181,33135,0,,4443,379,145,0
2023-03-22 12:56:00,4366,3718,4830,7592,178,34614,0,,4353,379,143,0
2023-03-22 12:58:00,4366,3718,4830,7592,178,34614,0,,4353,379,143,0
2023-03-22 13:00:00,4474,3526,4834,7326,182,34208,0.0933,,4196,386,143,0.0778
2023-03-22 13:02:00,4474,3526,4834,7326,182,34208,0.0933,,4196,386,143,0.0778
2023-03-22 13:04:00,4474,3526,4834,7326,182,34208,0.0933,,4196,386,143,0.0778
2023-03-22 13:06:00,4443,3576,4863,7400,176,33875,0,,4417,383,145,0.0778
2023-03-22 13:08:00,4443,3576,4863,7400,176,33875,0,,4417,383,145,0.0778
2023-03-22 13:10:00,19407,3578,4919,7564,177,32774,0,,4357,384,145,0
2023-03-22 13:12:00,19407,3578,4919,7564,177,32774,0,,4357,384,145,0
2023-03-22 13:14:00,19407,3578,4919,7564,177,32774,0,,4357,384,145,0
2023-03-22 13:16:00,4551,3645,4792,7336,181,32702,0,,4274,380,142,0
2023-03-22 13:18:00,4551,3645,4792,7336,181,32702,0,,4274,380,142,0
2023-03-22 13:20:00,4523,3523,4822,7269,176,34971,0,,4260,388,147,0.0778
2023-03-22 13:22:00,4523,3523,4822,7269,176,34971,0,,4260,388,147,0.0778
2023-03-22 13:24:00,4523,3523,4822,7269,176,34971,0,,4260,388,147,0.0778
2023-03-22 13:26:00,4253,3659,4868,7462,178,33864,0.140,,4342,380,143,0
2023-03-22 13:28:00,4253,3659,4868,7462,178,33864,0.140,,4342,380,143,0
2023-03-22 13:30:00,4513,3664,4767,7403,178,34987,0,,4277,386,144,0
2023-03-22 13:32:00,4513,3664,4767,7403,178,34987,0,,4277,386,144,0
2023-03-22 13:34:00,4513,3664,4767,7403,178,34987,0,,4277,386,144,0
2023-03-22 13:36:00,18151,3457,4970,7263,173,33887,0,,4416,381,143,0
2023-03-22 13:38:00,18151,3457,4970,7263,173,33887,0,,4416,381,143,0
2023-03-22 13:40:00,5793,3629,4752,7637,183,31646,0,,4247,387,144,0
2023-03-22 13:42:00,5793,3629,4752,7637,183,31646,0,,4247,387,144,0
2023-03-22 13:44:00,5793,3629,4752,7637,183,31646,0,,4247,387,144,0
2023-03-22 13:46:00,4508,3602,4854,7198,178,34967,0,,4340,384,146,0
2023-03-22 13:48:00,4508,3602,4854,7198,178,34967,0,,4340,384,146,0
2023-03-22 13:50:00,4466,3599,4722,7293,178,33383,0,,4216,380,143,0
2023-03-22 13:52:00,4466,3599,4722,7293,178,33383,0,,4216,380,143,0
2023-03-22 13:54:00,4466,3599,4722,7293,178,33383,0,,4216,380,143,0
2023-03-22 13:56:00,18238,3578,5029,7571,177,34342,0,,4443,385,148,0
2023-03-22 13:58:00,18238,3578,5029,7571,177,34342,0,,4443,385,148,0
2023-03-22 14:00:00,4404,3667,4888,7443,181,33886,0.0467,,4332,379,142,0
2023-03-22 14:02:00,4404,3667,4888,7443,181,33886,0.0467,,4332,379,142,0
2023-03-22 14:04:00,4404,3667,4888,7443,181,33886,0.0467,,4332,379,142,0
2023-03-22 14:06:00,4387,3502,4963,7301,176,34964,0.0467,,4384,393,142,0.156
2023-03-22 14:08:00,4387,3502,4963,7301,176,34964,0.0467,,4384,393,142,0.156
2023-03-22 14:10:00,19321,3609,5303,15909,178,32749,0,,4708,383,146,0
2023-03-22 14:12:00,19321,3609,5303,15909,178,32749,0,,4708,383,146,0
2023-03-22 14:14:00,19321,3609,5303,15909,178,32749,0,,4708,383,146,0
2023-03-22 14:16:00,4499,3694,4765,7400,175,33498,0,,4296,382,143,0
2023-03-22 14:18:00,4499,3694,4765,7400,175,33498,0,,4296,382,143,0
2023-03-22 14:20:00,4486,3566,4792,7076,178,34225,0.0467,,4263,380,145,0
2023-03-22 14:22:00,4486,3566,4792,7076,178,34225,0.0467,,4263,380,145,0
2023-03-22 14:24:00,4486,3566,4792,7076,178,34225,0.0467,,4263,380,145,0
2023-03-22 14:26:00,4568,3483,4667,7522,177,34664,0.0933,,4196,379,143,0.0778
2023-03-22 14:28:00,4568,3483,4667,7522,177,34664,0.0933,,4196,379,143,0.0778
2023-03-22 14:30:00,4412,3705,4967,7408,181,33841,0,,4378,383,145,0
2023-03-22 14:32:00,4412,3705,4967,7408,181,33841,0,,4378,383,145,0
2023-03-22 14:34:00,4412,3705,4967,7408,181,33841,0,,4378,383,145,0
2023-03-22 14:36:00,4341,3526,4612,7221,181,33107,0,,4228,380,144,0
2023-03-22 14:38:00,4341,3526,4612,7221,181,33107,0,,4228,380,144,0
2023-03-22 14:40:00,19498,3547,4930,7482,177,33931,0,,4384,380,144,0
2023-03-22 14:42:00,19498,3547,4930,7482,177,33931,0,,4384,380,144,0
2023-03-22 14:44:00,19498,3547,4930,7482,177,33931,0,,4384,380,144,0
2023-03-22 14:46:00,4502,3637,4883,7345,174,32677,0,,4327,391,146,0
2023-03-22 14:48:00,4502,3637,4883,7345,174,32677,0,,4327,391,146,0
2023-03-22 14:50:00,4448,3618,4826,7271,181,34982,0,,4319,382,143,0
2023-03-22 14:52:00,4448,3618,4826,7271,181,34982,0,,4319,382,143,0
2023-03-22 14:54:00,4448,3618,4826,7271,181,34982,0,,4319,382,143,0
2023-03-22 14:56:00,4461,3621,4870,7486,174,33921,0.0467,,4337,376,144,0
2023-03-22 14:58:00,4461,3621,4870,7486,174,33921,0.0467,,4337,376,144,0
2023-03-22 15:00:00,18080,3459,5121,7231,180,34573,0.0467,,4510,382,144,0
2023-03-22 15:02:00,18080,3459,5121,7231,180,34573,0.0467,,4510,382,144,0
2023-03-22 15:04:00,18080,3459,5121,7231,180,34573,0.0467,,4510,382,144,0
2023-03-22 15:06:00,4577,3734,5109,7316,181,33121,0,,4563,387,144,0
2023-03-22 15:08:00,4577,3734,5109,7316,181,33121,0,,4563,387,144,0
2023-03-22 15:10:00,5504,3539,4762,7603,175,33886,0,,4299,384,144,0.156
2023-03-22 15:12:00,5504,3539,4762,7603,175,33886,0,,4299,384,144,0.156
2023-03-22 15:14:00,5504,3539,4762,7603,175,33886,0,,4299,384,144,0.156
2023-03-22 15:16:00,4653,3600,4889,7280,179,34965,0,,4299,381,144,0
2023-03-22 15:18:00,4653,3600,4889,7280,179,34965,0,,4299,381,144,0
2023-03-22 15:20:00,4394,3529,4919,7326,170,33867,0,,4400,383,145,0
2023-03-22 15:22:00,4394,3529,4919,7326,170,33867,0,,4400,383,145,0
2023-03-22 15:24:00,4394,3529,4919,7326,170,33867,0,,4400,383,145,0
2023-03-22 15:26:00,18177,3683,4997,7557,184,32360,0.140,,4545,381,143,0
2023-03-22 15:28:00,18177,3683,4997,7557,184,32360,0.140,,4545,381,143,0
2023-03-22 15:30:00,4504,3491,4894,7255,175,33157,0,,4301,382,143,0.0778
2023-03-22 15:32:00,4504,3491,4894,7255,175,33157,0,,4301,382,143,0.0778
2023-03-22 15:34:00,4504,3491,4894,7255,175,33157,0,,4301,382,143,0.0778
2023-03-22 15:36:00,4353,3624,4791,7246,184,34971,0,,4285,381,144,0
2023-03-22 15:38:00,4353,3624,4791,7246,184,34971,0,,4285,381,144,0
2023-03-22 15:40:00,19394,3627,4999,7541,170,34610,0,,4407,380,147,0
2023-03-22 15:42:00,19394,3627,4999,7541,170,34610,0,,4407,380,147,0
2023-03-22 15:44:00,19394,3627,4999,7541,170,34610,0,,4407,380,147,0
2023-03-22 15:46:00,4445,3542,4980,7288,186,33087,0,,4401,386,142,0
2023-03-22 15:48:00,4445,3542,4980,7288,186,33087,0,,4401,386,142,0
2023-03-22 15:50:00,4475,3638,4841,7171,175,33883,0,,4317,385,144,0
2023-03-22 15:52:00,4475,3638,4841,7171,175,33883,0,,4317,385,144,0
2023-03-22 15:54:00,4475,3638,4841,7171,175,33883,0,,4317,385,144,0
2023-03-22 15:56:00,4572,3597,4877,7721,174,34595,0,,4367,380,145,0
2023-03-22 15:58:00,4572,3597,4877,7721,174,34595,0,,4367,380,145,0
2023-03-22 16:00:00,4300,3611,4798,7179,183,33142,0.0467,,4301,378,144,0
2023-03-22 16:02:00,4300,3611,4798,7179,183,33142,0.0467,,4301,378,144,0
2023-03-22 16:04:00,4300,3611,4798,7179,183,33142,0.0467,,4301,378,144,0
2023-03-22 16:06:00,18050,3379,4946,7355,170,33837,0.0467,,4430,380,143,0
2023-03-22 16:08:00,18050,3379,4946,7355,170,33837,0.0467,,4430,380,143,0
2023-03-22 16:10:00,5861,3870,4809,7414,180,33500,0,,4302,382,144,0.0778
2023-03-22 16:12:00,5861,3870,4809,7414,180,33500,0,,4302,382,144,0.0778
2023-03-22 16:14:00,5861,3870,4809,7414,180,33500,0,,4302,382,144,0.0778
2023-03-22 16:16:00,4355,3529,5797,28422,176,34252,0,,5311,391,147,0.0778
2023-03-22 16:18:00,4355,3529,5797,28422,176,34252,0,,5311,391,147,0.0778
2023-03-22 16:20:00,4625,3633,4812,7094,182,33477,0.0467,,4322,373,143,0
2023-03-22 16:22:00,4625,3633,4812,7094,182,33477,0.0467,,4322,373,143,0
2023-03-22 16:24:00,4625,3633,4812,7094,182,33477,0.0467,,4322,373,143,0
2023-03-22 16:26:00,17988,3549,5040,7689,180,33881,0.0467,,4528,376,144,0
2023-03-22 16:28:00,17988,3549,5040,7689,180,33881,0.0467,,4528,376,144,0
2023-03-22 16:30:00,4528,3658,5015,7297,174,35350,0.0467,,4424,382,145,0
2023-03-22 16:32:00,4528,3658,5015,7297,174,35350,0.0467,,4424,382,145,0
2023-03-22 16:34:00,4528,3658,5015,7297,174,35350,0.0467,,4424,382,145,0
2023-03-22 16:36:00,4485,3558,4803,7187,181,31668,0,,4347,384,143,0.0778
2023-03-22 16:38:00,4485,3558,4803,7187,181,31668,0,,4347,384,143,0.0778
2023-03-22 16:40:00,5802,3581,4902,7741,175,34962,0,,4377,387,145,0
2023-03-22 16:42:00,5802,3581,4902,7741,175,34962,0,,4377,387,145,0
2023-03-22 16:44:00,5802,3581,4902,7741,175,34962,0,,4377,387,145,0
2023-03-22 16:46:00,4379,3644,4658,7300,175,33871,0,,4309,391,143,0
2023-03-22 16:48:00,4379,3644,4658,7300,175,33871,0,,4309,391,143,0
2023-03-22 16:50:00,18126,3480,5043,7338,180,33862,0,,4429,385,145,0
2023-03-22 16:52:00,18126,3480,5043,7338,180,33862,0,,4429,385,145,0
2023-03-22 16:54:00,18126,3480,5043,7338,180,33862,0,,4429,385,145,0
2023-03-22 16:56:00,4519,3716,5002,7521,176,34604,0.0467,,4373,384,145,0
2023-03-22 16:58:00,4519,3716,5002,7521,176,34604,0.0467,,4373,384,145,0
2023-03-22 17:00:00,4530,3551,4866,7336,182,34261,0,,4255,382,145,0
2023-03-22 17:02:00,4530,3551,4866,7336,182,34261,0,,4255,382,145,0
2023-03-22 17:04:00,4530,3551,4866,7336,182,34261,0,,4255,382,145,0
2023-03-22 17:06:00,4287,3531,4714,7299,177,32734,0.0467,,4316,384,144,0.0778
2023-03-22 17:08:00,4287,3531,4714,7299,177,32734,0.0467,,4316,384,144,0.0778
2023-03-22 17:10:00,5898,3662,4871,7536,174,34648,0,,4352,377,145,0.0778
2023-03-22 17:12:00,5898,3662,4871,7536,174,34648,0,,4352,377,145,0.0778
2023-03-22 17:14:00,5898,3662,4871,7536,174,34648,0,,4352,377,145,0.0778
2023-03-22 17:16:00,4467,3692,4976,7291,179,34199,0,,4448,384,142,0
2023-03-22 17:18:00,4467,3692,4976,7291,179,34199,0,,4448,384,142,0
2023-03-22 17:20:00,18025,3557,4948,7315,178,33884,0,,4388,384,145,0
2023-03-22 17:22:00,18025,3557,4948,7315,178,33884,0,,4388,384,145,0
2023-03-22 17:24:00,18025,3557,4948,7315,178,33884,0,,4388,384,145,0
2023-03-22 17:26:00,4650,3523,4895,7568,177,31622,0.0933,,4289,382,144,0
2023-03-22 17:28:00,4650,3523,4895,7568,177,31622,0.0933,,4289,382,144,0
2023-03-22 17:30:00,4244,3629,4775,7390,177,36086,0.0467,,4294,381,144,0
2023-03-22 17:32:00,4244,3629,4775,7390,177,36086,0.0467,,4294,381,144,0
2023-03-22 17:34:00,4244,3629,4775,7390,177,36086,0.0467,,4294,381,144,0
2023-03-22 17:36:00,4466,3654,4896,7224,179,31625,0,,4421,383,143,0.0778
2023-03-22 17:38:00,4466,3654,4896,7224,179,31625,0,,4421,383,143,0.0778
2023-03-22 17:40:00,19341,3592,5230,7577,180,34994,0,,4670,381,143,0
2023-03-22 17:42:00,19341,3592,5230,7577,180,34994,0,,4670,381,143,0
2023-03-22 17:44:00,19341,3592,5230,7577,180,34994,0,,4670,381,143,0
2023-03-22 17:46:00,4570,3538,5026,7286,175,34595,0,,4560,396,145,0
2023-03-22 17:48:00,4570,3538,5026,7286,175,34595,0,,4560,396,145,0
2023-03-22 17:50:00,4450,3631,4840,7386,177,33874,0,,4311,376,146,0
2023-03-22 17:52:00,4450,3631,4840,7386,177,33874,0,,4311,376,146,0
2023-03-22 17:54:00,4450,3631,4840,7386,177,33874,0,,4311,376,146,0
2023-03-22 17:56:00,4492,3625,4900,7566,182,33106,0,,4415,384,145,0
2023-03-22 17:58:00,4492,3625,4900,7566,182,33106,0,,4415,384,145,0
2023-03-22 18:00:00,4584,3550,4867,7395,172,35018,0.0933,,4315,390,142,0
2023-03-22 18:02:00,4584,3550,4867,7395,172,35018,0.0933,,4315,390,142,0
2023-03-22 18:04:00,4584,3550,4867,7395,172,35018,0.0933,,4315,390,142,0
2023-03-22 18:06:00,4304,3604,5035,7305,182,32383,0,,4411,387,146,0.0778
2023-03-22 18:08:00,4304,3604,5035,7305,182,32383,0,,4411,387,146,0.0778
2023-03-22 18:10:00,19408,3641,5159,7591,174,33150,0,,4563,385,144,0.0778
2023-03-22 18:12:00,19408,3641,5159,7591,174,33150,0,,4563,385,144,0.0778
2023-03-22 18:14:00,19408,3641,5159,7591,174,33150,0,,4563,385,144,0.0778
2023-03-22 18:16:00,4610,3564,4934,7323,183,36096,0,,4420,380,143,0
2023-03-22 18:18:00,4610,3564,4934,7323,183,36096,0,,4420,380,143,0
2023-03-22 18:20:00,4382,3592,4855,7275,178,32808,0,,4441,384,145,0
2023-03-22 18:22:00,4382,3592,4855,7275,178,32808,0,,4441,384,145,0
2023-03-22 18:24:00,4382,3592,4855,7275,178,32808,0,,4441,384,145,0
2023-03-22 18:26:00,18304,3638,5034,7449,180,34597,0.140,,4405,386,143,0
2023-03-22 18:28:00,18304,3638,5034,7449,180,34597,0.140,,4405,386,143,0
2023-03-22 18:30:00,4377,3526,4882,7437,179,33874,0,,4356,382,144,0
2023-03-22 18:32:00,4377,3526,4882,7437,179,33874,0,,4356,382,144,0
2023-03-22 18:34:00,4377,3526,4882,7437,179,33874,0,,4356,382,144,0
2023-03-22 18:36:00,4406,3612,4888,7158,177,33074,0,,4472,379,145,0
2023-03-22 18:38:00,4406,3612,4888,7158,177,33074,0,,4472,379,145,0
2023-03-22 18:40:00,5746,3545,4873,7587,177,34969,0,,4390,381,144,0.0778
2023-03-22 18:42:00,5746,3545,4873,7587,177,34969,0,,4390,381,144,0.0778
2023-03-22 18:44:00,5746,3545,4873,7587,177,34969,0,,4390,381,144,0.0778
2023-03-22 18:46:00,4273,3634,4972,7246,180,32773,0,,4403,384,143,0
2023-03-22 18:48:00,4273,3634,4972,7246,180,32773,0,,4403,384,143,0
2023-03-22 18:50:00,18133,3567,5012,7348,173,33859,0,,4527,385,146,0
2023-03-22 18:52:00,18133,3567,5012,7348,173,33859,0,,4527,385,146,0
2023-03-22 18:54:00,18133,3567,5012,7348,173,33859,0,,4527,385,146,0
2023-03-22 18:56:00,4625,3523,4863,7420,183,33866,0,,4300,382,145,0
2023-03-22 18:58:00,4625,3523,4863,7420,183,33866,0,,4300,382,145,0
2023-03-22 19:00:00,4521,3695,4964,7273,172,33888,0.0467,,4312,381,143,0
2023-03-22 19:02:00,4521,3695,4964,7273,172,33888,0.0467,,4312,381,143,0
2023-03-22 19:04:00,4521,3695,4964,7273,172,33888,0.0467,,4312,381,143,0
2023-03-22 19:06:00,4345,3484,4723,7395,183,33852,0.0467,,4304,386,145,0
2023-03-22 19:08:00,4345,3484,4723,7395,183,33852,0.0467,,4304,386,145,0
2023-03-22 19:10:00,19332,3604,5053,7386,175,33894,0,,4553,374,146,0.156
2023-03-22 19:12:00,19332,3604,5053,7386,175,33894,0,,4553,374,146,0.156
2023-03-22 19:14:00,19332,3604,5053,7386,175,33894,0,,4553,374,146,0.156
2023-03-22 19:16:00,4598,3533,6002,7345,178,33861,0,,5165,390,141,0
2023-03-22 19:18:00,4598,3533,6002,7345,178,33861,0,,5165,390,141,0
2023-03-22 19:20:00,4238,3654,10571,7309,180,34624,0,,10132,380,144,0
2023-03-22 19:22:00,4238,3654,10571,7309,180,34624,0,,10132,380,144,0
2023-03-22 19:24:00,4238,3654,10571,7309,180,34624,0,,10132,380,144,0
2023-03-22 19:26:00,4490,3584,13332,7583,172,33817,0.140,,12152,381,145,0
2023-03-22 19:28:00,4490,3584,13332,7583,172,33817,0.140,,12152,381,145,0
2023-03-22 19:30:00,18240,3598,9049,7299,182,33115,0,,8637,388,146,0
2023-03-22 19:32:00,18240,3598,9049,7299,182,33115,0,,8637,388,146,0
2023-03-22 19:34:00,18240,3598,9049,7299,182,33115,0,,8637,388,146,0
2023-03-22 19:36:00,4414,3561,5257,7346,178,33884,0,,4691,377,144,0.0778
2023-03-22 19:38:00,4414,3561,5257,7346,178,33884,0,,4691,377,144,0.0778
2023-03-22 19:40:00,5765,3624,5132,7471,175,33846,0,,4618,384,143,0
2023-03-22 19:42:00,5765,3624,5132,7471,175,33846,0,,4618,384,143,0
2023-03-22 19:44:00,5765,3624,5132,7471,175,33846,0,,4618,384,143,0
2023-03-22 19:46:00,4449,3648,4943,7351,177,33860,0,,4349,386,146,0
2023-03-22 19:48:00,4449,3648,4943,7351,177,33860,0,,4349,386,146,0
2023-03-22 19:50:00,4355,3482,6709,7261,180,33863,0,,6604,385,285,0
2023-03-22 19:52:00,4355,3482,6709,7261,180,33863,0,,6604,385,285,0
2023-03-22 19:54:00,4355,3482,6709,7261,180,33863,0,,6604,385,285,0
2023-03-22 19:56:00,18209,3692,5517,7644,178,34974,0,,4817,385,214,0
2023-03-22 19:58:00,18209,3692,5517,7644,178,34974,0,,4817,385,214,0
2023-03-22 20:00:00,4426,3480,5865,6944,176,33866,0,,5212,373,170,0
2023-03-22 20:02:00,4426,3480,5865,6944,176,33866,0,,5212,373,170,0
2023-03-22 20:04:00,4426,3480,5865,6944,176,33866,0,,5212,373,170,0
2023-03-22 20:06:00,4425,3685,5338,7461,181,32355,0.0933,,5039,389,228,0.0778
2023-03-22 20:08:00,4425,3685,5338,7461,181,32355,0.0933,,5039,389,228,0.0778
2023-03-22 20:10:00,5697,3639,5466,7448,175,34274,0,,5019,377,156,0
2023-03-22 20:12:00,5697,3639,5466,7448,175,34274,0,,5019,377,156,0
2023-03-22 20:14:00,5697,3639,5466,7448,175,34274,0,,5019,377,156,0
2023-03-22 20:16:00,18219,3547,8041,7360,175,33860,0,,8073,388,515,0
2023-03-22 20:18:00,18219,3547,8041,7360,175,33860,0,,8073,388,515,0
2023-03-22 20:20:00,4559,3573,5086,7352,180,33870,0.0933,,4471,384,145,0.0778
2023-03-22 20:22:00,4559,3573,5086,7352,180,33870,0.0933,,4471,384,145,0.0778
2023-03-22 20:24:00,4559,3573,5086,7352,180,33870,0.0933,,4471,384,145,0.0778
2023-03-22 20:26:00,4419,3593,5654,7561,179,34955,0.0467,,5269,380,257,0
2023-03-22 20:28:00,4419,3593,5654,7561,179,34955,0.0467,,5269,380,257,0
2023-03-22 20:30:00,4406,3566,5066,6967,177,32729,0,,4565,376,145,0.0778
2023-03-22 20:32:00,4406,3566,5066,6967,177,32729,0,,4565,376,145,0.0778
2023-03-22 20:34:00,4406,3566,5066,6967,177,32729,0,,4565,376,145,0.0778
2023-03-22 20:36:00,4521,3603,5809,7376,177,33867,0,,5407,380,261,0
2023-03-22 20:38:00,4521,3603,5809,7376,177,33867,0,,5407,380,261,0
2023-03-22 20:40:00,19310,3654,5070,7552,182,33848,0,,4530,383,141,0
2023-03-22 20:42:00,19310,3654,5070,7552,182,33848,0,,4530,383,141,0
2023-03-22 20:44:00,19310,3654,5070,7552,182,33848,0,,4530,383,141,0
2023-03-22 20:46:00,4369,3452,5817,7342,176,34629,0,,5375,378,260,0
2023-03-22 20:48:00,4369,3452,5817,7342,176,34629,0,,5375,378,260,0
2023-03-22 20:50:00,4403,3621,4979,7089,175,34242,0,,4539,383,144,0
2023-03-22 20:52:00,4403,3621,4979,7089,175,34242,0,,4539,383,144,0
2023-03-22 20:54:00,4403,3621,4979,7089,175,34242,0,,4539,383,144,0
2023-03-22 20:56:00,18208,3662,5769,7716,177,32772,0,,5336,380,243,0
2023-03-22 20:58:00,18208,3662,5769,7716,177,32772,0,,5336,380,243,0
2023-03-22 21:00:00,4421,3560,5113,7255,176,34977,0,,4574,383,145,0
2023-03-22 21:02:00,4421,3560,5113,7255,176,34977,0,,4574,383,145,0
2023-03-22 21:04:00,4421,3560,5113,7255,176,34977,0,,4574,383,145,0
2023-03-22 21:06:00,4402,3538,5643,7267,184,32748,0.0467,,5295,379,245,0
2023-03-22 21:08:00,4402,3538,5643,7267,184,32748,0.0467,,5295,379,245,0
2023-03-22 21:10:00,5969,3655,5128,7487,175,33915,0.0467,,4623,388,144,0.0778
2023-03-22 21:12:00,5969,3655,5128,7487,175,33915,0.0467,,4623,388,144,0.0778
2023-03-22 21:14:00,5969,3655,5128,7487,175,33915,0.0467,,4623,388,144,0.0778
2023-03-22 21:16:00,4438,3572,5661,7337,179,34618,0.0467,,5230,384,255,0.0778
2023-03-22 21:18:00,4438,3572,5661,7337,179,34618,0.0467,,5230,384,255,0.0778
2023-03-22 21:20:00,18100,3593,4947,7277,180,33126,0.0467,,4537,378,143,0
2023-03-22 21:22:00,18100,3593,4947,7277,180,33126,0.0467,,4537,378,143,0
2023-03-22 21:24:00,18100,3593,4947,7277,180,33126,0.0467,,4537,378,143,0
2023-03-22 21:26:00,4424,3594,5705,7477,178,33497,0.0467,,5409,380,256,0
2023-03-22 21:28:00,4424,3594,5705,7477,178,33497,0.0467,,5409,380,256,0
2023-03-22 21:30:00,4548,3625,5353,7404,177,35342,0,,4503,385,144,0
2023-03-22 21:32:00,4548,3625,5353,7404,177,35342,0,,4503,385,144,0
2023-03-22 21:34:00,4548,3625,5353,7404,177,35342,0,,4503,385,144,0
2023-03-22 21:36:00,4324,3500,5471,7240,181,32738,0,,5306,381,258,0.0778
2023-03-22 21:38:00,4324,3500,5471,7240,181,32738,0,,5306,381,258,0.0778
2023-03-22 21:40:00,19520,3616,5240,7627,170,34989,0,,4722,385,144,0
2023-03-22 21:42:00,19520,3616,5240,7627,170,34989,0,,4722,385,144,0
2023-03-22 21:44:00,19520,3616,5240,7627,170,34989,0,,4722,385,144,0
2023-03-22 21:46:00,4434,3510,5768,7277,185,33856,0,,5279,389,258,0
2023-03-22 21:48:00,4434,3510,5768,7277,185,33856,0,,5279,389,258,0
2023-03-22 21:50:00,4612,3726,5126,7302,173,32404,0,,4603,382,144,0
2023-03-22 21:52:00,4612,3726,5126,7302,173,32404,0,,4603,382,144,0
2023-03-22 21:54:00,4612,3726,5126,7302,173,32404,0,,4603,382,144,0
2023-03-22 21:56:00,4469,3571,5917,7630,177,34257,0,,5451,380,258,0
2023-03-22 21:58:00,4469,3571,5917,7630,177,34257,0,,5451,380,258,0
2023-03-22 22:00:00,18158,3482,5218,7342,181,33846,0.0933,,4673,388,143,0
2023-03-22 22:02:00,18158,3482,5218,7342,181,33846,0.0933,,4673,388,143,0
2023-03-22 22:04:00,18158,3482,5218,7342,181,33846,0.0933,,4673,388,143,0
2023-03-22 22:06:00,4449,3691,5796,7258,174,33877,0,,5421,383,260,0
2023-03-22 22:08:00,4449,3691,5796,7258,174,33877,0,,5421,383,260,0
2023-03-22 22:10:00,16569,4097,6091,26213,356,34968,0,,5776,504,145,0.0778
2023-03-22 22:12:00,16569,4097,6091,26213,356,34968,0,,5776,504,145,0.0778
2023-03-22 22:14:00,16569,4097,6091,26213,356,34968,0,,5776,504,145,0.0778
2023-03-22 22:16:00,15617,3986,6364,11992,366,32732,0.0467,,5785,431,256,0
2023-03-22 22:18:00,15617,3986,6364,11992,366,32732,0.0467,,5785,431,256,0
2023-03-22 22:20:00,4237,3642,5159,7421,186,33872,0.0467,,4611,378,143,0.0778
2023-03-22 22:22:00,4237,3642,5159,7421,186,33872,0.0467,,4611,378,143,0.0778
2023-03-22 22:24:00,4237,3642,5159,7421,186,33872,0.0467,,4611,378,143,0.0778
2023-03-22 22:26:00,18333,3603,5955,7418,177,34661,0.0467,,5509,383,261,0
2023-03-22 22:28:00,18333,3603,5955,7418,177,34661,0.0467,,5509,383,261,0
2023-03-22 22:30:00,4408,3547,4990,7431,178,33136,0,,4412,386,145,0
2023-03-22 22:32:00,4408,3547,4990,7431,178,33136,0,,4412,386,145,0
2023-03-22 22:34:00,4408,3547,4990,7431,178,33136,0,,4412,386,145,0
2023-03-22 22:36:00,4456,3590,5731,7203,183,33812,0,,5414,378,257,0
2023-03-22 22:38:00,4456,3590,5731,7203,183,33812,0,,5414,378,257,0
2023-03-22 22:40:00,5812,3642,5056,7612,169,35007,0,,4472,388,146,0.0778
2023-03-22 22:42:00,5812,3642,5056,7612,169,35007,0,,4472,388,146,0.0778
2023-03-22 22:44:00,5812,3642,5056,7612,169,35007,0,,4472,388,146,0.0778
2023-03-22 22:46:00,18279,3551,5740,7195,176,33864,0,,5453,384,257,0
2023-03-22 22:48:00,18279,3551,5740,7195,176,33864,0,,5453,384,257,0
2023-03-22 22:50:00,4371,3361,4865,7183,180,33875,0,,4192,378,143,0
2023-03-22 22:52:00,4371,3361,4865,7183,180,33875,0,,4192,378,143,0
2023-03-22 22:54:00,4371,3361,4865,7183,180,33875,0,,4192,378,143,0
2023-03-22 22:56:00,4577,3889,5408,7706,179,32366,0,,5112,380,259,0
2023-03-22 22:58:00,4577,3889,5408,7706,179,32366,0,,5112,380,259,0
2023-03-22 23:00:00,18011,3517,5096,7187,178,34270,0,,4465,384,147,0
2023-03-22 23:02:00,18011,3517,5096,7187,178,34270,0,,4465,384,147,0
2023-03-22 23:04:00,18011,3517,5096,7187,178,34270,0,,4465,384,147,0
2023-03-22 23:06:00,4386,3672,5435,7276,181,34970,0.0933,,5086,381,259,0
2023-03-22 23:08:00,4386,3672,5435,7276,181,34970,0.0933,,5086,381,259,0
2023-03-22 23:10:00,5737,3605,4827,7596,175,32814,0,,4409,386,142,0.0778
2023-03-22 23:12:00,5737,3605,4827,7596,175,32814,0,,4409,386,142,0.0778
2023-03-22 23:14:00,5737,3605,4827,7596,175,32814,0,,4409,386,142,0.0778
2023-03-22 23:16:00,4443,3527,6320,7358,177,34603,0.0467,,5977,385,264,0
2023-03-22 23:18:00,4443,3527,6320,7358,177,34603,0.0467,,5977,385,264,0
2023-03-22 23:20:00,4617,3623,6361,7247,180,33881,0.0933,,6247,386,411,0.0778
2023-03-22 23:22:00,4617,3623,6361,7247,180,33881,0.0933,,6247,386,411,0.0778
2023-03-22 23:24:00,4617,3623,6361,7247,180,33881,0.0933,,6247,386,411,0.0778
2023-03-22 23:26:00,4306,3616,4901,7626,174,33115,0,,4398,385,141,0
2023-03-22 23:28:00,4306,3616,4901,7626,174,33115,0,,4398,385,141,0
2023-03-22 23:30:00,18278,3596,5576,7268,184,33840,0,,5116,381,259,0
2023-03-22 23:32:00,18278,3596,5576,7268,184,33840,0,,5116,381,259,0
2023-03-22 23:34:00,18278,3596,5576,7268,184,33840,0,,5116,381,259,0
2023-03-22 23:36:00,4531,3566,4815,7302,172,33908,0,,4389,385,147,0.0778
2023-03-22 23:38:00,4531,3566,4815,7302,172,33908,0,,4389,385,147,0.0778
2023-03-22 23:40:00,5706,3602,5574,7558,182,33810,0,,5143,382,257,0
2023-03-22 23:42:00,5706,3602,5574,7558,182,33810,0,,5143,382,257,0
2023-03-22 23:44:00,5706,3602,5574,7558,182,33810,0,,5143,382,257,0
2023-03-22 23:46:00,18163,3532,4965,7284,178,33852,0,,4473,385,146,0
2023-03-22 23:48:00,18163,3532,4965,7284,178,33852,0,,4473,385,146,0
2023-03-22 23:50:00,4441,3611,5460,7332,177,33543,0,,5063,387,257,0
2023-03-22 23:52:00,4441,3611,5460,7332,177,33543,0,,5063,387,257,0
2023-03-22 23:54:00,4441,3611,5460,7332,177,33543,0,,5063,387,257,0
2023-03-22 23:56:00,4337,3671,4682,7483,178,34242,0,,4229,380,145,0
2023-03-22 23:58:00,4337,3671,4682,7483,178,34242,0,,4229,380,145,0
2023-03-23 00:00:00,4594,3545,5627,7320,177,34593,0,,5062,382,259,0
2023-03-23 00:02:00,4594,3545,5627,7320,177,34593,0,,5062,382,259,0
2023-03-23 00:04:00,4594,3545,5627,7320,177,34593,0,,5062,382,259,0
2023-03-23 00:06:00,18091,3559,4889,7257,175,33139,0.0467,,4577,375,140,0.0778
2023-03-23 00:08:00,18091,3559,4889,7257,175,33139,0.0467,,4577,375,140,0.0778
2023-03-23 00:10:00,5616,3645,5564,7380,182,33863,0.0467,,5057,385,261,0
2023-03-23 00:12:00,5616,3645,5564,7380,182,33863,0.0467,,5057,385,261,0
2023-03-23 00:14:00,5616,3645,5564,7380,182,33863,0.0467,,5057,385,261,0
2023-03-23 00:16:00,4590,3580,4815,7266,177,33847,0.0467,,4354,376,143,0
2023-03-23 00:18:00,4590,3580,4815,7266,177,33847,0.0467,,4354,376,143,0
2023-03-23 00:20:00,18151,3534,5583,7270,177,34998,0.0467,,5153,385,258,0.0778
2023-03-23 00:22:00,18151,3534,5583,7270,177,34998,0.0467,,5153,385,258,0.0778
2023-03-23 00:24:00,18151,3534,5583,7270,177,34998,0.0467,,5153,385,258,0.0778
2023-03-23 00:26:00,4253,3640,4890,7610,184,32776,0.0467,,4336,380,144,0
2023-03-23 00:28:00,4253,3640,4890,7610,184,32776,0.0467,,4336,380,144,0
2023-03-23 00:30:00,4531,3606,5669,7200,178,34984,0,,5274,386,259,0
2023-03-23 00:32:00,4531,3606,5669,7200,178,34984,0,,5274,386,259,0
2023-03-23 00:34:00,4531,3606,5669,7200,178,34984,0,,5274,386,259,0
2023-03-23 00:36:00,4620,3530,4866,7230,174,32354,0,,4317,382,145,0.0778
2023-03-23 00:38:00,4620,3530,4866,7230,174,32354,0,,4317,382,145,0.0778
2023-03-23 00:40:00,5562,3560,5414,7583,176,34259,0,,5122,384,260,0
2023-03-23 00:42:00,5562,3560,5414,7583,176,34259,0,,5122,384,260,0
2023-03-23 00:44:00,5562,3560,5414,7583,176,34259,0,,5122,384,260,0
2023-03-23 00:46:00,18149,3638,5006,7154,180,33832,0,,4455,377,143,0
2023-03-23 00:48:00,18149,3638,5006,7154,180,33832,0,,4455,377,143,0
2023-03-23 00:50:00,4495,3659,5535,7314,178,35024,0,,5110,380,258,0
2023-03-23 00:52:00,4495,3659,5535,7314,178,35024,0,,5110,380,258,0
2023-03-23 00:54:00,4495,3659,5535,7314,178,35024,0,,5110,380,258,0
2023-03-23 00:56:00,4478,3515,4835,7588,177,33491,0,,4332,386,145,0
2023-03-23 00:58:00,4478,3515,4835,7588,177,33491,0,,4332,386,145,0
2023-03-23 01:00:00,4485,3648,5508,7319,174,32028,0,,5107,379,258,0
2023-03-23 01:02:00,4485,3648,5508,7319,174,32028,0,,5107,379,258,0
2023-03-23 01:04:00,4485,3648,5508,7319,174,32028,0,,5107,379,258,0
2023-03-23 01:06:00,4287,3503,4999,7349,180,35306,0.0467,,4520,385,143,0
2023-03-23 01:08:00,4287,3503,4999,7349,180,35306,0.0467,,4520,385,143,0
2023-03-23 01:10:00,5691,3588,5449,7569,181,33490,0.0467,,4975,381,258,0.0778
2023-03-23 01:12:00,5691,3588,5449,7569,181,33490,0.0467,,4975,381,258,0.0778
2023-03-23 01:14:00,5691,3588,5449,7569,181,33490,0.0467,,4975,381,258,0.0778
2023-03-23 01:16:00,18339,3639,5060,7363,175,33865,0,,4554,386,145,0
2023-03-23 01:18:00,18339,3639,5060,7363,175,33865,0,,4554,386,145,0
2023-03-23 01:20:00,4372,3567,5513,7243,178,34976,0.0933,,5100,387,258,0.0778
2023-03-23 01:22:00,4372,3567,5513,7243,178,34976,0.0933,,5100,387,258,0.0778
2023-03-23 01:24:00,4372,3567,5513,7243,178,34976,0.0933,,5100,387,258,0.0778
2023-03-23 01:26:00,4461,3589,4964,7436,179,32367,0,,4562,379,145,0
2023-03-23 01:28:00,4461,3589,4964,7436,179,32367,0,,4562,379,145,0
2023-03-23 01:30:00,4554,3664,5562,7358,178,34639,0.0467,,5138,379,259,0
2023-03-23 01:32:00,4554,3664,5562,7358,178,34639,0.0467,,5138,379,259,0
2023-03-23 01:34:00,4554,3664,5562,7358,178,34639,0.0467,,5138,379,259,0
2023-03-23 01:36:00,17943,3515,4982,7301,177,34604,0.178,,4426,385,143,0.0778
2023-03-23 01:38:00,17943,3515,4982,7301,177,34604,0.178,,4426,385,143,0.0778
2023-03-23 01:40:00,5795,3639,5665,7562,178,33888,143,,5315,385,258,0
2023-03-23 01:42:00,5795,3639,5665,7562,178,33888,143,,5315,385,258,0
2023-03-23 01:44:00,5795,3639,5665,7562,178,33888,143,,5315,385,258,0
2023-03-23 01:46:00,4563,3570,4889,7202,177,33866,31.4,,4307,384,143,0
2023-03-23 01:48:00,4563,3570,4889,7202,177,33866,31.4,,4307,384,143,0
2023-03-23 01:50:00,18162,3599,5612,7345,178,33525,57,,5232,384,258,0
2023-03-23 01:52:00,18162,3599,5612,7345,178,33525,57,,5232,384,258,0
2023-03-23 01:54:00,18162,3599,5612,7345,178,33525,57,,5232,384,258,0
2023-03-23 01:56:00,4424,3494,4889,7552,180,32008,5.19,,4383,381,146,0
2023-03-23 01:58:00,4424,3494,4889,7552,180,32008,5.19,,4383,381,146,0
2023-03-23 02:00:00,4460,3683,5525,7136,174,36108,5.15,,5160,377,257,0
2023-03-23 02:02:00,4460,3683,5525,7136,174,36108,5.15,,5160,377,257,0
2023-03-23 02:04:00,4460,3683,5525,7136,174,36108,5.15,,5160,377,257,0
2023-03-23 02:06:00,4330,3518,5096,7336,181,33875,57.0,,4541,388,147,0.0778
2023-03-23 02:08:00,4330,3518,5096,7336,181,33875,57.0,,4541,388,147,0.0778
2023-03-23 02:10:00,5780,3697,5526,7604,176,32798,6.68,,5117,385,260,0
2023-03-23 02:12:00,5780,3697,5526,7604,176,32798,6.68,,5117,385,260,0
2023-03-23 02:14:00,5780,3697,5526,7604,176,32798,6.68,,5117,385,260,0
2023-03-23 02:16:00,18200,3533,4998,7316,178,34949,11.3,,4363,386,141,0
2023-03-23 02:18:00,18200,3533,4998,7316,178,34949,11.3,,4363,386,141,0
2023-03-23 02:20:00,4418,3592,5363,7279,180,33906,5.27,,5039,383,258,0.0778
2023-03-23 02:22:00,4418,3592,5363,7279,180,33906,5.27,,5039,383,258,0.0778
2023-03-23 02:24:00,4418,3592,5363,7279,180,33906,5.27,,5039,383,258,0.0778
2023-03-23 02:26:00,4522,3637,4870,7597,175,31607,57.2,,4436,378,144,0
2023-03-23 02:28:00,4522,3637,4870,7597,175,31607,57.2,,4436,378,144,0
2023-03-23 02:30:00,4418,3604,5398,7348,174,35024,57.1,,5035,396,260,0

