"Time","cattle-fleet-local-system","cattle-fleet-system","cattle-monitoring-system","cattle-system","cert-manager","cilium-monitoring","default","kube-system","longhorn-system","sock-shop"
2023-03-23 03:00:00,1421,1400,7393,1626,148,3242,0,7697,78.2,594
2023-03-23 03:04:00,1432,1391,6962,1692,147,3134,0,7350,79.5,592
2023-03-23 03:08:00,1470,1382,7214,2453,158,3235,0,8038,82.4,579
2023-03-23 03:12:00,1449,1348,8378,1652,148,3102,0,8016,79.7,1074
2023-03-23 03:16:00,1470,1371,8337,2062,140,3431,0,8392,82.9,595
2023-03-23 03:20:00,1494,1448,7823,1681,140,3191,0,7915,81.6,583
2023-03-23 03:24:00,1422,1375,7597,1676,146,3286,0,7645,80.3,584
2023-03-23 03:28:00,1444,1378,7450,2343,149,2945,0,7717,81.9,591
2023-03-23 03:32:00,1453,1386,9893,1740,145,3244,0,10566,77.9,4875
2023-03-23 03:36:00,1683,1416,8531,1752,152,3394,0,8727,80.4,585
2023-03-23 03:40:00,1352,1432,8044,1613,151,3266,0,7795,74.9,591
2023-03-23 03:44:00,1426,1377,7778,1579,145,3183,0.206,7866,73.2,570
2023-03-23 03:48:00,1459,1340,8253,2141,157,2985,0,8245,72.2,584
2023-03-23 03:52:00,1419,1327,9578,1929,142,3060,0,11033,76.0,4599
2023-03-23 03:56:00,1391,1364,7940,1740,160,3050,0,7889,78.8,578
2023-03-23 04:00:00,1377,1446,7961,1558,147,3267,0,7879,75.3,573
2023-03-23 04:04:00,1501,1350,7988,2311,158,3140,0,8145,81.7,585
2023-03-23 04:08:00,1427,1324,7928,1659,144,3044,0,8129,81.2,592
2023-03-23 04:12:00,1420,1378,8432,2067,151,3125,0.343,8327,81.1,1769
2023-03-23 04:16:00,1404,1351,7331,1718,147,2947,0,7443,79.4,575
2023-03-23 04:20:00,1394,1434,8291,1631,151,3165,0,8239,74.2,574
2023-03-23 04:24:00,1421,1355,8075,2300,148,3126,0,8042,74.0,579
2023-03-23 04:28:00,2878,1355,9174,2048,144,3304,0,9769,75.5,592
2023-03-23 04:32:00,1440,1378,8103,1622,142,3252,0,7793,77.2,581
2023-03-23 04:36:00,1715,1385,8968,1650,147,2890,0,9808,74.6,2859
2023-03-23 04:40:00,1362,1425,7021,2009,151,3168,0,7318,73.7,599
2023-03-23 04:44:00,3123,1350,9183,1789,147,3182,0.229,8942,80.9,595
2023-03-23 04:48:00,1409,1369,8208,1983,146,3189,0,7963,77.8,588
2023-03-23 04:52:00,1395,1344,8094,1573,151,3148,0,7927,79.7,571
2023-03-23 04:56:00,1431,1374,11532,1775,144,3174,0,12110,79.1,5814
2023-03-23 05:00:00,1418,1444,8148,2392,162,2918,0,7897,80.8,576
2023-03-23 05:04:00,1439,1371,7087,1903,152,2962,0,7361,79.4,581
2023-03-23 05:08:00,1418,1347,7861,1949,137,2971,0,7940,78.7,570
2023-03-23 05:12:00,1457,1387,7943,1636,149,3333,0,7890,77.6,588
2023-03-23 05:16:00,1445,1363,11332,1706,147,3380,0,12250,81.5,3565
2023-03-23 05:20:00,1442,1438,8217,2195,148,3495,0,8226,79.7,588
2023-03-23 05:24:00,1467,1402,7337,2053,142,2792,0,7786,77.6,580
2023-03-23 05:28:00,1468,1381,7065,1683,155,3032,0,7464,79.8,578
2023-03-23 05:32:00,1387,1396,7458,1614,142,3453,0,7713,81.9,592
2023-03-23 05:36:00,1721,1411,8982,2552,135,3328,0,9041,81.6,702
2023-03-23 05:40:00,1464,1457,7932,1627,140,3146,0,8138,80.4,580
2023-03-23 05:44:00,1446,1377,8040,2088,156,3080,0,7942,82.7,580
2023-03-23 05:48:00,1443,1378,8115,1649,144,3224,0,8087,78.3,595
2023-03-23 05:52:00,1462,1368,7371,1662,155,3294,0,7431,82.4,572
2023-03-23 05:56:00,1454,1414,7737,2453,165,2832,0,8086,86.2,584
2023-03-23 06:00:00,1411,1432,7967,1648,150,3119,0,7615,78.3,604
2023-03-23 06:04:00,1447,1370,7825,1671,152,3097,0,7850,82.1,580
2023-03-23 06:08:00,3084,1385,9635,1681,150,3101,0,10299,80.5,2483
2023-03-23 06:12:00,1457,1394,7902,1663,144,3069,0,7909,79.9,582
2023-03-23 06:16:00,1493,1356,8003,2216,156,3091,0.269,8427,81.4,585
2023-03-23 06:20:00,1472,1475,6845,2069,149,3312,0,7362,80.3,579
2023-03-23 06:24:00,1453,1394,7313,1711,140,3279,0,7503,82.3,582
2023-03-23 06:28:00,1460,1374,10783,1710,136,3240,0,11620,78.3,5496
2023-03-23 06:32:00,1494,1365,8396,2394,143,3106,0,8568,81.0,580
2023-03-23 06:36:00,1772,1423,8445,1794,145,3328,0,8464,78.9,600
2023-03-23 06:40:00,1447,1455,7934,2043,146,3167,0,8390,80.9,578
2023-03-23 06:44:00,1492,1398,7369,1621,137,3099,0,7555,78.4,599
2023-03-23 06:48:00,1425,1383,10591,1678,158,3248,0,10990,79.0,5138
2023-03-23 06:52:00,1419,1359,7702,2282,143,3232,0,7277,81.0,585
2023-03-23 06:56:00,1438,1411,8042,1975,146,3281,0.203,8513,82.5,598
2023-03-23 07:00:00,1426,1474,8139,1672,144,3412,0,7977,82.0,584
2023-03-23 07:04:00,1484,1398,7818,1723,138,3230,0,7948,81.6,602
2023-03-23 07:08:00,1469,1391,8918,1933,146,3041,0,8714,80.7,2155
2023-03-23 07:12:00,1433,1420,7939,1701,143,3213,0,8160,81.6,589
2023-03-23 07:16:00,1488,1377,7214,2023,144,3366,0,7966,82.0,574
2023-03-23 07:20:00,1434,1388,7417,1651,148,3044,0,7753,79.5,573
2023-03-23 07:24:00,1482,1374,7825,1633,149,3125,0,7747,80.3,602
2023-03-23 07:28:00,1432,1341,8696,2375,143,2894,0,8445,74.7,579
2023-03-23 07:32:00,1492,1392,7811,1670,148,3002,0,8098,78.9,590
2023-03-23 07:36:00,1728,1424,8578,2089,147,3261,0,8634,81.7,592
2023-03-23 07:40:00,1462,1450,7425,1610,142,3228,0,8617,81.6,1178
2023-03-23 07:44:00,1504,1377,7352,1684,154,3320,0.224,7482,80.4,592
2023-03-23 07:48:00,1517,1374,8023,2484,168,3062,0,8222,83.9,579
2023-03-23 07:52:00,1437,1392,7956,2060,154,3358,0,8255,83.8,574
2023-03-23 07:56:00,1463,1379,8425,1773,149,3174,0,8347,79.5,596
2023-03-23 08:00:00,1486,1462,11855,1677,154,3054,0,11573,81.9,4318
2023-03-23 08:04:00,1460,1401,8045,2226,151,3164,0,8032,82.0,585
2023-03-23 08:08:00,1498,1390,7696,1677,152,3205,0,7847,80.6,598
2023-03-23 08:12:00,4258,2147,9802,2398,189,3302,0,10225,89.3,588
2023-03-23 08:16:00,1415,1341,8165,1793,164,3275,0,8302,79.8,598
2023-03-23 08:20:00,2937,1430,12124,1667,160,3321,0,13204,85.3,5677
2023-03-23 08:24:00,1470,1423,8175,2387,155,3053,0,8123,82.5,582
2023-03-23 08:28:00,1445,1383,7981,1686,144,3306,0,8053,80.5,571
2023-03-23 08:32:00,1449,1371,8110,1825,149,3050,0,7989,79.7,580
2023-03-23 08:36:00,3518,1421,9666,1745,158,3031,0,9788,78.3,583
2023-03-23 08:40:00,1448,1429,7982,1669,155,3008,0,8920,80.7,1865
2023-03-23 08:44:00,1475,1373,8123,2413,165,3195,0,8000,82.4,584
2023-03-23 08:48:00,1480,1358,8078,2169,142,3488,0,8292,81.6,596
2023-03-23 08:52:00,1459,1386,8093,1655,133,3315,0,7954,79.3,592
2023-03-23 08:56:00,1443,1384,9534,1833,139,3143,0.590,8940,79.7,571
2023-03-23 09:00:00,1450,1463,8018,2355,153,3160,0,8135,80.7,588
2023-03-23 09:04:00,1441,1375,7224,1666,142,3205,0,7568,74.5,595
2023-03-23 09:08:00,1388,1374,7164,1693,145,2875,0,7465,72.7,577
2023-03-23 09:12:00,1405,1366,7919,1675,142,2973,0,8431,78.6,670
2023-03-23 09:16:00,1464,1377,8308,1750,158,3223,0,8321,80.0,574
2023-03-23 09:20:00,1472,1460,8223,2304,143,2849,0,8320,80.7,600
2023-03-23 09:24:00,1467,1339,8255,1905,140,3097,0,7966,80.6,588
2023-03-23 09:28:00,1442,1390,8384,1681,137,3056,0,8256,80.8,578
2023-03-23 09:32:00,1470,1354,9031,1663,141,2992,0,10062,85.5,4192
2023-03-23 09:36:00,1784,1478,8072,1880,167,2978,0,8299,78.8,581
2023-03-23 09:40:00,1489,1439,7959,1989,143,3369,0,7962,78.9,580
2023-03-23 09:44:00,1472,1401,8175,1981,152,3040,0,7912,82.2,573
2023-03-23 09:48:00,1482,1398,7938,1763,151,3149,0.175,7936,81.4,586
2023-03-23 09:52:00,1469,1397,10764,1698,146,3094,0,11772,81.9,5124
2023-03-23 09:56:00,1468,1386,8046,2619,145,3016,0,7885,85.1,581
2023-03-23 10:00:00,1455,1443,6868,1701,151,3022,0,7402,81.6,586
2023-03-23 10:04:00,1488,1369,7565,2037,162,3521,0,7973,80.5,580
2023-03-23 10:08:00,1469,1400,8143,1691,145,3111,0,8057,82.6,599
2023-03-23 10:12:00,1436,1414,9530,1711,149,3044,0,10337,83.2,2792
2023-03-23 10:16:00,1445,1366,8430,2151,137,3046,0,8630,79.6,573
2023-03-23 10:20:00,1446,1442,7769,2009,149,3245,0,7918,81.1,591
2023-03-23 10:24:00,1452,1378,6813,1679,158,3081,0,7121,80.1,594
2023-03-23 10:28:00,1467,1360,7583,1749,152,3075,0,7206,82.9,589
2023-03-23 10:32:00,1453,1358,8248,2182,143,2948,0,7979,80.2,593
2023-03-23 10:36:00,1829,1426,8599,1793,146,3421,0,8605,79.8,577
2023-03-23 10:40:00,1467,1419,8042,2004,148,3158,0,8064,80.3,585
2023-03-23 10:44:00,1413,1357,7784,1649,146,3381,0,7605,79.0,574
2023-03-23 10:48:00,1401,1343,7160,1600,156,3016,0,7287,79.0,590
2023-03-23 10:52:00,1378,1338,7388,2291,139,2979,0,7589,77.9,576
2023-03-23 10:56:00,1399,1340,8084,1945,149,3202,0,8444,75.6,601
2023-03-23 11:00:00,1405,1446,8105,1726,150,3097,0,8110,74.1,588
2023-03-23 11:04:00,1439,1374,9933,1660,143,3217,0,10296,83.7,2829
2023-03-23 11:08:00,1402,1373,7813,1613,154,3322,0,7894,76.6,574
2023-03-23 11:12:00,1424,1357,7195,1970,155,2927,0,7747,77.2,578
2023-03-23 11:16:00,1423,1356,7318,2151,156,3264,0,7849,76.0,599
2023-03-23 11:20:00,1402,1349,7800,1704,137,3208,0,8067,73.6,581
2023-03-23 11:24:00,1401,1348,11220,1611,151,3091,0,11862,76.3,6180
2023-03-23 11:28:00,1415,1370,8092,2449,148,3171,0,8323,78.6,588
2023-03-23 11:32:00,2730,1349,7760,1596,143,3175,0,8239,74.7,587
2023-03-23 11:36:00,1750,1374,7747,2128,153,3429,0,8351,76.2,573
2023-03-23 11:40:00,1419,1430,8001,1605,143,2941,0,7990,75.7,582
2023-03-23 11:44:00,1383,1311,9765,1670,138,3067,0,9881,73.7,2015
2023-03-23 11:48:00,1407,1325,8394,2383,138,3118,0,8428,71.3,598
2023-03-23 11:52:00,1456,1375,8287,1998,151,3489,0,8342,77.7,579
2023-03-23 11:56:00,1416,1434,8281,1748,153,3294,0,8151,79.7,579
2023-03-23 12:00:00,1450,1425,7391,1709,143,3253,0,8000,80.5,591
2023-03-23 12:04:00,1445,1349,7135,2186,146,3143,0,7439,78.9,581
2023-03-23 12:08:00,1481,1364,8000,1721,148,2896,0,7873,80.9,588
2023-03-23 12:12:00,1427,1382,7821,2131,145,3248,0,8109,78.7,575
2023-03-23 12:16:00,1438,1394,8232,1791,150,3154,0,8459,81.1,633
2023-03-23 12:20:00,1439,1452,8007,1659,149,3057,0,7834,81.2,586
2023-03-23 12:24:00,1485,1361,7544,2335,151,3020,0,8026,80.7,595
2023-03-23 12:28:00,1440,1378,6826,1713,145,3089,0,7438,78.0,580
2023-03-23 12:32:00,1392,1356,7565,2068,155,3237,0,7880,76.4,570
2023-03-23 12:36:00,1677,1406,10362,1751,142,3053,0,11508,72.7,3786
2023-03-23 12:40:00,1458,1461,8132,1621,151,3331,0,8054,78.2,606
2023-03-23 12:44:00,1489,1367,8101,2340,141,3017,0,8127,83.1,588
2023-03-23 12:48:00,1464,1360,8282,2017,151,3270,0,8200,80.8,589
2023-03-23 12:52:00,1449,1375,8089,1761,149,3267,0.218,7900,81.6,583
2023-03-23 12:56:00,1425,1359,11232,1721,157,3315,0.242,12034,80.3,4414
2023-03-23 13:00:00,1418,1468,8441,1994,145,3238,0,8599,81.5,602
2023-03-23 13:04:00,1431,1392,7898,1636,150,3080,0,7655,79.5,580
2023-03-23 13:08:00,1394,1327,7240,2027,146,3018,0,7642,79.0,583
2023-03-23 13:12:00,1416,1389,7130,1652,146,3094,0,7738,78.5,589
2023-03-23 13:16:00,1458,1414,9223,1741,135,2901,0,9403,81.0,1472
2023-03-23 13:20:00,1445,1443,8765,2348,139,3250,0,8791,79.5,586
2023-03-23 13:24:00,1440,1352,8278,1711,158,2869,0,8343,83.9,587
2023-03-23 13:28:00,1404,1365,8026,1886,142,3202,0,8099,79.8,565
2023-03-23 13:32:00,1416,1371,7845,1699,156,2865,0,7799,78.4,598
2023-03-23 13:36:00,1870,1404,8160,1793,145,3136,0,8381,81.6,596
2023-03-23 13:40:00,1468,1458,7215,2508,131,3124,0,7596,80.5,588
2023-03-23 13:44:00,1487,1385,7288,2152,149,3161,0,7327,78.5,573
2023-03-23 13:48:00,1392,1359,8380,1698,142,3139,0,8517,72.8,611
2023-03-23 13:52:00,2920,1375,9327,1652,147,3076,0,9194,80.8,579
2023-03-23 13:56:00,1436,1365,9039,2475,160,3115,0,9055,79.5,588
2023-03-23 14:00:00,1485,1449,7638,1673,142,3282,0.322,7926,78.6,582
2023-03-23 14:04:00,1478,1368,8096,2031,148,3207,0,8000,84.3,584
2023-03-23 14:08:00,1456,1369,10197,1772,142,3350,0,10961,88.0,4962
2023-03-23 14:12:00,1420,1419,7283,1706,147,3228,0,7127,87.4,571
2023-03-23 14:16:00,1478,1408,7984,2402,143,3191,0,8023,92.6,594
2023-03-23 14:20:00,1457,1463,7997,1905,141,3068,0,7916,81.0,598
2023-03-23 14:24:00,1433,1389,8004,1645,152,2961,0,8000,83.6,590
2023-03-23 14:28:00,1473,1362,11390,1756,154,3135,0,11973,86.4,4528
2023-03-23 14:32:00,1422,1392,7894,2123,166,3250,0,8092,86.1,571
2023-03-23 14:36:00,1954,1414,8678,1879,136,3079,0,8846,88.0,569
2023-03-23 14:40:00,1472,1476,7390,2209,151,3249,0,7761,84.0,572
2023-03-23 14:44:00,1525,1400,6847,1733,158,3453,0,7406,78.5,575
2023-03-23 14:48:00,1517,1407,9382,1743,149,3380,0,9297,81.8,3417
2023-03-23 14:52:00,1489,1403,7844,2430,151,2969,0,8256,84.5,596
2023-03-23 14:56:00,1437,1404,8358,1840,158,3384,0,8271,80.0,593
2023-03-23 15:00:00,1497,1463,8158,2118,145,3192,0,7977,81.7,586
2023-03-23 15:04:00,1420,1381,7955,1721,149,3085,0,7746,86.3,579
2023-03-23 15:08:00,1429,1371,8058,1772,151,3085,0,8079,79.5,589
2023-03-23 15:12:00,1467,1355,8418,2411,156,3123,0,8664,84.4,591
2023-03-23 15:16:00,1460,1388,7414,2086,149,3136,0,7927,82.9,573
2023-03-23 15:20:00,1428,1452,7184,1705,143,3077,0.233,7418,78.4,707
2023-03-23 15:24:00,1401,1385,7891,1667,141,2974,0,8005,82.5,587
2023-03-23 15:28:00,1444,1383,8194,1705,159,3292,0,8242,82.2,579
2023-03-23 15:32:00,1470,1357,7825,1652,156,3213,0,7940,82.1,598
2023-03-23 15:36:00,1934,1450,8720,2162,148,3488,0,8666,82.2,564
2023-03-23 15:40:00,1453,1465,10022,1640,144,3282,0,10192,81.0,3271
2023-03-23 15:44:00,1486,1388,7022,1662,144,3099,0.400,7557,80.2,578
2023-03-23 15:48:00,3274,1400,8937,2567,147,3293,0,9271,84.5,571
2023-03-23 15:52:00,1466,1416,6857,1984,134,3038,0,7254,81.1,587
2023-03-23 15:56:00,1457,1393,8214,2064,146,3204,0,8444,82.4,592
2023-03-23 16:00:00,1459,1445,11425,1730,149,3221,0,12160,78.6,4779
2023-03-23 16:04:00,1459,1379,7737,1747,143,3314,0.242,7898,80.2,580
2023-03-23 16:08:00,1491,1382,8199,2491,137,3235,0,8299,83.9,582
2023-03-23 16:12:00,1484,1389,8024,2140,152,3240,0,7905,83.5,585
2023-03-23 16:16:00,1439,1384,8389,1766,138,3071,0,8280,80.5,584
2023-03-23 16:20:00,1509,1480,9586,1718,144,3449,0,10372,81.4,3773
2023-03-23 16:24:00,1486,1409,7388,2434,157,2979,0,7541,83.0,585
2023-03-23 16:28:00,1503,1409,7417,1672,157,3221,0,7763,81.3,572
2023-03-23 16:32:00,1486,1393,8247,2043,156,2988,0,8323,80.3,578
2023-03-23 16:36:00,1818,1415,8620,1802,140,3010,0,8447,80.4,584
2023-03-23 16:40:00,1416,1359,7803,1673,146,2893,0,8043,79.7,580
2023-03-23 16:44:00,1409,1385,8455,2361,157,3086,0,8383,82.2,584
2023-03-23 16:48:00,1466,1364,8273,1897,165,3042,0.204,8161,76.9,587
2023-03-23 16:52:00,1449,1371,7085,1653,151,3066,0,7294,79.6,594
2023-03-23 16:56:00,1409,1370,7273,1747,143,3230,0,7785,78.0,596
2023-03-23 17:00:00,1422,1448,6821,1679,155,3178,0,7491,78.4,589
2023-03-23 17:04:00,1401,1387,7868,2146,151,3201,0,8073,80.3,570
2023-03-23 17:08:00,1451,1372,8111,2059,156,3390,0,7976,80.7,572
2023-03-23 17:12:00,1428,1341,9153,1672,141,3200,0,9610,78.5,3125
2023-03-23 17:16:00,1439,1380,8261,1791,149,3123,0,8449,75.9,588
2023-03-23 17:20:00,1460,1443,8220,2273,161,3179,0,7903,88.1,595
2023-03-23 17:24:00,1452,1352,8087,1688,139,3073,0,7939,90.8,589
2023-03-23 17:28:00,1454,1376,7767,2047,152,3397,0,7679,89.1,605
2023-03-23 17:32:00,1435,1382,10852,1662,154,3019,0,10538,84.0,5489
2023-03-23 17:36:00,1752,1422,7839,1724,145,3226,0,8052,86.0,585
2023-03-23 17:40:00,1445,1457,8079,2410,132,3378,0,8299,80.6,586
2023-03-23 17:44:00,1505,1400,8033,2026,152,2916,0,8217,82.8,582
2023-03-23 17:48:00,1499,1390,8079,1676,133,3266,0,8174,82.5,591
2023-03-23 17:52:00,3488,1401,11815,1705,146,3196,0,12491,82.9,4975
2023-03-23 17:56:00,1477,1372,8356,1951,147,3142,0,8341,80.6,590
2023-03-23 18:00:00,1482,1408,8284,2150,151,3191,0,8300,80.2,592
2023-03-23 18:04:00,1460,1386,7350,2081,142,3232,0,7539,87.6,587
2023-03-23 18:08:00,1466,1392,7295,1778,150,2971,0,7740,85.8,574
2023-03-23 18:12:00,1453,1375,7796,1741,164,2983,0,7741,87.3,1290
2023-03-23 18:16:00,1474,1361,8584,2490,152,3113,0,8670,85.7,598
2023-03-23 18:20:00,1439,1473,8016,1659,146,3301,0,8000,85.9,607
2023-03-23 18:24:00,1468,1345,7972,2043,135,2991,0,7916,87.8,596
2023-03-23 18:28:00,1465,1372,7987,1689,149,3021,0,8312,80.6,573
2023-03-23 18:32:00,1423,1392,7894,1650,142,3186,0,7791,79.8,580
2023-03-23 18:36:00,1746,1454,8720,2558,150,3227,0,9333,82.8,1695
2023-03-23 18:40:00,1426,1447,6928,2139,141,3226,0,7346,79.1,592
2023-03-23 18:44:00,1451,1405,7479,1685,155,3496,0,7314,85.6,603
2023-03-23 18:48:00,3008,1385,11152,2842,155,3192,0,11220,90.1,590
2023-03-23 18:52:00,1421,1384,7951,2245,145,3398,0.230,8307,88.7,587
2023-03-23 18:56:00,1462,1397,11307,1792,155,3297,0,11718,81.5,5071
2023-03-23 19:00:00,1449,1377,7935,2051,141,3117,0,8003,79.3,575
2023-03-23 19:04:00,1457,1398,7903,1687,147,3183,0,7691,78.4,576
2023-03-23 19:08:00,1421,1362,7662,1675,155,3020,0,7766,80.6,595
2023-03-23 19:12:00,1428,1358,7553,2355,143,3167,0.456,7749,82.1,581
2023-03-23 19:16:00,1437,1400,9951,1691,152,3088,0,11424,82.3,4751
2023-03-23 19:20:00,1450,1501,7890,1873,144,3128,0,7698,79.3,566
2023-03-23 19:24:00,1467,1393,7899,1643,155,3420,0,7851,81.3,589
2023-03-23 19:28:00,1515,1404,8551,1699,152,3067,0,8538,81.8,586
2023-03-23 19:32:00,1473,1376,8281,2231,148,2785,0,8021,81.7,566
2023-03-23 19:36:00,1823,1440,9571,2208,156,3362,0,10021,84.9,2194
2023-03-23 19:40:00,1486,1351,8047,1664,145,3398,0,8212,79.4,582
2023-03-23 19:44:00,1447,1388,7799,1661,160,3135,0,7132,80.8,594
2023-03-23 19:48:00,1424,1380,7497,2372,155,3298,0,7709,81.9,589
2023-03-23 19:52:00,1469,1419,7312,1718,145,3196,0,7592,82.9,571
2023-03-23 19:56:00,1492,1420,8242,2184,158,3294,0.421,8400,81.0,583
2023-03-23 20:00:00,1486,1472,7902,1687,153,3253,0,8163,79.8,588
2023-03-23 20:04:00,1466,1363,7868,1668,154,2938,0,7682,80.2,570
2023-03-23 20:08:00,1465,1398,8695,2487,144,3218,0,8599,82.9,807
2023-03-23 20:12:00,1504,1393,7780,1971,164,3158,0,7991,81.8,564
2023-03-23 20:16:00,1475,1398,7801,1682,168,3034,0,7992,89.3,604
2023-03-23 20:20:00,2252,1447,6781,1666,150,2922,0,7410,81.0,601
2023-03-23 20:24:00,1483,1385,7451,1654,148,3129,0,7587,82.3,573
2023-03-23 20:28:00,1492,1381,10602,1813,147,3135,0,11235,81.0,4111
2023-03-23 20:32:00,1491,1393,7947,1945,149,3226,0,8118,79.8,582
2023-03-23 20:36:00,1725,1430,8189,1743,145,3308,0,8477,79.2,570
2023-03-23 20:40:00,1489,1447,8170,1702,156,3214,0,8233,80.1,576
2023-03-23 20:44:00,1522,1382,8065,2328,137,3085,0,8252,83.2,600
2023-03-23 20:48:00,1463,1394,11042,1637,145,3023,0,11415,80.8,4959
2023-03-23 20:52:00,1465,1361,7661,1979,149,3075,0,7991,80.1,601
2023-03-23 20:56:00,1444,1416,7329,1752,150,3116,0,7704,80.5,571
2023-03-23 21:00:00,1475,1438,7230,1587,143,3288,0,7252,85.6,574
2023-03-23 21:04:00,2940,1339,9259,2391,140,3008,0,9791,87.3,594
2023-03-23 21:08:00,1491,1388,9339,2095,147,3281,0,9816,93.6,1753
2023-03-23 21:12:00,1394,1364,7979,1708,154,3107,0,7996,83.0,593
2023-03-23 21:16:00,1448,1370,8339,1716,143,3125,0.496,8542,84.7,595
2023-03-23 21:20:00,1488,1424,13581,2056,148,3243,0,14934,82.1,8510
2023-03-23 21:24:00,1480,1391,8151,1667,141,3355,0,8320,79.6,573
2023-03-23 21:28:00,1503,1389,7498,2130,154,2973,0,7814,81.7,592
2023-03-23 21:32:00,1457,1402,6973,1634,158,3506,0,7673,80.1,586
2023-03-23 21:36:00,1767,1491,7678,1677,151,3094,0,8174,78.6,596
2023-03-23 21:40:00,1488,1431,8206,2281,151,3342,0,8235,83.5,596
2023-03-23 21:44:00,1437,1369,8068,1681,146,3196,0,8204,81.5,593
2023-03-23 21:48:00,1438,1405,8372,1818,154,3232,0,8107,82.2,575
2023-03-23 21:52:00,1437,1347,10187,1662,143,3376,0,10246,78.8,3380
2023-03-23 21:56:00,1551,1466,8236,1746,141,3203,0.211,8300,81.3,590
2023-03-23 22:00:00,1498,1423,8071,2185,147,3094,0,7858,82.5,575
2023-03-23 22:04:00,1442,1376,7407,2045,154,3300,0,7201,83.8,584
2023-03-23 22:08:00,1455,1364,7600,1687,146,3115,0,7492,80.8,587
2023-03-23 22:12:00,1483,1367,11452,1668,164,3253,0,12126,79.5,4562
2023-03-23 22:16:00,1438,1377,8577,2246,154,2791,0,8377,80.0,578
2023-03-23 22:20:00,1423,1400,8288,1720,148,3270,0,7911,79.9,583
2023-03-23 22:24:00,1517,1357,7934,2052,160,3294,0,7936,83.3,579
2023-03-23 22:28:00,1523,1384,8053,1732,152,3235,0,8308,80.8,589
2023-03-23 22:32:00,1435,1397,9312,1722,155,3209,0,10242,79.7,3924
2023-03-23 22:36:00,1885,1423,7792,2534,146,3444,0,8028,83.8,577
2023-03-23 22:40:00,3019,1457,8802,1896,157,3248,0,8697,80.4,577
2023-03-23 22:44:00,1498,1382,7430,1795,148,3040,0,7697,78.4,584
2023-03-23 22:48:00,1453,1382,7939,1624,151,3112,0,7887,81.3,588
2023-03-23 22:52:00,1477,1363,8362,1915,148,3002,0,8089,80.5,1096
2023-03-23 22:56:00,1450,1396,8539,2119,146,3138,0,8674,81.0,572
2023-03-23 23:00:00,1446,1414,8188,1995,152,3327,0,8088,80.8,574
2023-03-23 23:04:00,1462,1361,7836,1706,140,3190,0,8084,79.6,588
2023-03-23 23:08:00,1500,1371,7985,1738,148,3336,0,7842,80.4,577
2023-03-23 23:12:00,1466,1378,7181,2450,151,3155,0,7393,84.9,586
2023-03-23 23:16:00,1434,1374,8776,1780,165,3071,0,9005,79.1,1804
2023-03-23 23:20:00,1456,1472,8120,2034,149,3189,0,8106,81.9,599
2023-03-23 23:24:00,2953,1373,9383,1673,138,3208,0.205,9374,82.8,577
2023-03-23 23:28:00,1474,1383,7650,1677,142,3160,0,8092,81.0,591
2023-03-23 23:32:00,1459,1378,8251,2389,143,3187,0,8134,82.9,569
2023-03-23 23:36:00,1792,1427,11592,2044,150,3427,0,12459,84.7,4737
2023-03-23 23:40:00,1412,1444,7079,1665,146,3158,0,7637,80.7,572
2023-03-23 23:44:00,1489,1398,7061,1643,135,3091,0,7364,81.8,570
2023-03-23 23:48:00,1445,1399,7633,1843,139,3536,0,7953,78.2,589
2023-03-23 23:52:00,1456,1348,8018,2139,145,3307,0,8123,78.8,593
2023-03-23 23:56:00,1434,1370,10868,2157,151,3202,0.284,11851,79.9,4558
2023-03-24 00:00:00,1465,1458,7910,1700,148,3107,0,7973,82.1,600
2023-03-24 00:04:00,1462,1387,7916,1689,149,3193,0,7797,82.3,581
2023-03-24 00:08:00,1411,1366,7999,2375,148,3171,0,8140,75.4,591
2023-03-24 00:12:00,1454,1389,7153,1649,138,3433,0,7520,79.3,590
2023-03-24 00:16:00,1493,1394,8069,1895,144,3257,0,8384,79.5,1775
2023-03-24 00:20:00,1446,1464,8047,1668,169,3064,0,7891,81.8,581
2023-03-24 00:24:00,1447,1386,7978,1692,149,3262,0,8156,82.0,583
2023-03-24 00:28:00,1451,1406,8511,2319,145,3140,0,8417,81.9,576
2023-03-24 00:32:00,1496,1363,8155,2057,146,3196,0,7859,81.8,581
2023-03-24 00:36:00,1777,1422,8640,1773,140,3302,0,8377,79.3,580
2023-03-24 00:40:00,1459,1459,7982,1676,169,3147,0,8027,77.3,574
2023-03-24 00:44:00,1454,1408,7441,1999,133,3245,0,7729,84.1,600
2023-03-24 00:48:00,1426,1405,7975,1933,139,3114,0,8323,81.5,1296
2023-03-24 00:52:00,1454,1384,7888,2075,157,3005,0,7532,84.9,580
2023-03-24 00:56:00,1494,1388,8175,1770,152,3510,0,8264,80.4,578
2023-03-24 01:00:00,1463,1486,8183,1718,149,3051,0,7853,82.5,587
2023-03-24 01:04:00,1481,1376,8240,2437,156,3029,0,8441,84.5,575
2023-03-24 01:08:00,2961,1387,12194,1719,143,3300,0,12763,83.3,5165
2023-03-24 01:12:00,1467,1373,7655,1838,149,3407,0,7608,82.7,582
2023-03-24 01:16:00,1472,1384,7408,1743,147,3214,0,7535,83.4,578
2023-03-24 01:20:00,1496,1464,7435,1629,152,3168,0,7487,89.2,576
2023-03-24 01:24:00,1500,1375,7718,2472,152,3096,0,7600,90.0,580
2023-03-24 01:28:00,1475,1377,11124,1963,151,2937,0,11789,88.7,5239
2023-03-24 01:32:00,1501,1373,8100,1715,151,3476,0,7858,82.4,603
2023-03-24 01:36:00,1845,1447,8736,1718,152,3417,0,8653,82.6,581
2023-03-24 01:40:00,1462,1471,8144,2529,147,3001,0,8303,81.3,569
2023-03-24 01:44:00,1471,1384,7860,1655,145,3253,0,7587,86.3,592
2023-03-24 01:48:00,1504,1370,8556,2048,146,3078,0,8958,85.8,1436
2023-03-24 01:52:00,1463,1409,6884,1724,156,3226,0,7218,88.7,594
2023-03-24 01:56:00,1530,1440,7601,1806,143,3218,0,8125,86.4,575
2023-03-24 02:00:00,1420,1475,8309,2467,158,3158,0.193,8174,81.1,596
2023-03-24 02:04:00,1448,1393,7895,1758,147,3221,0,8016,84.3,576
2023-03-24 02:08:00,1462,1405,8163,1704,144,3138,0,8033,87.2,582
2023-03-24 02:12:00,1447,1382,7978,1670,150,3417,0,8184,87.8,572
2023-03-24 02:16:00,1445,1374,8330,1791,143,3148,0,8254,78.8,575
2023-03-24 02:20:00,1483,1442,8120,2025,155,3233,0,7992,80.2,839
2023-03-24 02:24:00,1529,1393,7347,1991,153,3012,0,7218,83.6,597
2023-03-24 02:28:00,1480,1402,7120,1699,153,2885,0,7437,87.9,576
2023-03-24 02:32:00,1458,1366,7772,1718,145,3254,0,7842,80.4,582
2023-03-24 02:36:00,1828,1440,8567,2532,154,3270,0,8998,81.0,596
2023-03-24 02:40:00,3084,1447,11130,1724,142,3149,0,11544,84.6,4162
2023-03-24 02:44:00,1463,1378,8162,2125,147,3300,0,7971,81.0,587
2023-03-24 02:48:00,1483,1395,8071,1660,154,3144,0,7997,81.3,575
2023-03-24 02:52:00,1454,1379,7899,1731,147,3440,0,8145,79.8,580
2023-03-24 02:56:00,1442,1375,8004,2489,144,3189,0,8671,80.3,594
2023-03-24 03:00:00,1420,1465,10075,2064,137,3361,0,11537,80.1,4960
2023-03-24 03:04:00,1441,1351,7116,1701,146,3343,0,7542,81.8,595
2023-03-24 03:08:00,1485,1382,8077,1723,142,3088,0,7897,77.7,585
2023-03-24 03:12:00,1448,1380,7915,1673,148,3279,0.231,7982,82.2,586
2023-03-24 03:16:00,1451,1362,8672,2073,148,3086,0,8634,81.2,580
2023-03-24 03:20:00,1456,1462,9053,2024,134,3221,0,9465,79.2,1922
2023-03-24 03:24:00,1431,1405,7922,1661,156,3242,0,7852,77.4,581
2023-03-24 03:28:00,1460,1378,7733,1703,156,2897,0,7819,79.9,584
2023-03-24 03:32:00,1470,1364,7581,2194,146,3195,0,7688,81.2,588
2023-03-24 03:36:00,1783,1425,7488,1847,145,3092,0,7983,80.8,578
2023-03-24 03:40:00,1460,1473,7466,1967,146,2951,0,7441,81.2,579
2023-03-24 03:44:00,1417,1373,8003,1633,149,2944,0,7800,79.5,591
2023-03-24 03:48:00,1507,1386,7880,1695,153,3017,0,7983,77.5,589
2023-03-24 03:52:00,1475,1380,8038,2480,149,3242,0,8064,79.8,589
2023-03-24 03:56:00,1439,1396,8526,2106,150,2936,0,8360,79.5,588
2023-03-24 04:00:00,1418,1443,7896,1686,149,3164,0,7788,79.5,574
2023-03-24 04:04:00,1483,1383,7635,1590,149,3269,0,7658,79.4,578
2023-03-24 04:08:00,1447,1384,7324,2159,144,2877,0,8016,79.1,587
2023-03-24 04:12:00,1439,1391,7100,1751,148,3031,0,7578,82.8,579
2023-03-24 04:16:00,1459,1383,8412,2190,144,3177,0,8643,82.3,662
2023-03-24 04:20:00,1542,1429,7582,1749,141,3238,0,7939,82.1,582
2023-03-24 04:24:00,1460,1390,8240,1716,131,3196,0,8243,81.4,602
2023-03-24 04:28:00,1517,1408,8247,2469,146,3347,0,8201,82.1,581
2023-03-24 04:32:00,1433,1361,8152,1844,139,3276,0,7731,82.0,564
2023-03-24 04:36:00,1831,1432,11046,1806,144,3104,0,11146,81.7,4436
2023-03-24 04:40:00,1483,1442,6953,1657,140,3248,0,7509,82.1,592
2023-03-24 04:44:00,1457,1391,6952,1675,151,3042,0,7104,81.3,578
2023-03-24 04:48:00,1474,1403,7654,2502,147,3311,0,8078,82.0,587
2023-03-24 04:52:00,1490,1359,8109,1967,154,2958,0,7855,83.6,582
2023-03-24 04:56:00,1487,1376,11995,1695,149,3218,0,12222,80.5,5304
2023-03-24 05:00:00,1470,1431,7803,1711,155,3514,0,7705,79.4,589
2023-03-24 05:04:00,1498,1386,8587,2495,138,3246,0,8261,83.6,591
2023-03-24 05:08:00,1496,1410,13529,1656,151,3079,0,14768,82.9,8623
2023-03-24 05:12:00,1508,1387,7765,2044,159,3157,0.208,7932,83.9,582
2023-03-24 05:16:00,1464,1371,7537,1711,144,3166,0,8022,80.1,587
2023-03-24 05:20:00,1453,1470,6612,1664,144,3162,0,7178,81.7,578
2023-03-24 05:24:00,1487,1403,8272,2399,135,3353,0,7999,83.4,574
2023-03-24 05:28:00,1481,1399,7660,2042,153,2959,0,7587,79.4,594
2023-03-24 05:32:00,1459,1387,7951,1679,146,3265,0,7900,80.1,586
2023-03-24 05:36:00,1764,1428,8698,1823,153,3307,0,8504,81.8,586
2023-03-24 05:40:00,1457,1489,7968,2082,145,2790,0,7968,81.6,588
2023-03-24 05:44:00,1485,1406,8280,2005,144,3377,0,8172,81.3,571
2023-03-24 05:48:00,1453,1353,8058,2085,136,3062,0,8078,82.8,571
2023-03-24 05:52:00,1439,1362,7841,1646,144,3252,0,7806,79.1,580
2023-03-24 05:56:00,1382,1425,7890,1768,139,3216,0,8057,75.1,588
2023-03-24 06:00:00,1456,1433,9642,2347,156,3114,0,9785,81.4,2797
2023-03-24 06:04:00,1488,1377,6889,1744,157,3304,0,7154,82.0,591
2023-03-24 06:08:00,1458,1387,7890,1903,147,2976,0,7874,80.7,604
2023-03-24 06:12:00,1389,1377,8061,1724,156,3183,0.208,7802,80.4,586
2023-03-24 06:16:00,1454,1384,8546,1793,153,2941,0,8438,80.3,581
2023-03-24 06:20:00,1434,1440,11272,2401,144,3272,0.231,12601,81.1,5656
2023-03-24 06:24:00,1411,1386,8042,2084,152,3167,0,8350,86.4,580
2023-03-24 06:28:00,1407,1376,7927,1728,155,3119,0,7940,78.1,598
2023-03-24 06:32:00,1420,1386,8082,1706,145,3154,0,7925,83.1,584
2023-03-24 06:36:00,1765,1418,8621,2237,147,3199,0,8485,81.1,596
2023-03-24 06:40:00,1506,1468,7334,1726,144,2986,0,7710,80.9,588
2023-03-24 06:44:00,3070,1404,8292,2028,150,3096,0,9120,80.8,571
2023-03-24 06:48:00,1453,1402,7182,1686,147,3114,0,7452,81.7,591
2023-03-24 06:52:00,1459,1394,7499,1684,154,3363,0,7610,82.4,597
2023-03-24 06:56:00,1486,1366,8352,2559,161,2951,0,8635,83.5,571
2023-03-24 07:00:00,1470,1447,8070,1660,140,3220,0,8155,78.4,599
2023-03-24 07:04:00,1413,1397,8259,1896,145,3415,0,7876,79.2,586
2023-03-24 07:08:00,1467,1369,8200,1747,150,3064,0,7827,81.0,607
2023-03-24 07:12:00,1440,1368,8100,1692,155,3402,0,8133,78.3,604
2023-03-24 07:16:00,1466,1389,8719,2403,142,3398,0,8893,81.0,584
2023-03-24 07:20:00,1473,1456,7593,2006,141,3138,0,7769,83.4,582
2023-03-24 07:24:00,1430,1364,6955,1674,156,3107,0,7357,80.6,592
2023-03-24 07:28:00,2566,1384,7246,1667,159,2955,0.213,7425,81.8,591
2023-03-24 07:32:00,1466,1366,7541,2315,150,3455,0,7863,81.2,593
2023-03-24 07:36:00,1767,1410,8312,1737,144,3263,0,8570,80.2,601
2023-03-24 07:40:00,1489,1459,8042,2040,147,2922,0,8123,82.0,592
2023-03-24 07:44:00,1436,1380,8069,1706,148,3351,0,7983,80.2,583
2023-03-24 07:48:00,1456,1353,8116,1722,140,3221,0,8303,79.0,581
2023-03-24 07:52:00,1434,1403,8072,2402,156,3411,0,8131,81.7,573
2023-03-24 07:56:00,1456,1479,8267,1826,145,3268,0,8374,81.7,589
2023-03-24 08:00:00,1467,1451,10210,1742,151,3106,0,10708,77.8,3841
2023-03-24 08:04:00,1437,1386,7052,1685,153,3201,0,7257,76.8,583
2023-03-24 08:08:00,1445,1381,6906,1698,151,3035,0,7416,73.7,595
2023-03-24 08:12:00,1435,1380,7422,2291,156,3232,0.208,7919,80.8,578
2023-03-24 08:16:00,2706,1364,10102,2257,150,3451,9.98,10157,73.9,590
2023-03-24 08:20:00,1466,1469,11279,1702,139,3298,0,11819,80.1,4583
2023-03-24 08:24:00,1474,1380,8039,1666,138,3202,0,8002,81.3,590
2023-03-24 08:28:00,1485,1395,8290,2364,149,3576,0,8366,84.6,572
2023-03-24 08:32:00,1390,1392,8176,1750,154,3227,0,8009,78.7,579
2023-03-24 08:36:00,1767,1424,8927,2151,148,3100,7.78,9072,80.8,586
2023-03-24 08:40:00,1409,1486,9003,1693,146,2999,0,9398,79.5,2459
2023-03-24 08:44:00,1436,1378,7303,1693,140,3112,0,7658,79.7,585
2023-03-24 08:48:00,1440,1394,7351,2507,150,3347,0,7965,82.8,577
2023-03-24 08:52:00,1447,1365,7016,1946,139,2910,0,7469,80.3,577
2023-03-24 08:56:00,1438,1372,7626,1727,159,3166,8.05,8126,75.5,566
2023-03-24 09:00:00,1412,1464,7946,1639,151,3471,0,8074,81.9,572

