,Time,Type,Response,Code
0,2023-03-16 06:51:47.221918,Public,0.005598,200
0,2023-03-16 06:51:47.328391,Public,0.005055,200
0,2023-03-16 06:51:47.435958,Public,0.006051,200
0,2023-03-16 06:51:47.542423,Public,0.004922,200
0,2023-03-16 06:51:47.648831,Public,0.005062,200
0,2023-03-16 06:51:47.755931,Public,0.005578,200
0,2023-03-16 06:51:47.863268,Public,0.005705,200
0,2023-03-16 06:51:47.970574,Public,0.005646,200
0,2023-03-16 06:51:48.077760,Public,0.005489,200
0,2023-03-16 06:51:48.184176,Public,0.004877,200
0,2023-03-16 06:51:48.290269,Public,0.004798,200
0,2023-03-16 06:51:48.397386,Public,0.005669,200
0,2023-03-16 06:51:48.504072,Public,0.005162,200
0,2023-03-16 06:51:48.611289,Public,0.005842,200
0,2023-03-16 06:51:48.717424,Public,0.004839,200
0,2023-03-16 06:51:48.823405,Public,0.004689,200
0,2023-03-16 06:51:48.929946,Public,0.00521,200
0,2023-03-16 06:51:49.036774,Public,0.005457,200
0,2023-03-16 06:51:49.143429,Public,0.005331,200
0,2023-03-16 06:51:49.250923,Public,0.006052,200
0,2023-03-16 06:51:49.357314,Public,0.004888,200
0,2023-03-16 06:51:49.473384,Public,0.014762,200
0,2023-03-16 06:51:49.580148,Public,0.005307,200
0,2023-03-16 06:51:49.687405,Public,0.005605,200
0,2023-03-16 06:51:49.795159,Public,0.006084,200
0,2023-03-16 06:51:49.902357,Public,0.005566,200
0,2023-03-16 06:51:50.009574,Public,0.00556,200
0,2023-03-16 06:51:50.116773,Public,0.005606,200
0,2023-03-16 06:51:50.222989,Public,0.004855,200
0,2023-03-16 06:51:50.328981,Public,0.004688,200
0,2023-03-16 06:51:50.435901,Public,0.005658,200
0,2023-03-16 06:51:50.542022,Public,0.004809,200
0,2023-03-16 06:51:50.648082,Public,0.004735,200
0,2023-03-16 06:51:50.754363,Public,0.004939,200
0,2023-03-16 06:51:50.862645,Public,0.006822,200
0,2023-03-16 06:51:50.969476,Public,0.005324,200
0,2023-03-16 06:51:51.075731,Public,0.004883,200
0,2023-03-16 06:51:51.182009,Public,0.004931,200
0,2023-03-16 06:51:51.288274,Public,0.00493,200
0,2023-03-16 06:51:51.395069,Public,0.005344,200
0,2023-03-16 06:51:51.503045,Public,0.006203,200
0,2023-03-16 06:51:51.610964,Public,0.00622,200
0,2023-03-16 06:51:51.717399,Public,0.004908,200
0,2023-03-16 06:51:51.823973,Public,0.005175,200
0,2023-03-16 06:51:51.930426,Public,0.00503,200
0,2023-03-16 06:51:52.037283,Public,0.005517,200
0,2023-03-16 06:51:52.143968,Public,0.005385,200
0,2023-03-16 06:51:52.250152,Public,0.004871,200
0,2023-03-16 06:51:52.357356,Public,0.005771,200
0,2023-03-16 06:51:52.463808,Public,0.004985,200
0,2023-03-16 06:51:52.573365,Public,0.008171,200
0,2023-03-16 06:51:52.679923,Public,0.005195,200
0,2023-03-16 06:51:52.786256,Public,0.00498,200
0,2023-03-16 06:51:52.892735,Public,0.005073,200
0,2023-03-16 06:51:53.000106,Public,0.005946,200
0,2023-03-16 06:51:53.106513,Public,0.004986,200
0,2023-03-16 06:51:53.212894,Public,0.004958,200
0,2023-03-16 06:51:53.329158,Public,0.014912,200
0,2023-03-16 06:51:53.436011,Public,0.005511,200
0,2023-03-16 06:51:53.542485,Public,0.005129,200
0,2023-03-16 06:51:53.653223,Public,0.009328,200
0,2023-03-16 06:51:53.759353,Public,0.004798,200
0,2023-03-16 06:51:53.865899,Public,0.005224,200
0,2023-03-16 06:51:53.972386,Public,0.005177,200
0,2023-03-16 06:51:54.078639,Public,0.00497,200
0,2023-03-16 06:51:54.184923,Public,0.004982,200
0,2023-03-16 06:51:54.292424,Public,0.006102,200
0,2023-03-16 06:51:54.398599,Public,0.004867,200
0,2023-03-16 06:51:54.505273,Public,0.005346,200
0,2023-03-16 06:51:54.612194,Public,0.00563,200
0,2023-03-16 06:51:54.719287,Public,0.005765,200
0,2023-03-16 06:51:54.825368,Public,0.004801,200
0,2023-03-16 06:51:54.932598,Public,0.005774,200
0,2023-03-16 06:51:55.039851,Public,0.005582,200
0,2023-03-16 06:51:55.146839,Public,0.005338,200
0,2023-03-16 06:51:55.254140,Public,0.005668,200
0,2023-03-16 06:51:55.361576,Public,0.005794,200
0,2023-03-16 06:51:55.474263,Public,0.011013,200
0,2023-03-16 06:51:55.581045,Public,0.005242,200
0,2023-03-16 06:51:55.688129,Public,0.005629,200
0,2023-03-16 06:51:55.796908,Public,0.007091,200
0,2023-03-16 06:51:55.904675,Public,0.005924,200
0,2023-03-16 06:51:56.012883,Public,0.006468,200
0,2023-03-16 06:51:56.119670,Public,0.005213,200
0,2023-03-16 06:51:56.226407,Public,0.005234,200
0,2023-03-16 06:51:56.333363,Public,0.005631,200
0,2023-03-16 06:51:56.439630,Public,0.004955,200
0,2023-03-16 06:51:56.545650,Public,0.004726,200
0,2023-03-16 06:51:56.652034,Public,0.005008,200
0,2023-03-16 06:51:56.758128,Public,0.004765,200
0,2023-03-16 06:51:56.865110,Public,0.005514,200
0,2023-03-16 06:51:56.971544,Public,0.004997,200
0,2023-03-16 06:51:57.077960,Public,0.005069,200
0,2023-03-16 06:51:57.184971,Public,0.005637,200
0,2023-03-16 06:51:57.291323,Public,0.005044,200
0,2023-03-16 06:51:57.397999,Public,0.005148,200
0,2023-03-16 06:51:57.505092,Public,0.005775,200
0,2023-03-16 06:51:57.611296,Public,0.004921,200
0,2023-03-16 06:51:57.717681,Public,0.005007,200
0,2023-03-16 06:51:57.824032,Public,0.004996,200
0,2023-03-16 06:51:57.931147,Public,0.00581,200
0,2023-03-16 06:51:58.037198,Public,0.004738,200
0,2023-03-16 06:51:58.143577,Public,0.004975,200
0,2023-03-16 06:51:58.250302,Public,0.005443,200
0,2023-03-16 06:51:58.368277,Public,0.016484,200
0,2023-03-16 06:51:58.475167,Public,0.005427,200
0,2023-03-16 06:51:58.581080,Public,0.004578,200
0,2023-03-16 06:51:58.687244,Public,0.004819,200
0,2023-03-16 06:51:58.793425,Public,0.004845,200
0,2023-03-16 06:51:58.899552,Public,0.004822,200
0,2023-03-16 06:51:59.005949,Public,0.005053,200
0,2023-03-16 06:51:59.113019,Public,0.00568,200
0,2023-03-16 06:51:59.219335,Public,0.004986,200
0,2023-03-16 06:51:59.326099,Public,0.005396,200
0,2023-03-16 06:51:59.432383,Public,0.004981,200
0,2023-03-16 06:51:59.539822,Public,0.005941,200
0,2023-03-16 06:51:59.646144,Public,0.00483,200
0,2023-03-16 06:51:59.752960,Public,0.005382,200
0,2023-03-16 06:51:59.859716,Public,0.005412,200
0,2023-03-16 06:51:59.965807,Public,0.004783,200
0,2023-03-16 06:52:00.071957,Public,0.004855,200
0,2023-03-16 06:52:00.178076,Public,0.004821,200
0,2023-03-16 06:52:00.284833,Public,0.00549,200
0,2023-03-16 06:52:00.391283,Public,0.005125,200
0,2023-03-16 06:52:00.498102,Public,0.005516,200
0,2023-03-16 06:52:00.604975,Public,0.005494,200
0,2023-03-16 06:52:00.711071,Public,0.004743,200
0,2023-03-16 06:52:00.817316,Public,0.004943,200
0,2023-03-16 06:52:00.923361,Public,0.004801,200
0,2023-03-16 06:52:01.030106,Public,0.005394,200
0,2023-03-16 06:52:01.136342,Public,0.004932,200
0,2023-03-16 06:52:01.242485,Public,0.004862,200
0,2023-03-16 06:52:01.348517,Public,0.004741,200
0,2023-03-16 06:52:01.454708,Public,0.004864,200
0,2023-03-16 06:52:01.560770,Public,0.004692,200
0,2023-03-16 06:52:01.666710,Public,0.004625,200
0,2023-03-16 06:52:01.772953,Public,0.004894,200
0,2023-03-16 06:52:01.879369,Public,0.005074,200
0,2023-03-16 06:52:01.986276,Public,0.005574,200
0,2023-03-16 06:52:02.092509,Public,0.004946,200
0,2023-03-16 06:52:02.199321,Public,0.00549,200
0,2023-03-16 06:52:02.305507,Public,0.004896,200
0,2023-03-16 06:52:02.411679,Public,0.004874,200
0,2023-03-16 06:52:02.517714,Public,0.004763,200
0,2023-03-16 06:52:02.623656,Public,0.004648,200
0,2023-03-16 06:52:02.729925,Public,0.004984,200
0,2023-03-16 06:52:02.836055,Public,0.004747,200
0,2023-03-16 06:52:02.942236,Public,0.004924,200
0,2023-03-16 06:52:03.048451,Public,0.004919,200
0,2023-03-16 06:52:03.154915,Public,0.005193,200
0,2023-03-16 06:52:03.261050,Public,0.004832,200
0,2023-03-16 06:52:03.367184,Public,0.004875,200
0,2023-03-16 06:52:03.473202,Public,0.0047,200
0,2023-03-16 06:52:03.579476,Public,0.004885,200
0,2023-03-16 06:52:03.686248,Public,0.005258,200
0,2023-03-16 06:52:03.792545,Public,0.005005,200
0,2023-03-16 06:52:03.899019,Public,0.005143,200
0,2023-03-16 06:52:04.005382,Public,0.004838,200
0,2023-03-16 06:52:04.112143,Public,0.005438,200
0,2023-03-16 06:52:04.218355,Public,0.004826,200
0,2023-03-16 06:52:04.325544,Public,0.005836,200
0,2023-03-16 06:52:04.431870,Public,0.004929,200
0,2023-03-16 06:52:04.538099,Public,0.004924,200
0,2023-03-16 06:52:04.644113,Public,0.004736,200
0,2023-03-16 06:52:04.751515,Public,0.006046,200
0,2023-03-16 06:52:04.857621,Public,0.004755,200
0,2023-03-16 06:52:04.963870,Public,0.004935,200
0,2023-03-16 06:52:05.070146,Public,0.004958,200
0,2023-03-16 06:52:05.176452,Public,0.004955,200
0,2023-03-16 06:52:05.282458,Public,0.004761,200
0,2023-03-16 06:52:05.388672,Public,0.004955,200
0,2023-03-16 06:52:05.495176,Public,0.005187,200
0,2023-03-16 06:52:05.601285,Public,0.004738,200
0,2023-03-16 06:52:05.707373,Public,0.004818,200
0,2023-03-16 06:52:05.814454,Public,0.005686,200
0,2023-03-16 06:52:05.921494,Public,0.005711,200
0,2023-03-16 06:52:06.027817,Public,0.005002,200
0,2023-03-16 06:52:06.134945,Public,0.005852,200
0,2023-03-16 06:52:06.241796,Public,0.005557,200
0,2023-03-16 06:52:06.348017,Public,0.004871,200
0,2023-03-16 06:52:06.454559,Public,0.005214,200
0,2023-03-16 06:52:06.561424,Public,0.005431,200
0,2023-03-16 06:52:06.668558,Public,0.005765,200
0,2023-03-16 06:52:06.774854,Public,0.004965,200
0,2023-03-16 06:52:06.881209,Public,0.005018,200
0,2023-03-16 06:52:06.987403,Public,0.004824,200
0,2023-03-16 06:52:07.094030,Public,0.005274,200
0,2023-03-16 06:52:07.200799,Public,0.005362,200
0,2023-03-16 06:52:07.306818,Public,0.004772,200
0,2023-03-16 06:52:07.413314,Public,0.005217,200
0,2023-03-16 06:52:07.519734,Public,0.005162,200
0,2023-03-16 06:52:07.626805,Public,0.005661,200
0,2023-03-16 06:52:07.733470,Public,0.005091,200
0,2023-03-16 06:52:07.839928,Public,0.004912,200
0,2023-03-16 06:52:07.956444,Public,0.01517,200
0,2023-03-16 06:52:08.063086,Public,0.005346,200
0,2023-03-16 06:52:08.169302,Public,0.004906,200
0,2023-03-16 06:52:08.275192,Public,0.004601,200
0,2023-03-16 06:52:08.383104,Public,0.006443,200
0,2023-03-16 06:52:08.489350,Public,0.004924,200
0,2023-03-16 06:52:08.595673,Public,0.004929,200
0,2023-03-16 06:52:08.701826,Public,0.004823,200
0,2023-03-16 06:52:08.808023,Public,0.004875,200
0,2023-03-16 06:52:08.915226,Public,0.005901,200
0,2023-03-16 06:52:09.021838,Public,0.005208,200
0,2023-03-16 06:52:09.128161,Public,0.004974,200
0,2023-03-16 06:52:09.234808,Public,0.005315,200
0,2023-03-16 06:52:09.340916,Public,0.004771,200
0,2023-03-16 06:52:09.447410,Public,0.005181,200
0,2023-03-16 06:52:09.553773,Public,0.005028,200
0,2023-03-16 06:52:09.660164,Public,0.005095,200
0,2023-03-16 06:52:09.766807,Public,0.005332,200
0,2023-03-16 06:52:09.873442,Public,0.005275,200
0,2023-03-16 06:52:09.979416,Public,0.004702,200
0,2023-03-16 06:52:10.085294,Public,0.004603,200
0,2023-03-16 06:52:10.191262,Public,0.004684,200
0,2023-03-16 06:52:10.297328,Public,0.004772,200
0,2023-03-16 06:52:10.403492,Public,0.004904,200
0,2023-03-16 06:52:10.510745,Public,0.005955,200
0,2023-03-16 06:52:10.617017,Public,0.004909,200
0,2023-03-16 06:52:10.723165,Public,0.004831,200
0,2023-03-16 06:52:10.829122,Public,0.00464,200
0,2023-03-16 06:52:10.935352,Public,0.004936,200
0,2023-03-16 06:52:11.042220,Public,0.00547,200
0,2023-03-16 06:52:11.148487,Public,0.004913,200
0,2023-03-16 06:52:11.255131,Public,0.005362,200
0,2023-03-16 06:52:11.361522,Public,0.005056,200
0,2023-03-16 06:52:11.467927,Public,0.005026,200
0,2023-03-16 06:52:11.574302,Public,0.005108,200
0,2023-03-16 06:52:11.680751,Public,0.005186,200
0,2023-03-16 06:52:11.787233,Public,0.005165,200
0,2023-03-16 06:52:11.893257,Public,0.004713,200
0,2023-03-16 06:52:11.999644,Public,0.005045,200
0,2023-03-16 06:52:12.106014,Public,0.00497,200
0,2023-03-16 06:52:12.212375,Public,0.005041,200
0,2023-03-16 06:52:12.318988,Public,0.00522,200
0,2023-03-16 06:52:12.425297,Public,0.004992,200
0,2023-03-16 06:52:12.534347,Public,0.007731,200
0,2023-03-16 06:52:12.640433,Public,0.004691,200
0,2023-03-16 06:52:12.746671,Public,0.004934,200
0,2023-03-16 06:52:12.853042,Public,0.004992,200
0,2023-03-16 06:52:12.959287,Public,0.004915,200
0,2023-03-16 06:52:13.065424,Public,0.004851,200
0,2023-03-16 06:52:13.173092,Public,0.006266,200
0,2023-03-16 06:52:13.279358,Public,0.004829,200
0,2023-03-16 06:52:13.385536,Public,0.004848,200
0,2023-03-16 06:52:13.491767,Public,0.004917,200
0,2023-03-16 06:52:13.597997,Public,0.004896,200
0,2023-03-16 06:52:13.704254,Public,0.00498,200
0,2023-03-16 06:52:13.810574,Public,0.005005,200
0,2023-03-16 06:52:13.917264,Public,0.005291,200
0,2023-03-16 06:52:14.024023,Public,0.005454,200
0,2023-03-16 06:52:14.130227,Public,0.004876,200
0,2023-03-16 06:52:14.236931,Public,0.005357,200
0,2023-03-16 06:52:14.344397,Public,0.006035,200
0,2023-03-16 06:52:14.451097,Public,0.005321,200
0,2023-03-16 06:52:14.557388,Public,0.004882,200
0,2023-03-16 06:52:14.663513,Public,0.004812,200
0,2023-03-16 06:52:14.770950,Public,0.005824,200
0,2023-03-16 06:52:14.877269,Public,0.004871,200
0,2023-03-16 06:52:14.983495,Public,0.004947,200
0,2023-03-16 06:52:15.089719,Public,0.0049,200
0,2023-03-16 06:52:15.196460,Public,0.005395,200
0,2023-03-16 06:52:15.302756,Public,0.004943,200
0,2023-03-16 06:52:15.409216,Public,0.005086,200
0,2023-03-16 06:52:15.515524,Public,0.004954,200
0,2023-03-16 06:52:15.621738,Public,0.004859,200
0,2023-03-16 06:52:15.729259,Public,0.00616,200
0,2023-03-16 06:52:15.835402,Public,0.004859,200
0,2023-03-16 06:52:15.941798,Public,0.005032,200
0,2023-03-16 06:52:16.048571,Public,0.005372,200
0,2023-03-16 06:52:16.155175,Public,0.005263,200
0,2023-03-16 06:52:16.261447,Public,0.004951,200
0,2023-03-16 06:52:16.369387,Public,0.006525,200
0,2023-03-16 06:52:16.476889,Public,0.006084,200
0,2023-03-16 06:52:16.585051,Public,0.00661,200
0,2023-03-16 06:52:16.691288,Public,0.004905,200
0,2023-03-16 06:52:16.797390,Public,0.004807,200
0,2023-03-16 06:52:16.903454,Public,0.004741,200
0,2023-03-16 06:52:17.010383,Public,0.005575,200
0,2023-03-16 06:52:17.116837,Public,0.005111,200
0,2023-03-16 06:52:17.226311,Public,0.007857,200
0,2023-03-16 06:52:17.332221,Public,0.004642,200
0,2023-03-16 06:52:17.438368,Public,0.004852,200
0,2023-03-16 06:52:17.545341,Public,0.005651,200
0,2023-03-16 06:52:17.653101,Public,0.006418,200
0,2023-03-16 06:52:17.760166,Public,0.005706,200
0,2023-03-16 06:52:17.866437,Public,0.00494,200
0,2023-03-16 06:52:17.973079,Public,0.005252,200
0,2023-03-16 06:52:18.079384,Public,0.004996,200
0,2023-03-16 06:52:18.185779,Public,0.005107,200
0,2023-03-16 06:52:18.292502,Public,0.00537,200
0,2023-03-16 06:52:18.399414,Public,0.005577,200
0,2023-03-16 06:52:18.505624,Public,0.004906,200
0,2023-03-16 06:52:18.612004,Public,0.005068,200
0,2023-03-16 06:52:18.718288,Public,0.004966,200
0,2023-03-16 06:52:18.824696,Public,0.005086,200
0,2023-03-16 06:52:18.931014,Public,0.004979,200
0,2023-03-16 06:52:19.037260,Public,0.0049,200
0,2023-03-16 06:52:19.143530,Public,0.004966,200
0,2023-03-16 06:52:19.258173,Cart (POST),0.013324,201
0,2023-03-16 06:52:19.266767,Cart (POST),0.007545,201
0,2023-03-16 06:52:19.275078,Cart (POST),0.007252,201
0,2023-03-16 06:52:19.283157,Cart (POST),0.007084,201
0,2023-03-16 06:52:19.291475,Cart (POST),0.00733,201
0,2023-03-16 06:52:19.338058,Cart (GET),0.003757,200
0,2023-03-16 06:52:19.355043,Cart (POST),0.015877,201
0,2023-03-16 06:52:19.366623,Cart (POST),0.010462,201
0,2023-03-16 06:52:19.377430,Cart (POST),0.009687,201
0,2023-03-16 06:52:19.387603,Cart (POST),0.009086,201
0,2023-03-16 06:52:19.398056,Cart (POST),0.009349,201
0,2023-03-16 06:52:19.450037,Cart (GET),0.003777,200
0,2023-03-16 06:52:19.462868,Cart (POST),0.011757,201
0,2023-03-16 06:52:19.472546,Cart (POST),0.008571,201
0,2023-03-16 06:52:19.481495,Cart (POST),0.007888,201
0,2023-03-16 06:52:19.489833,Cart (POST),0.007328,201
0,2023-03-16 06:52:19.499007,Cart (POST),0.00818,201
0,2023-03-16 06:52:19.546058,Cart (GET),0.003463,200
0,2023-03-16 06:52:19.559380,Cart (POST),0.012229,201
0,2023-03-16 06:52:19.568552,Cart (POST),0.008116,201
0,2023-03-16 06:52:19.578619,Cart (POST),0.009031,201
0,2023-03-16 06:52:19.587740,Cart (POST),0.008094,201
0,2023-03-16 06:52:19.596464,Cart (POST),0.007661,201
0,2023-03-16 06:52:19.642109,Cart (GET),0.004281,200
0,2023-03-16 07:02:09.717479,Public,0.005275,200
0,2023-03-16 07:02:09.823703,Public,0.004876,200
0,2023-03-16 07:02:09.929824,Public,0.004825,200
0,2023-03-16 07:02:10.035882,Public,0.004747,200
0,2023-03-16 07:02:10.141807,Public,0.004651,200
0,2023-03-16 07:02:10.247790,Public,0.004662,200
0,2023-03-16 07:02:10.353781,Public,0.004658,200
0,2023-03-16 07:02:10.460149,Public,0.00508,200
0,2023-03-16 07:02:10.566365,Public,0.004858,200
0,2023-03-16 07:02:10.672530,Public,0.004869,200
0,2023-03-16 07:02:10.778941,Public,0.005096,200
0,2023-03-16 07:02:10.885098,Public,0.004887,200
0,2023-03-16 07:02:10.993699,Public,0.007175,200
0,2023-03-16 07:02:11.099977,Public,0.004971,200
0,2023-03-16 07:02:11.206924,Public,0.00555,200
0,2023-03-16 07:02:11.313006,Public,0.004652,200
0,2023-03-16 07:02:11.419300,Public,0.004998,200
0,2023-03-16 07:02:11.526147,Public,0.005468,200
0,2023-03-16 07:02:11.632679,Public,0.005204,200
0,2023-03-16 07:02:11.739818,Public,0.005825,200
0,2023-03-16 07:02:11.846107,Public,0.004919,200
0,2023-03-16 07:02:11.953338,Public,0.005853,200
0,2023-03-16 07:02:12.060645,Public,0.005939,200
0,2023-03-16 07:02:12.167277,Public,0.005305,200
0,2023-03-16 07:02:12.273699,Public,0.005073,200
0,2023-03-16 07:02:12.387905,Public,0.012839,200
0,2023-03-16 07:02:12.494154,Public,0.004936,200
0,2023-03-16 07:02:12.600390,Public,0.004898,200
0,2023-03-16 07:02:12.707076,Public,0.005373,200
0,2023-03-16 07:02:12.813417,Public,0.005012,200
0,2023-03-16 07:02:12.919746,Public,0.005018,200
0,2023-03-16 07:02:13.025917,Public,0.004888,200
0,2023-03-16 07:02:13.131802,Public,0.004568,200
0,2023-03-16 07:02:13.238110,Public,0.004943,200
0,2023-03-16 07:02:13.344501,Public,0.004957,200
0,2023-03-16 07:02:13.450668,Public,0.004811,200
0,2023-03-16 07:02:13.556690,Public,0.004649,200
0,2023-03-16 07:02:13.662776,Public,0.004772,200
0,2023-03-16 07:02:13.773895,Public,0.009735,200
0,2023-03-16 07:02:13.880347,Public,0.004998,200
0,2023-03-16 07:02:13.986778,Public,0.005054,200
0,2023-03-16 07:02:14.093000,Public,0.004905,200
0,2023-03-16 07:02:14.199229,Public,0.004922,200
0,2023-03-16 07:02:14.306171,Public,0.005399,200
0,2023-03-16 07:02:14.413598,Public,0.00583,200
0,2023-03-16 07:02:14.520341,Public,0.005371,200
0,2023-03-16 07:02:14.627027,Public,0.005331,200
0,2023-03-16 07:02:14.734170,Public,0.005715,200
0,2023-03-16 07:02:14.840580,Public,0.005058,200
0,2023-03-16 07:02:14.947085,Public,0.005095,200
0,2023-03-16 07:02:15.053938,Public,0.005214,200
0,2023-03-16 07:02:15.167970,Public,0.004946,200
0,2023-03-16 07:02:15.274104,Public,0.004771,200
0,2023-03-16 07:02:15.380922,Public,0.005459,200
0,2023-03-16 07:02:15.487522,Public,0.005273,200
0,2023-03-16 07:02:15.593793,Public,0.00489,200
0,2023-03-16 07:02:15.700666,Public,0.005504,200
0,2023-03-16 07:02:15.807528,Public,0.005415,200
0,2023-03-16 07:02:15.913989,Public,0.004963,200
0,2023-03-16 07:02:16.020623,Public,0.005315,200
0,2023-03-16 07:02:16.126843,Public,0.004899,200
0,2023-03-16 07:02:16.233565,Public,0.005359,200
0,2023-03-16 07:02:16.339767,Public,0.004887,200
0,2023-03-16 07:02:16.445956,Public,0.004873,200
0,2023-03-16 07:02:16.552592,Public,0.005339,200
0,2023-03-16 07:02:16.659266,Public,0.00534,200
0,2023-03-16 07:02:16.766644,Public,0.006015,200
0,2023-03-16 07:02:16.873274,Public,0.005255,200
0,2023-03-16 07:02:16.979615,Public,0.004962,200
0,2023-03-16 07:02:17.086003,Public,0.004882,200
0,2023-03-16 07:02:17.192436,Public,0.00502,200
0,2023-03-16 07:02:17.298406,Public,0.004673,200
0,2023-03-16 07:02:17.404715,Public,0.004905,200
0,2023-03-16 07:02:17.510923,Public,0.004858,200
0,2023-03-16 07:02:17.617334,Public,0.005031,200
0,2023-03-16 07:02:17.724517,Public,0.005672,200
0,2023-03-16 07:02:17.830631,Public,0.004755,200
0,2023-03-16 07:02:17.937081,Public,0.005075,200
0,2023-03-16 07:02:18.043711,Public,0.005216,200
0,2023-03-16 07:02:18.150715,Public,0.005439,200
0,2023-03-16 07:02:18.256939,Public,0.004905,200
0,2023-03-16 07:02:18.363980,Public,0.005689,200
0,2023-03-16 07:02:18.470652,Public,0.00531,200
0,2023-03-16 07:02:18.577044,Public,0.005045,200
0,2023-03-16 07:02:18.683500,Public,0.005086,200
0,2023-03-16 07:02:18.790100,Public,0.005219,200
0,2023-03-16 07:02:18.896772,Public,0.005273,200
0,2023-03-16 07:02:19.003870,Public,0.005656,200
0,2023-03-16 07:02:19.110988,Public,0.005711,200
0,2023-03-16 07:02:19.219191,Public,0.006694,200
0,2023-03-16 07:02:19.325566,Public,0.004905,200
0,2023-03-16 07:02:19.431835,Public,0.004914,200
0,2023-03-16 07:02:19.538657,Public,0.005513,200
0,2023-03-16 07:02:19.644902,Public,0.004924,200
0,2023-03-16 07:02:19.752028,Public,0.005793,200
0,2023-03-16 07:02:19.858658,Public,0.005266,200
0,2023-03-16 07:02:19.964713,Public,0.004729,200
0,2023-03-16 07:02:20.071076,Public,0.005018,200
0,2023-03-16 07:02:20.177304,Public,0.004892,200
0,2023-03-16 07:02:20.283744,Public,0.005034,200
0,2023-03-16 07:02:20.390866,Public,0.005754,200
0,2023-03-16 07:02:20.497216,Public,0.005051,200
0,2023-03-16 07:02:20.608930,Public,0.010348,200
0,2023-03-16 07:02:20.715175,Public,0.004759,200
0,2023-03-16 07:02:20.821498,Public,0.004955,200
0,2023-03-16 07:02:20.927637,Public,0.00477,200
0,2023-03-16 07:02:21.033809,Public,0.004874,200
0,2023-03-16 07:02:21.139854,Public,0.004738,200
0,2023-03-16 07:02:21.246473,Public,0.00529,200
0,2023-03-16 07:02:21.352682,Public,0.004893,200
0,2023-03-16 07:02:21.459099,Public,0.005085,200
0,2023-03-16 07:02:21.566311,Public,0.005878,200
0,2023-03-16 07:02:21.672664,Public,0.005021,200
0,2023-03-16 07:02:21.778798,Public,0.004848,200
0,2023-03-16 07:02:21.885964,Public,0.005809,200
0,2023-03-16 07:02:21.992457,Public,0.005127,200
0,2023-03-16 07:02:22.098705,Public,0.004881,200
0,2023-03-16 07:02:22.204897,Public,0.004844,200
0,2023-03-16 07:02:22.311788,Public,0.005598,200
0,2023-03-16 07:02:22.417994,Public,0.004878,200
0,2023-03-16 07:02:22.524233,Public,0.004863,200
0,2023-03-16 07:02:22.630436,Public,0.004821,200
0,2023-03-16 07:02:22.740820,Public,0.009007,200
0,2023-03-16 07:02:22.847540,Public,0.005348,200
0,2023-03-16 07:02:22.953849,Public,0.004946,200
0,2023-03-16 07:02:23.060220,Public,0.005015,200
0,2023-03-16 07:02:23.166536,Public,0.004979,200
0,2023-03-16 07:02:23.272724,Public,0.004776,200
0,2023-03-16 07:02:23.379670,Public,0.005605,200
0,2023-03-16 07:02:23.485933,Public,0.004926,200
0,2023-03-16 07:02:23.592865,Public,0.005594,200
0,2023-03-16 07:02:23.699345,Public,0.005163,200
0,2023-03-16 07:02:23.805759,Public,0.005052,200
0,2023-03-16 07:02:23.911898,Public,0.004822,200
0,2023-03-16 07:02:24.018733,Public,0.005456,200
0,2023-03-16 07:02:24.124895,Public,0.004835,200
0,2023-03-16 07:02:24.231817,Public,0.005602,200
0,2023-03-16 07:02:24.338353,Public,0.005184,200
0,2023-03-16 07:02:24.445497,Public,0.005728,200
0,2023-03-16 07:02:24.551755,Public,0.004971,200
0,2023-03-16 07:02:24.658016,Public,0.004998,200
0,2023-03-16 07:02:24.764483,Public,0.005033,200
0,2023-03-16 07:02:24.870894,Public,0.005109,200
0,2023-03-16 07:02:24.977443,Public,0.005113,200
0,2023-03-16 07:02:25.083991,Public,0.00519,200
0,2023-03-16 07:02:25.190773,Public,0.005407,200
0,2023-03-16 07:02:25.302908,Public,0.010734,200
0,2023-03-16 07:02:25.416016,Public,0.011691,200
0,2023-03-16 07:02:25.522393,Public,0.005028,200
0,2023-03-16 07:02:25.628895,Public,0.005169,200
0,2023-03-16 07:02:25.739275,Public,0.009007,200
0,2023-03-16 07:02:25.845967,Public,0.005289,200
0,2023-03-16 07:02:25.952441,Public,0.005108,200
0,2023-03-16 07:02:26.059702,Public,0.005912,200
0,2023-03-16 07:02:26.166458,Public,0.005428,200
0,2023-03-16 07:02:26.272887,Public,0.005112,200
0,2023-03-16 07:02:26.379790,Public,0.005616,200
0,2023-03-16 07:02:26.485903,Public,0.004827,200
0,2023-03-16 07:02:26.592321,Public,0.005047,200
0,2023-03-16 07:02:26.698758,Public,0.00508,200
0,2023-03-16 07:02:26.805630,Public,0.005457,200
0,2023-03-16 07:02:26.912496,Public,0.00545,200
0,2023-03-16 07:02:27.026615,Public,0.012635,200
0,2023-03-16 07:02:27.132989,Public,0.004977,200
0,2023-03-16 07:02:27.239693,Public,0.005317,200
0,2023-03-16 07:02:27.346427,Public,0.005296,200
0,2023-03-16 07:02:27.452837,Public,0.005058,200
0,2023-03-16 07:02:27.559012,Public,0.00483,200
0,2023-03-16 07:02:27.666162,Public,0.005814,200
0,2023-03-16 07:02:27.773632,Public,0.005938,200
0,2023-03-16 07:02:27.880781,Public,0.005631,200
0,2023-03-16 07:02:27.987419,Public,0.005298,200
0,2023-03-16 07:02:28.094364,Public,0.005559,200
0,2023-03-16 07:02:28.200748,Public,0.004972,200
0,2023-03-16 07:02:28.307305,Public,0.00525,200
0,2023-03-16 07:02:28.413586,Public,0.004881,200
0,2023-03-16 07:02:28.519928,Public,0.004891,200
0,2023-03-16 07:02:28.626751,Public,0.005356,200
0,2023-03-16 07:02:28.732923,Public,0.004812,200
0,2023-03-16 07:02:28.839013,Public,0.00474,200
0,2023-03-16 07:02:28.945601,Public,0.005181,200
0,2023-03-16 07:02:29.052086,Public,0.005145,200
0,2023-03-16 07:02:29.158946,Public,0.005443,200
0,2023-03-16 07:02:29.265721,Public,0.005387,200
0,2023-03-16 07:02:29.377801,Public,0.010746,200
0,2023-03-16 07:02:29.484061,Public,0.00493,200
0,2023-03-16 07:02:29.591070,Public,0.005515,200
0,2023-03-16 07:02:29.697436,Public,0.004954,200
0,2023-03-16 07:02:29.803764,Public,0.005005,200
0,2023-03-16 07:02:29.910865,Public,0.005727,200
0,2023-03-16 07:02:30.017579,Public,0.005407,200
0,2023-03-16 07:02:30.124675,Public,0.00572,200
0,2023-03-16 07:02:30.230687,Public,0.004668,200
0,2023-03-16 07:02:30.337279,Public,0.00528,200
0,2023-03-16 07:02:30.449839,Public,0.011195,200
0,2023-03-16 07:02:30.555988,Public,0.004794,200
0,2023-03-16 07:02:30.662917,Public,0.005504,200
0,2023-03-16 07:02:30.769440,Public,0.005086,200
0,2023-03-16 07:02:30.875627,Public,0.004839,200
0,2023-03-16 07:02:30.981648,Public,0.004691,200
0,2023-03-16 07:02:31.097747,Public,0.014768,200
0,2023-03-16 07:02:31.203786,Public,0.004756,200
0,2023-03-16 07:02:31.309647,Public,0.004594,200
0,2023-03-16 07:02:31.416556,Public,0.005644,200
0,2023-03-16 07:02:31.522484,Public,0.004643,200
0,2023-03-16 07:02:31.629405,Public,0.005593,200
0,2023-03-16 07:02:31.736337,Public,0.005559,200
0,2023-03-16 07:02:31.843258,Public,0.005538,200
0,2023-03-16 07:02:31.949820,Public,0.005167,200
0,2023-03-16 07:02:32.056055,Public,0.004942,200
0,2023-03-16 07:02:32.162525,Public,0.005147,200
0,2023-03-16 07:02:32.268586,Public,0.00477,200
0,2023-03-16 07:02:32.374612,Public,0.004732,200
0,2023-03-16 07:02:32.480883,Public,0.004968,200
0,2023-03-16 07:02:32.586787,Public,0.004617,200
0,2023-03-16 07:02:32.692805,Public,0.004712,200
0,2023-03-16 07:02:32.798876,Public,0.004776,200
0,2023-03-16 07:02:32.904725,Public,0.004581,200
0,2023-03-16 07:02:33.011610,Public,0.005563,200
0,2023-03-16 07:02:33.117776,Public,0.004867,200
0,2023-03-16 07:02:33.224057,Public,0.004984,200
0,2023-03-16 07:02:33.330251,Public,0.004886,200
0,2023-03-16 07:02:33.436556,Public,0.004997,200
0,2023-03-16 07:02:33.542678,Public,0.004835,200
0,2023-03-16 07:02:33.648781,Public,0.004725,200
0,2023-03-16 07:02:33.754807,Public,0.004719,200
0,2023-03-16 07:02:33.860926,Public,0.004789,200
0,2023-03-16 07:02:33.967105,Public,0.004887,200
0,2023-03-16 07:02:34.074014,Public,0.00551,200
0,2023-03-16 07:02:34.180546,Public,0.005168,200
0,2023-03-16 07:02:34.286746,Public,0.004859,200
0,2023-03-16 07:02:34.393023,Public,0.004905,200
0,2023-03-16 07:02:34.499609,Public,0.00526,200
0,2023-03-16 07:02:34.605794,Public,0.004871,200
0,2023-03-16 07:02:34.711941,Public,0.004871,200
0,2023-03-16 07:02:34.818587,Public,0.005335,200
0,2023-03-16 07:02:34.924721,Public,0.004834,200
0,2023-03-16 07:02:35.030798,Public,0.004777,200
0,2023-03-16 07:02:35.136933,Public,0.004813,200
0,2023-03-16 07:02:35.243813,Public,0.00559,200
0,2023-03-16 07:02:35.349728,Public,0.004578,200
0,2023-03-16 07:02:35.456131,Public,0.00507,200
0,2023-03-16 07:02:35.563504,Public,0.005999,200
0,2023-03-16 07:02:35.669912,Public,0.004993,200
0,2023-03-16 07:02:35.776023,Public,0.004838,200
0,2023-03-16 07:02:35.882291,Public,0.004924,200
0,2023-03-16 07:02:35.988586,Public,0.004919,200
0,2023-03-16 07:02:36.094706,Public,0.004797,200
0,2023-03-16 07:02:36.200868,Public,0.004825,200
0,2023-03-16 07:02:36.306896,Public,0.004709,200
0,2023-03-16 07:02:36.413150,Public,0.004986,200
0,2023-03-16 07:02:36.519476,Public,0.004997,200
0,2023-03-16 07:02:36.625561,Public,0.004745,200
0,2023-03-16 07:02:36.731957,Public,0.005031,200
0,2023-03-16 07:02:36.838171,Public,0.004901,200
0,2023-03-16 07:02:36.944526,Public,0.004971,200
0,2023-03-16 07:02:37.050800,Public,0.004848,200
0,2023-03-16 07:02:37.157299,Public,0.005154,200
0,2023-03-16 07:02:37.263920,Public,0.005193,200
0,2023-03-16 07:02:37.370184,Public,0.004936,200
0,2023-03-16 07:02:37.476926,Public,0.005492,200
0,2023-03-16 07:02:37.583303,Public,0.005033,200
0,2023-03-16 07:02:37.690269,Public,0.005582,200
0,2023-03-16 07:02:37.796724,Public,0.00509,200
0,2023-03-16 07:02:37.903686,Public,0.005658,200
0,2023-03-16 07:02:38.009880,Public,0.004847,200
0,2023-03-16 07:02:38.116022,Public,0.004847,200
0,2023-03-16 07:02:38.222603,Public,0.005245,200
0,2023-03-16 07:02:38.328596,Public,0.004719,200
0,2023-03-16 07:02:38.434707,Public,0.004846,200
0,2023-03-16 07:02:38.541119,Public,0.005045,200
0,2023-03-16 07:02:38.647427,Public,0.004957,200
0,2023-03-16 07:02:38.753809,Public,0.005048,200
0,2023-03-16 07:02:38.859884,Public,0.004732,200
0,2023-03-16 07:02:38.966102,Public,0.004918,200
0,2023-03-16 07:02:39.072505,Public,0.005081,200
0,2023-03-16 07:02:39.178721,Public,0.004838,200
0,2023-03-16 07:02:39.284741,Public,0.004679,200
0,2023-03-16 07:02:39.391399,Public,0.005359,200
0,2023-03-16 07:02:39.497927,Public,0.005167,200
0,2023-03-16 07:02:39.604296,Public,0.005055,200
0,2023-03-16 07:02:39.710766,Public,0.00509,200
0,2023-03-16 07:02:39.817089,Public,0.004876,200
0,2023-03-16 07:02:39.923072,Public,0.004665,200
0,2023-03-16 07:02:40.028900,Public,0.004482,200
0,2023-03-16 07:02:40.135051,Public,0.004854,200
0,2023-03-16 07:02:40.241766,Public,0.005365,200
0,2023-03-16 07:02:40.348502,Public,0.005432,200
0,2023-03-16 07:02:40.454886,Public,0.00495,200
0,2023-03-16 07:02:40.561157,Public,0.004993,200
0,2023-03-16 07:02:40.667323,Public,0.004843,200
0,2023-03-16 07:02:40.773762,Public,0.005088,200
0,2023-03-16 07:02:40.881329,Public,0.006072,200
0,2023-03-16 07:02:40.987839,Public,0.005133,200
0,2023-03-16 07:02:41.094164,Public,0.004992,200
0,2023-03-16 07:02:41.200475,Public,0.004952,200
0,2023-03-16 07:02:41.306577,Public,0.004729,200
0,2023-03-16 07:02:41.412905,Public,0.004966,200
0,2023-03-16 07:02:41.518811,Public,0.004596,200
0,2023-03-16 07:02:41.625221,Public,0.005047,200
0,2023-03-16 07:02:41.739122,Cart (POST),0.012553,201
0,2023-03-16 07:02:41.747762,Cart (POST),0.007557,201
0,2023-03-16 07:02:41.756304,Cart (POST),0.007498,201
0,2023-03-16 07:02:41.766034,Cart (POST),0.008691,201
0,2023-03-16 07:02:41.774995,Cart (POST),0.007935,201
0,2023-03-16 07:02:41.821592,Cart (GET),0.003452,200
0,2023-03-16 07:02:41.835348,Cart (POST),0.012555,201
0,2023-03-16 07:02:41.850675,Cart (POST),0.014178,201
0,2023-03-16 07:02:41.864005,Cart (POST),0.012164,201
0,2023-03-16 07:02:41.872720,Cart (POST),0.007625,201
0,2023-03-16 07:02:41.881094,Cart (POST),0.007322,201
0,2023-03-16 07:02:41.929698,Cart (GET),0.004574,200
0,2023-03-16 07:02:41.943941,Cart (POST),0.012851,201
0,2023-03-16 07:02:41.954555,Cart (POST),0.009103,201
0,2023-03-16 07:02:41.964409,Cart (POST),0.008782,201
0,2023-03-16 07:02:41.973378,Cart (POST),0.007921,201
0,2023-03-16 07:02:41.984050,Cart (POST),0.009617,201
0,2023-03-16 07:02:42.029570,Cart (GET),0.003788,200
0,2023-03-16 07:02:42.041090,Cart (POST),0.010456,201
0,2023-03-16 07:02:42.049272,Cart (POST),0.007139,201
0,2023-03-16 07:02:42.057801,Cart (POST),0.007561,201
0,2023-03-16 07:02:42.067649,Cart (POST),0.008774,201
0,2023-03-16 07:02:42.075886,Cart (POST),0.007221,201
0,2023-03-16 07:02:42.121667,Cart (GET),0.0036,200
0,2023-03-16 07:12:32.228258,Public,0.005306,200
0,2023-03-16 07:12:32.334428,Public,0.004858,200
0,2023-03-16 07:12:32.441112,Public,0.005359,200
0,2023-03-16 07:12:32.547058,Public,0.004637,200
0,2023-03-16 07:12:32.653707,Public,0.005346,200
0,2023-03-16 07:12:32.759875,Public,0.004855,200
0,2023-03-16 07:12:32.865799,Public,0.004577,200
0,2023-03-16 07:12:32.971962,Public,0.004848,200
0,2023-03-16 07:12:33.077973,Public,0.004687,200
0,2023-03-16 07:12:33.184147,Public,0.004849,200
0,2023-03-16 07:12:33.290320,Public,0.004896,200
0,2023-03-16 07:12:33.396961,Public,0.005285,200
0,2023-03-16 07:12:33.502904,Public,0.004644,200
0,2023-03-16 07:12:33.609061,Public,0.004834,200
0,2023-03-16 07:12:33.715244,Public,0.004901,200
0,2023-03-16 07:12:33.821470,Public,0.004906,200
0,2023-03-16 07:12:33.927563,Public,0.004735,200
0,2023-03-16 07:12:34.033808,Public,0.004864,200
0,2023-03-16 07:12:34.139995,Public,0.004876,200
0,2023-03-16 07:12:34.246640,Public,0.005301,200
0,2023-03-16 07:12:34.352830,Public,0.004848,200
0,2023-03-16 07:12:34.458864,Public,0.004709,200
0,2023-03-16 07:12:34.565082,Public,0.004871,200
0,2023-03-16 07:12:34.671217,Public,0.004834,200
0,2023-03-16 07:12:34.777718,Public,0.005063,200
0,2023-03-16 07:12:34.884203,Public,0.005114,200
0,2023-03-16 07:12:34.990272,Public,0.004758,200
0,2023-03-16 07:12:35.096700,Public,0.005151,200
0,2023-03-16 07:12:35.203044,Public,0.004933,200
0,2023-03-16 07:12:35.309310,Public,0.004944,200
0,2023-03-16 07:12:35.415553,Public,0.004877,200
0,2023-03-16 07:12:35.522200,Public,0.005321,200
0,2023-03-16 07:12:35.628577,Public,0.005047,200
0,2023-03-16 07:12:35.734636,Public,0.004728,200
0,2023-03-16 07:12:35.840916,Public,0.004899,200
0,2023-03-16 07:12:35.946915,Public,0.004676,200
0,2023-03-16 07:12:36.053244,Public,0.005026,200
0,2023-03-16 07:12:36.159725,Public,0.005128,200
0,2023-03-16 07:12:36.266292,Public,0.005248,200
0,2023-03-16 07:12:36.372483,Public,0.004894,200
0,2023-03-16 07:12:36.478863,Public,0.005035,200
0,2023-03-16 07:12:36.585664,Public,0.005334,200
0,2023-03-16 07:12:36.691908,Public,0.004913,200
0,2023-03-16 07:12:36.797988,Public,0.004753,200
0,2023-03-16 07:12:36.904775,Public,0.005487,200
0,2023-03-16 07:12:37.011769,Public,0.005587,200
0,2023-03-16 07:12:37.118195,Public,0.005108,200
0,2023-03-16 07:12:37.224212,Public,0.004672,200
0,2023-03-16 07:12:37.330709,Public,0.005185,200
0,2023-03-16 07:12:37.436992,Public,0.004925,200
0,2023-03-16 07:12:37.543224,Public,0.004909,200
0,2023-03-16 07:12:37.649706,Public,0.00509,200
0,2023-03-16 07:12:37.756632,Public,0.005426,200
0,2023-03-16 07:12:37.862850,Public,0.004688,200
0,2023-03-16 07:12:37.969484,Public,0.005342,200
0,2023-03-16 07:12:38.076396,Public,0.005547,200
0,2023-03-16 07:12:38.182898,Public,0.00505,200
0,2023-03-16 07:12:38.289917,Public,0.005596,200
0,2023-03-16 07:12:38.396327,Public,0.005113,200
0,2023-03-16 07:12:38.502567,Public,0.004833,200
0,2023-03-16 07:12:38.609599,Public,0.005671,200
0,2023-03-16 07:12:38.716983,Public,0.006004,200
0,2023-03-16 07:12:38.823173,Public,0.004876,200
0,2023-03-16 07:12:38.929610,Public,0.005082,200
0,2023-03-16 07:12:39.035803,Public,0.00478,200
0,2023-03-16 07:12:39.141980,Public,0.004847,200
0,2023-03-16 07:12:39.248024,Public,0.00473,200
0,2023-03-16 07:12:39.354141,Public,0.004789,200
0,2023-03-16 07:12:39.460668,Public,0.005223,200
0,2023-03-16 07:12:39.566807,Public,0.004804,200
0,2023-03-16 07:12:39.674031,Public,0.005866,200
0,2023-03-16 07:12:39.781009,Public,0.005614,200
0,2023-03-16 07:12:39.887704,Public,0.005385,200
0,2023-03-16 07:12:39.994593,Public,0.005541,200
0,2023-03-16 07:12:40.100938,Public,0.00498,200
0,2023-03-16 07:12:40.207814,Public,0.005493,200
0,2023-03-16 07:12:40.314074,Public,0.004891,200
0,2023-03-16 07:12:40.420090,Public,0.00472,200
0,2023-03-16 07:12:40.526082,Public,0.004704,200
0,2023-03-16 07:12:40.632150,Public,0.004718,200
0,2023-03-16 07:12:40.738348,Public,0.004871,200
0,2023-03-16 07:12:40.844325,Public,0.004656,200
0,2023-03-16 07:12:40.950949,Public,0.005279,200
0,2023-03-16 07:12:41.057946,Public,0.005703,200
0,2023-03-16 07:12:41.164184,Public,0.004894,200
0,2023-03-16 07:12:41.270553,Public,0.005056,200
0,2023-03-16 07:12:41.376551,Public,0.00467,200
0,2023-03-16 07:12:41.482753,Public,0.004904,200
0,2023-03-16 07:12:41.588953,Public,0.004835,200
0,2023-03-16 07:12:41.696084,Public,0.005737,200
0,2023-03-16 07:12:41.802117,Public,0.004756,200
0,2023-03-16 07:12:41.908230,Public,0.004822,200
0,2023-03-16 07:12:42.014372,Public,0.00481,200
0,2023-03-16 07:12:42.120618,Public,0.004947,200
0,2023-03-16 07:12:42.226820,Public,0.004861,200
0,2023-03-16 07:12:42.333349,Public,0.005204,200
0,2023-03-16 07:12:42.439647,Public,0.004933,200
0,2023-03-16 07:12:42.546467,Public,0.005306,200
0,2023-03-16 07:12:42.652968,Public,0.005037,200
0,2023-03-16 07:12:42.759655,Public,0.005342,200
0,2023-03-16 07:12:42.865873,Public,0.004859,200
0,2023-03-16 07:12:42.972320,Public,0.005136,200
0,2023-03-16 07:12:43.078463,Public,0.004822,200
0,2023-03-16 07:12:43.185078,Public,0.005292,200
0,2023-03-16 07:12:43.291260,Public,0.00489,200
0,2023-03-16 07:12:43.397915,Public,0.005367,200
0,2023-03-16 07:12:43.504175,Public,0.004969,200
0,2023-03-16 07:12:43.610205,Public,0.004687,200
0,2023-03-16 07:12:43.720005,Public,0.008512,200
0,2023-03-16 07:12:43.826158,Public,0.004795,200
0,2023-03-16 07:12:43.933306,Public,0.005822,200
0,2023-03-16 07:12:44.039934,Public,0.005199,200
0,2023-03-16 07:12:44.146215,Public,0.004923,200
0,2023-03-16 07:12:44.252545,Public,0.004969,200
0,2023-03-16 07:12:44.359390,Public,0.005402,200
0,2023-03-16 07:12:44.465622,Public,0.004856,200
0,2023-03-16 07:12:44.572017,Public,0.005063,200
0,2023-03-16 07:12:44.678208,Public,0.004846,200
0,2023-03-16 07:12:44.784339,Public,0.004731,200
0,2023-03-16 07:12:44.890862,Public,0.005174,200
0,2023-03-16 07:12:44.997058,Public,0.004841,200
0,2023-03-16 07:12:45.103627,Public,0.00522,200
0,2023-03-16 07:12:45.210055,Public,0.005034,200
0,2023-03-16 07:12:45.316281,Public,0.00493,200
0,2023-03-16 07:12:45.422615,Public,0.004963,200
0,2023-03-16 07:12:45.528977,Public,0.004958,200
0,2023-03-16 07:12:45.635320,Public,0.004983,200
0,2023-03-16 07:12:45.741788,Public,0.005079,200
0,2023-03-16 07:12:45.847964,Public,0.004829,200
0,2023-03-16 07:12:45.954129,Public,0.004834,200
0,2023-03-16 07:12:46.060249,Public,0.004763,200
0,2023-03-16 07:12:46.166857,Public,0.005249,200
0,2023-03-16 07:12:46.272978,Public,0.004786,200
0,2023-03-16 07:12:46.379010,Public,0.004706,200
0,2023-03-16 07:12:46.485325,Public,0.005034,200
0,2023-03-16 07:12:46.591799,Public,0.005073,200
0,2023-03-16 07:12:46.698002,Public,0.004718,200
0,2023-03-16 07:12:46.804889,Public,0.005515,200
0,2023-03-16 07:12:46.911617,Public,0.005301,200
0,2023-03-16 07:12:47.017902,Public,0.004852,200
0,2023-03-16 07:12:47.123973,Public,0.00476,200
0,2023-03-16 07:12:47.229966,Public,0.004629,200
0,2023-03-16 07:12:47.336453,Public,0.005059,200
0,2023-03-16 07:12:47.442658,Public,0.004811,200
0,2023-03-16 07:12:47.549335,Public,0.005227,200
0,2023-03-16 07:12:47.655911,Public,0.005203,200
0,2023-03-16 07:12:47.762219,Public,0.00493,200
0,2023-03-16 07:12:47.869338,Public,0.005639,200
0,2023-03-16 07:12:47.975817,Public,0.005043,200
0,2023-03-16 07:12:48.082813,Public,0.005548,200
0,2023-03-16 07:12:48.189345,Public,0.005057,200
0,2023-03-16 07:12:48.296266,Public,0.005356,200
0,2023-03-16 07:12:48.402785,Public,0.005018,200
0,2023-03-16 07:12:48.509076,Public,0.004925,200
0,2023-03-16 07:12:48.616045,Public,0.005627,200
0,2023-03-16 07:12:48.722209,Public,0.004832,200
0,2023-03-16 07:12:48.829137,Public,0.005589,200
0,2023-03-16 07:12:48.935362,Public,0.004901,200
0,2023-03-16 07:12:49.042045,Public,0.005289,200
0,2023-03-16 07:12:49.148562,Public,0.005092,200
0,2023-03-16 07:12:49.254920,Public,0.004945,200
0,2023-03-16 07:12:49.361046,Public,0.004793,200
0,2023-03-16 07:12:49.467178,Public,0.004822,200
0,2023-03-16 07:12:49.573617,Public,0.005062,200
0,2023-03-16 07:12:49.679962,Public,0.004971,200
0,2023-03-16 07:12:49.786169,Public,0.004883,200
0,2023-03-16 07:12:49.892314,Public,0.004826,200
0,2023-03-16 07:12:49.998646,Public,0.005044,200
0,2023-03-16 07:12:50.105097,Public,0.005071,200
0,2023-03-16 07:12:50.211212,Public,0.004791,200
0,2023-03-16 07:12:50.317216,Public,0.00467,200
0,2023-03-16 07:12:50.423322,Public,0.004787,200
0,2023-03-16 07:12:50.529781,Public,0.005073,200
0,2023-03-16 07:12:50.635975,Public,0.004789,200
0,2023-03-16 07:12:50.742109,Public,0.004796,200
0,2023-03-16 07:12:50.848813,Public,0.005397,200
0,2023-03-16 07:12:50.955604,Public,0.005417,200
0,2023-03-16 07:12:51.062070,Public,0.005122,200
0,2023-03-16 07:12:51.168105,Public,0.004773,200
0,2023-03-16 07:12:51.274271,Public,0.004877,200
0,2023-03-16 07:12:51.380551,Public,0.00491,200
0,2023-03-16 07:12:51.486927,Public,0.005055,200
0,2023-03-16 07:12:51.592799,Public,0.004551,200
0,2023-03-16 07:12:51.698976,Public,0.004846,200
0,2023-03-16 07:12:51.805479,Public,0.005153,200
0,2023-03-16 07:12:51.911789,Public,0.004908,200
0,2023-03-16 07:12:52.017914,Public,0.004772,200
0,2023-03-16 07:12:52.124952,Public,0.005681,200
0,2023-03-16 07:12:52.231098,Public,0.004835,200
0,2023-03-16 07:12:52.337416,Public,0.004968,200
0,2023-03-16 07:12:52.443574,Public,0.004844,200
0,2023-03-16 07:12:52.550776,Public,0.005708,200
0,2023-03-16 07:12:52.656933,Public,0.004762,200
0,2023-03-16 07:12:52.763422,Public,0.005149,200
0,2023-03-16 07:12:52.869931,Public,0.005164,200
0,2023-03-16 07:12:52.976231,Public,0.004962,200
0,2023-03-16 07:12:53.082461,Public,0.004852,200
0,2023-03-16 07:12:53.188718,Public,0.004899,200
0,2023-03-16 07:12:53.295576,Public,0.005513,200
0,2023-03-16 07:12:53.402729,Public,0.005714,200
0,2023-03-16 07:12:53.508908,Public,0.004836,200
0,2023-03-16 07:12:53.615488,Public,0.005225,200
0,2023-03-16 07:12:53.721645,Public,0.004816,200
0,2023-03-16 07:12:53.827974,Public,0.004985,200
0,2023-03-16 07:12:53.934836,Public,0.005523,200
0,2023-03-16 07:12:54.041039,Public,0.004888,200
0,2023-03-16 07:12:54.147247,Public,0.004918,200
0,2023-03-16 07:12:54.253983,Public,0.005405,200
0,2023-03-16 07:12:54.360672,Public,0.00535,200
0,2023-03-16 07:12:54.466898,Public,0.004902,200
0,2023-03-16 07:12:54.573179,Public,0.004963,200
0,2023-03-16 07:12:54.679249,Public,0.004753,200
0,2023-03-16 07:12:54.786195,Public,0.005571,200
0,2023-03-16 07:12:54.892635,Public,0.005106,200
0,2023-03-16 07:12:54.999751,Public,0.005737,200
0,2023-03-16 07:12:55.106106,Public,0.005006,200
0,2023-03-16 07:12:55.212503,Public,0.005084,200
0,2023-03-16 07:12:55.318798,Public,0.004942,200
0,2023-03-16 07:12:55.425072,Public,0.004923,200
0,2023-03-16 07:12:55.531285,Public,0.004924,200
0,2023-03-16 07:12:55.637834,Public,0.005197,200
0,2023-03-16 07:12:55.744040,Public,0.00487,200
0,2023-03-16 07:12:55.849896,Public,0.004547,200
0,2023-03-16 07:12:55.956103,Public,0.004897,200
0,2023-03-16 07:12:56.063048,Public,0.005594,200
0,2023-03-16 07:12:56.169698,Public,0.005326,200
0,2023-03-16 07:12:56.276678,Public,0.005623,200
0,2023-03-16 07:12:56.382937,Public,0.004885,200
0,2023-03-16 07:12:56.488935,Public,0.004714,200
0,2023-03-16 07:12:56.595582,Public,0.005311,200
0,2023-03-16 07:12:56.702233,Public,0.005257,200
0,2023-03-16 07:12:56.809026,Public,0.005383,200
0,2023-03-16 07:12:56.915469,Public,0.005127,200
0,2023-03-16 07:12:57.021750,Public,0.004925,200
0,2023-03-16 07:12:57.128369,Public,0.005259,200
0,2023-03-16 07:12:57.234851,Public,0.005117,200
0,2023-03-16 07:12:57.341027,Public,0.004821,200
0,2023-03-16 07:12:57.447216,Public,0.004874,200
0,2023-03-16 07:12:57.553099,Public,0.004548,200
0,2023-03-16 07:12:57.659345,Public,0.004952,200
0,2023-03-16 07:12:57.765969,Public,0.005193,200
0,2023-03-16 07:12:57.872146,Public,0.004773,200
0,2023-03-16 07:12:57.978468,Public,0.004977,200
0,2023-03-16 07:12:58.084694,Public,0.004884,200
0,2023-03-16 07:12:58.190962,Public,0.004941,200
0,2023-03-16 07:12:58.297969,Public,0.005669,200
0,2023-03-16 07:12:58.404598,Public,0.005306,200
0,2023-03-16 07:12:58.510995,Public,0.005019,200
0,2023-03-16 07:12:58.617180,Public,0.004791,200
0,2023-03-16 07:12:58.723227,Public,0.004689,200
0,2023-03-16 07:12:58.829226,Public,0.004693,200
0,2023-03-16 07:12:58.936005,Public,0.00548,200
0,2023-03-16 07:12:59.042072,Public,0.004727,200
0,2023-03-16 07:12:59.148164,Public,0.004817,200
0,2023-03-16 07:12:59.254185,Public,0.004716,200
0,2023-03-16 07:12:59.360648,Public,0.005137,200
0,2023-03-16 07:12:59.467602,Public,0.005488,200
0,2023-03-16 07:12:59.574021,Public,0.00505,200
0,2023-03-16 07:12:59.680201,Public,0.004903,200
0,2023-03-16 07:12:59.786191,Public,0.004694,200
0,2023-03-16 07:12:59.892390,Public,0.004862,200
0,2023-03-16 07:12:59.998496,Public,0.004776,200
0,2023-03-16 07:13:00.105615,Public,0.005646,200
0,2023-03-16 07:13:00.211829,Public,0.004884,200
0,2023-03-16 07:13:00.318170,Public,0.005006,200
0,2023-03-16 07:13:00.424261,Public,0.004792,200
0,2023-03-16 07:13:00.530251,Public,0.004708,200
0,2023-03-16 07:13:00.636390,Public,0.004777,200
0,2023-03-16 07:13:00.742361,Public,0.004651,200
0,2023-03-16 07:13:00.848411,Public,0.004757,200
0,2023-03-16 07:13:00.954761,Public,0.00501,200
0,2023-03-16 07:13:01.061833,Public,0.005707,200
0,2023-03-16 07:13:01.168196,Public,0.004987,200
0,2023-03-16 07:13:01.274158,Public,0.004623,200
0,2023-03-16 07:13:01.380797,Public,0.005336,200
0,2023-03-16 07:13:01.487092,Public,0.004924,200
0,2023-03-16 07:13:01.593213,Public,0.004796,200
0,2023-03-16 07:13:01.699348,Public,0.00477,200
0,2023-03-16 07:13:01.805720,Public,0.005019,200
0,2023-03-16 07:13:01.911888,Public,0.004785,200
0,2023-03-16 07:13:02.018153,Public,0.004891,200
0,2023-03-16 07:13:02.124132,Public,0.004654,200
0,2023-03-16 07:13:02.230100,Public,0.004644,200
0,2023-03-16 07:13:02.336256,Public,0.004853,200
0,2023-03-16 07:13:02.442877,Public,0.005264,200
0,2023-03-16 07:13:02.548834,Public,0.004595,200
0,2023-03-16 07:13:02.655104,Public,0.004943,200
0,2023-03-16 07:13:02.761471,Public,0.004918,200
0,2023-03-16 07:13:02.868012,Public,0.005053,200
0,2023-03-16 07:13:02.974510,Public,0.005112,200
0,2023-03-16 07:13:03.080970,Public,0.005077,200
0,2023-03-16 07:13:03.187320,Public,0.005036,200
0,2023-03-16 07:13:03.293908,Public,0.005074,200
0,2023-03-16 07:13:03.399941,Public,0.004705,200
0,2023-03-16 07:13:03.506015,Public,0.004776,200
0,2023-03-16 07:13:03.612014,Public,0.004686,200
0,2023-03-16 07:13:03.718083,Public,0.004738,200
0,2023-03-16 07:13:03.824208,Public,0.004768,200
0,2023-03-16 07:13:03.930260,Public,0.004742,200
0,2023-03-16 07:13:04.036650,Public,0.005003,200
0,2023-03-16 07:13:04.149754,Cart (POST),0.011744,201
0,2023-03-16 07:13:04.159661,Cart (POST),0.00884,201
0,2023-03-16 07:13:04.168319,Cart (POST),0.007614,201
0,2023-03-16 07:13:04.177451,Cart (POST),0.008108,201
0,2023-03-16 07:13:04.185977,Cart (POST),0.007454,201
0,2023-03-16 07:13:04.233256,Cart (GET),0.003525,200
0,2023-03-16 07:13:04.254936,Cart (POST),0.020559,201
0,2023-03-16 07:13:04.264396,Cart (POST),0.00837,201
0,2023-03-16 07:13:04.273599,Cart (POST),0.008136,201
0,2023-03-16 07:13:04.283552,Cart (POST),0.008863,201
0,2023-03-16 07:13:04.294321,Cart (POST),0.009597,201
0,2023-03-16 07:13:04.345344,Cart (GET),0.007124,200
0,2023-03-16 07:13:04.357453,Cart (POST),0.010979,201
0,2023-03-16 07:13:04.365505,Cart (POST),0.007024,201
0,2023-03-16 07:13:04.374037,Cart (POST),0.007549,201
0,2023-03-16 07:13:04.382671,Cart (POST),0.007617,201
0,2023-03-16 07:13:04.392294,Cart (POST),0.008515,201
0,2023-03-16 07:13:04.437315,Cart (GET),0.00357,200
0,2023-03-16 07:13:04.449233,Cart (POST),0.010787,201
0,2023-03-16 07:13:04.457731,Cart (POST),0.007447,201
0,2023-03-16 07:13:04.466596,Cart (POST),0.007803,201
0,2023-03-16 07:13:04.475174,Cart (POST),0.007525,201
0,2023-03-16 07:13:04.484171,Cart (POST),0.007943,201
0,2023-03-16 07:13:04.529277,Cart (GET),0.003788,200
0,2023-03-16 07:22:54.542052,Public,0.005958,200
0,2023-03-16 07:22:54.648037,Public,0.004635,200
0,2023-03-16 07:22:54.754676,Public,0.005176,200
0,2023-03-16 07:22:54.861194,Public,0.005075,200
0,2023-03-16 07:22:54.967869,Public,0.005231,200
0,2023-03-16 07:22:55.073951,Public,0.00469,200
0,2023-03-16 07:22:55.187219,Public,0.011909,200
0,2023-03-16 07:22:55.293416,Public,0.004839,200
0,2023-03-16 07:22:55.399607,Public,0.0048,200
0,2023-03-16 07:22:55.507950,Public,0.006958,200
0,2023-03-16 07:22:55.614175,Public,0.00486,200
0,2023-03-16 07:22:55.720374,Public,0.004831,200
0,2023-03-16 07:22:55.826533,Public,0.00483,200
0,2023-03-16 07:22:55.932985,Public,0.004976,200
0,2023-03-16 07:22:56.039254,Public,0.004849,200
0,2023-03-16 07:22:56.145498,Public,0.004889,200
0,2023-03-16 07:22:56.252093,Public,0.005149,200
0,2023-03-16 07:22:56.358957,Public,0.005467,200
0,2023-03-16 07:22:56.465779,Public,0.005413,200
0,2023-03-16 07:22:56.571967,Public,0.004806,200
0,2023-03-16 07:22:56.678428,Public,0.005023,200
0,2023-03-16 07:22:56.785022,Public,0.005146,200
0,2023-03-16 07:22:56.895032,Public,0.0086,200
0,2023-03-16 07:22:57.001919,Public,0.005395,200
0,2023-03-16 07:22:57.114310,Public,0.010911,200
0,2023-03-16 07:22:57.220510,Public,0.004819,200
0,2023-03-16 07:22:57.327717,Public,0.005854,200
0,2023-03-16 07:22:57.433928,Public,0.004811,200
0,2023-03-16 07:22:57.540331,Public,0.005016,200
0,2023-03-16 07:22:57.647308,Public,0.00566,200
0,2023-03-16 07:22:57.753501,Public,0.004797,200
0,2023-03-16 07:22:57.860856,Public,0.005853,200
0,2023-03-16 07:22:57.967990,Public,0.00551,200
0,2023-03-16 07:22:58.074135,Public,0.0048,200
0,2023-03-16 07:22:58.180370,Public,0.004888,200
0,2023-03-16 07:22:58.287389,Public,0.005493,200
0,2023-03-16 07:22:58.393865,Public,0.005104,200
0,2023-03-16 07:22:58.500103,Public,0.004898,200
0,2023-03-16 07:22:58.613426,Public,0.011938,200
0,2023-03-16 07:22:58.720595,Public,0.005786,200
0,2023-03-16 07:22:58.826997,Public,0.005061,200
0,2023-03-16 07:22:58.933420,Public,0.005027,200
0,2023-03-16 07:22:59.041119,Public,0.006271,200
0,2023-03-16 07:22:59.148133,Public,0.005618,200
0,2023-03-16 07:22:59.255011,Public,0.00552,200
0,2023-03-16 07:22:59.361205,Public,0.004841,200
0,2023-03-16 07:22:59.467685,Public,0.005129,200
0,2023-03-16 07:22:59.574891,Public,0.005736,200
0,2023-03-16 07:22:59.682303,Public,0.005952,200
0,2023-03-16 07:22:59.788391,Public,0.004706,200
0,2023-03-16 07:22:59.894348,Public,0.004643,200
0,2023-03-16 07:23:00.001568,Public,0.005797,200
0,2023-03-16 07:23:00.108481,Public,0.005459,200
0,2023-03-16 07:23:00.214388,Public,0.004578,200
0,2023-03-16 07:23:00.320992,Public,0.005177,200
0,2023-03-16 07:23:00.427700,Public,0.005314,200
0,2023-03-16 07:23:00.533870,Public,0.004764,200
0,2023-03-16 07:23:00.640032,Public,0.004776,200
0,2023-03-16 07:23:00.746596,Public,0.005198,200
0,2023-03-16 07:23:00.853197,Public,0.005207,200
0,2023-03-16 07:23:00.959425,Public,0.004928,200
0,2023-03-16 07:23:01.065763,Public,0.004988,200
0,2023-03-16 07:23:01.171996,Public,0.004881,200
0,2023-03-16 07:23:01.278747,Public,0.005398,200
0,2023-03-16 07:23:01.385044,Public,0.004872,200
0,2023-03-16 07:23:01.491311,Public,0.00493,200
0,2023-03-16 07:23:01.597979,Public,0.005261,200
0,2023-03-16 07:23:01.704121,Public,0.004798,200
0,2023-03-16 07:23:01.810805,Public,0.005282,200
0,2023-03-16 07:23:01.916983,Public,0.004799,200
0,2023-03-16 07:23:02.022998,Public,0.004674,200
0,2023-03-16 07:23:02.129217,Public,0.004844,200
0,2023-03-16 07:23:02.235259,Public,0.004731,200
0,2023-03-16 07:23:02.341455,Public,0.004839,200
0,2023-03-16 07:23:02.447507,Public,0.004714,200
0,2023-03-16 07:23:02.553724,Public,0.004882,200
0,2023-03-16 07:23:02.661106,Public,0.005242,200
0,2023-03-16 07:23:02.767157,Public,0.004743,200
0,2023-03-16 07:23:02.873247,Public,0.00481,200
0,2023-03-16 07:23:02.979736,Public,0.005127,200
0,2023-03-16 07:23:03.085815,Public,0.004746,200
0,2023-03-16 07:23:03.192349,Public,0.005214,200
0,2023-03-16 07:23:03.298767,Public,0.004948,200
0,2023-03-16 07:23:03.405091,Public,0.00488,200
0,2023-03-16 07:23:03.511387,Public,0.004968,200
0,2023-03-16 07:23:03.617803,Public,0.005032,200
0,2023-03-16 07:23:03.724334,Public,0.005208,200
0,2023-03-16 07:23:03.830784,Public,0.005097,200
0,2023-03-16 07:23:03.937678,Public,0.005496,200
0,2023-03-16 07:23:04.044168,Public,0.004966,200
0,2023-03-16 07:23:04.150678,Public,0.005188,200
0,2023-03-16 07:23:04.256853,Public,0.004837,200
0,2023-03-16 07:23:04.363311,Public,0.005128,200
0,2023-03-16 07:23:04.469409,Public,0.00476,200
0,2023-03-16 07:23:04.575654,Public,0.004936,200
0,2023-03-16 07:23:04.681743,Public,0.004829,200
0,2023-03-16 07:23:04.787935,Public,0.004828,200
0,2023-03-16 07:23:04.894210,Public,0.004916,200
0,2023-03-16 07:23:05.000896,Public,0.005352,200
0,2023-03-16 07:23:05.107123,Public,0.004898,200
0,2023-03-16 07:23:05.213115,Public,0.004665,200
0,2023-03-16 07:23:05.319016,Public,0.004685,200
0,2023-03-16 07:23:05.425241,Public,0.004905,200
0,2023-03-16 07:23:05.531338,Public,0.004789,200
0,2023-03-16 07:23:05.637769,Public,0.00508,200
0,2023-03-16 07:23:05.744020,Public,0.004888,200
0,2023-03-16 07:23:05.852294,Public,0.00685,200
0,2023-03-16 07:23:05.958800,Public,0.005104,200
0,2023-03-16 07:23:06.065132,Public,0.004997,200
0,2023-03-16 07:23:06.171290,Public,0.004894,200
0,2023-03-16 07:23:06.277978,Public,0.005327,200
0,2023-03-16 07:23:06.384149,Public,0.004823,200
0,2023-03-16 07:23:06.490915,Public,0.005421,200
0,2023-03-16 07:23:06.596881,Public,0.004647,200
0,2023-03-16 07:23:06.703038,Public,0.004787,200
0,2023-03-16 07:23:06.809229,Public,0.004859,200
0,2023-03-16 07:23:06.915443,Public,0.004863,200
0,2023-03-16 07:23:07.022011,Public,0.005109,200
0,2023-03-16 07:23:07.129066,Public,0.005694,200
0,2023-03-16 07:23:07.235163,Public,0.004753,200
0,2023-03-16 07:23:07.341270,Public,0.004792,200
0,2023-03-16 07:23:07.447095,Public,0.004492,200
0,2023-03-16 07:23:07.553216,Public,0.004788,200
0,2023-03-16 07:23:07.659346,Public,0.004809,200
0,2023-03-16 07:23:07.765896,Public,0.005126,200
0,2023-03-16 07:23:07.872115,Public,0.004889,200
0,2023-03-16 07:23:07.978138,Public,0.00468,200
0,2023-03-16 07:23:08.084304,Public,0.004892,200
0,2023-03-16 07:23:08.190406,Public,0.004771,200
0,2023-03-16 07:23:08.296910,Public,0.005127,200
0,2023-03-16 07:23:08.403256,Public,0.004996,200
0,2023-03-16 07:23:08.509460,Public,0.004856,200
0,2023-03-16 07:23:08.615506,Public,0.004722,200
0,2023-03-16 07:23:08.721625,Public,0.004763,200
0,2023-03-16 07:23:08.827742,Public,0.0048,200
0,2023-03-16 07:23:08.933710,Public,0.004679,200
0,2023-03-16 07:23:09.039657,Public,0.004615,200
0,2023-03-16 07:23:09.145938,Public,0.00492,200
0,2023-03-16 07:23:09.252192,Public,0.004957,200
0,2023-03-16 07:23:09.358433,Public,0.004868,200
0,2023-03-16 07:23:09.464733,Public,0.004932,200
0,2023-03-16 07:23:09.571312,Public,0.005207,200
0,2023-03-16 07:23:09.677693,Public,0.004961,200
0,2023-03-16 07:23:09.784785,Public,0.005736,200
0,2023-03-16 07:23:09.891089,Public,0.004947,200
0,2023-03-16 07:23:09.997662,Public,0.005225,200
0,2023-03-16 07:23:10.104057,Public,0.005002,200
0,2023-03-16 07:23:10.210217,Public,0.004832,200
0,2023-03-16 07:23:10.317531,Public,0.00601,200
0,2023-03-16 07:23:10.423735,Public,0.004869,200
0,2023-03-16 07:23:10.530832,Public,0.005728,200
0,2023-03-16 07:23:10.637054,Public,0.004867,200
0,2023-03-16 07:23:10.743186,Public,0.004794,200
0,2023-03-16 07:23:10.849766,Public,0.005247,200
0,2023-03-16 07:23:10.956497,Public,0.005404,200
0,2023-03-16 07:23:11.062725,Public,0.004889,200
0,2023-03-16 07:23:11.168981,Public,0.004904,200
0,2023-03-16 07:23:11.275387,Public,0.004862,200
0,2023-03-16 07:23:11.381857,Public,0.00506,200
0,2023-03-16 07:23:11.487849,Public,0.004666,200
0,2023-03-16 07:23:11.594089,Public,0.004793,200
0,2023-03-16 07:23:11.700170,Public,0.0048,200
0,2023-03-16 07:23:11.806737,Public,0.005238,200
0,2023-03-16 07:23:11.913830,Public,0.005641,200
0,2023-03-16 07:23:12.020055,Public,0.004805,200
0,2023-03-16 07:23:12.125993,Public,0.004612,200
0,2023-03-16 07:23:12.232113,Public,0.004804,200
0,2023-03-16 07:23:12.338042,Public,0.004633,200
0,2023-03-16 07:23:12.444087,Public,0.004689,200
0,2023-03-16 07:23:12.550305,Public,0.004913,200
0,2023-03-16 07:23:12.656930,Public,0.005276,200
0,2023-03-16 07:23:12.763150,Public,0.004891,200
0,2023-03-16 07:23:12.869179,Public,0.004733,200
0,2023-03-16 07:23:12.975188,Public,0.004719,200
0,2023-03-16 07:23:13.081190,Public,0.004689,200
0,2023-03-16 07:23:13.187170,Public,0.004684,200
0,2023-03-16 07:23:13.293256,Public,0.004754,200
0,2023-03-16 07:23:13.399293,Public,0.004722,200
0,2023-03-16 07:23:13.505314,Public,0.004699,200
0,2023-03-16 07:23:13.611533,Public,0.004914,200
0,2023-03-16 07:23:13.717642,Public,0.004749,200
0,2023-03-16 07:23:13.823682,Public,0.00465,200
0,2023-03-16 07:23:13.930238,Public,0.005202,200
0,2023-03-16 07:23:14.036175,Public,0.004572,200
0,2023-03-16 07:23:14.142621,Public,0.00507,200
0,2023-03-16 07:23:14.248979,Public,0.005022,200
0,2023-03-16 07:23:14.355366,Public,0.005033,200
0,2023-03-16 07:23:14.462368,Public,0.005517,200
0,2023-03-16 07:23:14.569804,Public,0.00595,200
0,2023-03-16 07:23:14.676294,Public,0.005059,200
0,2023-03-16 07:23:14.794465,Public,0.016632,200
0,2023-03-16 07:23:14.901313,Public,0.005226,200
0,2023-03-16 07:23:15.007703,Public,0.005058,200
0,2023-03-16 07:23:15.113781,Public,0.004763,200
0,2023-03-16 07:23:15.220309,Public,0.005163,200
0,2023-03-16 07:23:15.326500,Public,0.004844,200
0,2023-03-16 07:23:15.432811,Public,0.004962,200
0,2023-03-16 07:23:15.539110,Public,0.004926,200
0,2023-03-16 07:23:15.645910,Public,0.005352,200
0,2023-03-16 07:23:15.753002,Public,0.005716,200
0,2023-03-16 07:23:15.859168,Public,0.004811,200
0,2023-03-16 07:23:15.965700,Public,0.005081,200
0,2023-03-16 07:23:16.073298,Public,0.006113,200
0,2023-03-16 07:23:16.181163,Public,0.006401,200
0,2023-03-16 07:23:16.287854,Public,0.00522,200
0,2023-03-16 07:23:16.394285,Public,0.00506,200
0,2023-03-16 07:23:16.500642,Public,0.005016,200
0,2023-03-16 07:23:16.607814,Public,0.005579,200
0,2023-03-16 07:23:16.714195,Public,0.004763,200
0,2023-03-16 07:23:16.820145,Public,0.004622,200
0,2023-03-16 07:23:16.927210,Public,0.005568,200
0,2023-03-16 07:23:17.035742,Public,0.006681,200
0,2023-03-16 07:23:17.143537,Public,0.00595,200
0,2023-03-16 07:23:17.250458,Public,0.005539,200
0,2023-03-16 07:23:17.358293,Public,0.006275,200
0,2023-03-16 07:23:17.466891,Public,0.007041,200
0,2023-03-16 07:23:17.576375,Public,0.007484,200
0,2023-03-16 07:23:17.683697,Public,0.005728,200
0,2023-03-16 07:23:17.790903,Public,0.005603,200
0,2023-03-16 07:23:17.898087,Public,0.005813,200
0,2023-03-16 07:23:18.007009,Public,0.007575,200
0,2023-03-16 07:23:18.114139,Public,0.00568,200
0,2023-03-16 07:23:18.220549,Public,0.004966,200
0,2023-03-16 07:23:18.327034,Public,0.004941,200
0,2023-03-16 07:23:18.434445,Public,0.00604,200
0,2023-03-16 07:23:18.543270,Public,0.007294,200
0,2023-03-16 07:23:18.654250,Public,0.00951,200
0,2023-03-16 07:23:18.760727,Public,0.005031,200
0,2023-03-16 07:23:18.867236,Public,0.005151,200
0,2023-03-16 07:23:18.975080,Public,0.006349,200
0,2023-03-16 07:23:19.082280,Public,0.005811,200
0,2023-03-16 07:23:19.188495,Public,0.004914,200
0,2023-03-16 07:23:19.295832,Public,0.005932,200
0,2023-03-16 07:23:19.402271,Public,0.005022,200
0,2023-03-16 07:23:19.508937,Public,0.00532,200
0,2023-03-16 07:23:19.615236,Public,0.004936,200
0,2023-03-16 07:23:19.721761,Public,0.005183,200
0,2023-03-16 07:23:19.828118,Public,0.00501,200
0,2023-03-16 07:23:19.934668,Public,0.005197,200
0,2023-03-16 07:23:20.041765,Public,0.00551,200
0,2023-03-16 07:23:20.149090,Public,0.005806,200
0,2023-03-16 07:23:20.255292,Public,0.004863,200
0,2023-03-16 07:23:20.361649,Public,0.005009,200
0,2023-03-16 07:23:20.468817,Public,0.005814,200
0,2023-03-16 07:23:20.576033,Public,0.005831,200
0,2023-03-16 07:23:20.683650,Public,0.006244,200
0,2023-03-16 07:23:20.790562,Public,0.005553,200
0,2023-03-16 07:23:20.897632,Public,0.005556,200
0,2023-03-16 07:23:21.004873,Public,0.005716,200
0,2023-03-16 07:23:21.111254,Public,0.005042,200
0,2023-03-16 07:23:21.217747,Public,0.005149,200
0,2023-03-16 07:23:21.324018,Public,0.004939,200
0,2023-03-16 07:23:21.430368,Public,0.004991,200
0,2023-03-16 07:23:21.537125,Public,0.005412,200
0,2023-03-16 07:23:21.644662,Public,0.005994,200
0,2023-03-16 07:23:21.752010,Public,0.005714,200
0,2023-03-16 07:23:21.859183,Public,0.005684,200
0,2023-03-16 07:23:21.966346,Public,0.005776,200
0,2023-03-16 07:23:22.073139,Public,0.005311,200
0,2023-03-16 07:23:22.179826,Public,0.005337,200
0,2023-03-16 07:23:22.286800,Public,0.005534,200
0,2023-03-16 07:23:22.395980,Public,0.00769,200
0,2023-03-16 07:23:22.502092,Public,0.004713,200
0,2023-03-16 07:23:22.608509,Public,0.005083,200
0,2023-03-16 07:23:22.716401,Public,0.006541,200
0,2023-03-16 07:23:22.823361,Public,0.005626,200
0,2023-03-16 07:23:22.932511,Public,0.006969,200
0,2023-03-16 07:23:23.038837,Public,0.004833,200
0,2023-03-16 07:23:23.146469,Public,0.006274,200
0,2023-03-16 07:23:23.252627,Public,0.004809,200
0,2023-03-16 07:23:23.358857,Public,0.004884,200
0,2023-03-16 07:23:23.465822,Public,0.005454,200
0,2023-03-16 07:23:23.573472,Public,0.00599,200
0,2023-03-16 07:23:23.680605,Public,0.005432,200
0,2023-03-16 07:23:23.788007,Public,0.005736,200
0,2023-03-16 07:23:23.895234,Public,0.005557,200
0,2023-03-16 07:23:24.003504,Public,0.006542,200
0,2023-03-16 07:23:24.109977,Public,0.004839,200
0,2023-03-16 07:23:24.216440,Public,0.005082,200
0,2023-03-16 07:23:24.322899,Public,0.0051,200
0,2023-03-16 07:23:24.431614,Public,0.005638,200
0,2023-03-16 07:23:24.537654,Public,0.004692,200
0,2023-03-16 07:23:24.644357,Public,0.005373,200
0,2023-03-16 07:23:24.752774,Public,0.006856,200
0,2023-03-16 07:23:24.861149,Public,0.006701,200
0,2023-03-16 07:23:24.968372,Public,0.005513,200
0,2023-03-16 07:23:25.088393,Public,0.018312,200
0,2023-03-16 07:23:25.195964,Public,0.005803,200
0,2023-03-16 07:23:25.303249,Public,0.005627,200
0,2023-03-16 07:23:25.410506,Public,0.00555,200
0,2023-03-16 07:23:25.517851,Public,0.005629,200
0,2023-03-16 07:23:25.625625,Public,0.006054,200
0,2023-03-16 07:23:25.731899,Public,0.004745,200
0,2023-03-16 07:23:25.838175,Public,0.004935,200
0,2023-03-16 07:23:25.944585,Public,0.005048,200
0,2023-03-16 07:23:26.068244,Public,0.02229,200
0,2023-03-16 07:23:26.174749,Public,0.005152,200
0,2023-03-16 07:23:26.281165,Public,0.005064,200
0,2023-03-16 07:23:26.387447,Public,0.004947,200
0,2023-03-16 07:23:26.493803,Public,0.005002,200
0,2023-03-16 07:23:26.609015,Cart (POST),0.013826,201
0,2023-03-16 07:23:26.620722,Cart (POST),0.010561,201
0,2023-03-16 07:23:26.630727,Cart (POST),0.008863,201
0,2023-03-16 07:23:26.641171,Cart (POST),0.009297,201
0,2023-03-16 07:23:26.651819,Cart (POST),0.009216,201
0,2023-03-16 07:23:26.700760,Cart (GET),0.004035,200
0,2023-03-16 07:23:26.714160,Cart (POST),0.011912,201
0,2023-03-16 07:23:26.724927,Cart (POST),0.009381,201
0,2023-03-16 07:23:26.737205,Cart (POST),0.010886,201
0,2023-03-16 07:23:26.747377,Cart (POST),0.008736,201
0,2023-03-16 07:23:26.757699,Cart (POST),0.008857,201
0,2023-03-16 07:23:26.804742,Cart (GET),0.004029,200
0,2023-03-16 07:23:26.817287,Cart (POST),0.011067,201
0,2023-03-16 07:23:26.827060,Cart (POST),0.008392,201
0,2023-03-16 07:23:26.836560,Cart (POST),0.008112,201
0,2023-03-16 07:23:26.845655,Cart (POST),0.008054,201
0,2023-03-16 07:23:26.855800,Cart (POST),0.009105,201
0,2023-03-16 07:23:26.900931,Cart (GET),0.00376,200
0,2023-03-16 07:23:26.915052,Cart (POST),0.012944,201
0,2023-03-16 07:23:26.931732,Cart (POST),0.015216,201
0,2023-03-16 07:23:26.942835,Cart (POST),0.009931,201
0,2023-03-16 07:23:26.953049,Cart (POST),0.00906,201
0,2023-03-16 07:23:26.962819,Cart (POST),0.00867,201
0,2023-03-16 07:23:27.012750,Cart (GET),0.003819,200
0,2023-03-16 07:33:17.097395,Public,0.005018,200
0,2023-03-16 07:33:17.203856,Public,0.004992,200
0,2023-03-16 07:33:17.310002,Public,0.004633,200
0,2023-03-16 07:33:17.416001,Public,0.00466,200
0,2023-03-16 07:33:17.522144,Public,0.00485,200
0,2023-03-16 07:33:17.628131,Public,0.00466,200
0,2023-03-16 07:33:17.734932,Public,0.005512,200
0,2023-03-16 07:33:17.841072,Public,0.004807,200
0,2023-03-16 07:33:17.947159,Public,0.004744,200
0,2023-03-16 07:33:18.053193,Public,0.004723,200
0,2023-03-16 07:33:18.159993,Public,0.0055,200
0,2023-03-16 07:33:18.266319,Public,0.004995,200
0,2023-03-16 07:33:18.374709,Public,0.006801,200
0,2023-03-16 07:33:18.482679,Public,0.006314,200
0,2023-03-16 07:33:18.590078,Public,0.005827,200
0,2023-03-16 07:33:18.696408,Public,0.004963,200
0,2023-03-16 07:33:18.803003,Public,0.00523,200
0,2023-03-16 07:33:18.909307,Public,0.004963,200
0,2023-03-16 07:33:19.016318,Public,0.005543,200
0,2023-03-16 07:33:19.123065,Public,0.005181,200
0,2023-03-16 07:33:19.229290,Public,0.004878,200
0,2023-03-16 07:33:19.335743,Public,0.005073,200
0,2023-03-16 07:33:19.441906,Public,0.004829,200
0,2023-03-16 07:33:19.548102,Public,0.004879,200
0,2023-03-16 07:33:19.654256,Public,0.004876,200
0,2023-03-16 07:33:19.760719,Public,0.00512,200
0,2023-03-16 07:33:19.866864,Public,0.004789,200
0,2023-03-16 07:33:19.973784,Public,0.005424,200
0,2023-03-16 07:33:20.080013,Public,0.004754,200
0,2023-03-16 07:33:20.186070,Public,0.004735,200
0,2023-03-16 07:33:20.292441,Public,0.005018,200
0,2023-03-16 07:33:20.399212,Public,0.005411,200
0,2023-03-16 07:33:20.506345,Public,0.005694,200
0,2023-03-16 07:33:20.612862,Public,0.004966,200
0,2023-03-16 07:33:20.719168,Public,0.004909,200
0,2023-03-16 07:33:20.826782,Public,0.006118,200
0,2023-03-16 07:33:20.933613,Public,0.005492,200
0,2023-03-16 07:33:21.039541,Public,0.004588,200
0,2023-03-16 07:33:21.145642,Public,0.004773,200
0,2023-03-16 07:33:21.252284,Public,0.005326,200
0,2023-03-16 07:33:21.359856,Public,0.006047,200
0,2023-03-16 07:33:21.466139,Public,0.004784,200
0,2023-03-16 07:33:21.572238,Public,0.004802,200
0,2023-03-16 07:33:21.678267,Public,0.004736,200
0,2023-03-16 07:33:21.784695,Public,0.005107,200
0,2023-03-16 07:33:21.891303,Public,0.005163,200
0,2023-03-16 07:33:21.997832,Public,0.005077,200
0,2023-03-16 07:33:22.104840,Public,0.005499,200
0,2023-03-16 07:33:22.211967,Public,0.005783,200
0,2023-03-16 07:33:22.318123,Public,0.004833,200
0,2023-03-16 07:33:22.424707,Public,0.00525,200
0,2023-03-16 07:33:22.532058,Public,0.005969,200
0,2023-03-16 07:33:22.638147,Public,0.004757,200
0,2023-03-16 07:33:22.746672,Public,0.007003,200
0,2023-03-16 07:33:22.853675,Public,0.005358,200
0,2023-03-16 07:33:22.960126,Public,0.005085,200
0,2023-03-16 07:33:23.066916,Public,0.005418,200
0,2023-03-16 07:33:23.173956,Public,0.005732,200
0,2023-03-16 07:33:23.280541,Public,0.005245,200
0,2023-03-16 07:33:23.387121,Public,0.005256,200
0,2023-03-16 07:33:23.493559,Public,0.005103,200
0,2023-03-16 07:33:23.600473,Public,0.0056,200
0,2023-03-16 07:33:23.707255,Public,0.005365,200
0,2023-03-16 07:33:23.813779,Public,0.005172,200
0,2023-03-16 07:33:23.920088,Public,0.00493,200
0,2023-03-16 07:33:24.026401,Public,0.004986,200
0,2023-03-16 07:33:24.133123,Public,0.005321,200
0,2023-03-16 07:33:24.240392,Public,0.005904,200
0,2023-03-16 07:33:24.347357,Public,0.005437,200
0,2023-03-16 07:33:24.453822,Public,0.005114,200
0,2023-03-16 07:33:24.559959,Public,0.004809,200
0,2023-03-16 07:33:24.666108,Public,0.004796,200
0,2023-03-16 07:33:24.772844,Public,0.005329,200
0,2023-03-16 07:33:24.879204,Public,0.004962,200
0,2023-03-16 07:33:24.999060,Public,0.01314,200
0,2023-03-16 07:33:25.106751,Public,0.005977,200
0,2023-03-16 07:33:25.214009,Public,0.005701,200
0,2023-03-16 07:33:25.320366,Public,0.005012,200
0,2023-03-16 07:33:25.427154,Public,0.005413,200
0,2023-03-16 07:33:25.533542,Public,0.004994,200
0,2023-03-16 07:33:25.640578,Public,0.005704,200
0,2023-03-16 07:33:25.746867,Public,0.004973,200
0,2023-03-16 07:33:25.853896,Public,0.0056,200
0,2023-03-16 07:33:25.961404,Public,0.006021,200
0,2023-03-16 07:33:26.069484,Public,0.006368,200
0,2023-03-16 07:33:26.178261,Public,0.007064,200
0,2023-03-16 07:33:26.285400,Public,0.005499,200
0,2023-03-16 07:33:26.392878,Public,0.005789,200
0,2023-03-16 07:33:26.500300,Public,0.005743,200
0,2023-03-16 07:33:26.608297,Public,0.006311,200
0,2023-03-16 07:33:26.716281,Public,0.006293,200
0,2023-03-16 07:33:26.824104,Public,0.006139,200
0,2023-03-16 07:33:26.933116,Public,0.007271,200
0,2023-03-16 07:33:27.040442,Public,0.005596,200
0,2023-03-16 07:33:27.147748,Public,0.00561,200
0,2023-03-16 07:33:27.255354,Public,0.005891,200
0,2023-03-16 07:33:27.362052,Public,0.00508,200
0,2023-03-16 07:33:27.468949,Public,0.005424,200
0,2023-03-16 07:33:27.575099,Public,0.004813,200
0,2023-03-16 07:33:27.681262,Public,0.004842,200
0,2023-03-16 07:33:27.787665,Public,0.005038,200
0,2023-03-16 07:33:27.894101,Public,0.004995,200
0,2023-03-16 07:33:28.000688,Public,0.005195,200
0,2023-03-16 07:33:28.107360,Public,0.005293,200
0,2023-03-16 07:33:28.215201,Public,0.006293,200
0,2023-03-16 07:33:28.322396,Public,0.005691,200
0,2023-03-16 07:33:28.429054,Public,0.005289,200
0,2023-03-16 07:33:28.535321,Public,0.004945,200
0,2023-03-16 07:33:28.642280,Public,0.005446,200
0,2023-03-16 07:33:28.750160,Public,0.006151,200
0,2023-03-16 07:33:28.857463,Public,0.005598,200
0,2023-03-16 07:33:28.964464,Public,0.005473,200
0,2023-03-16 07:33:29.070926,Public,0.005139,200
0,2023-03-16 07:33:29.177268,Public,0.004977,200
0,2023-03-16 07:33:29.283724,Public,0.005046,200
0,2023-03-16 07:33:29.389953,Public,0.004826,200
0,2023-03-16 07:33:29.496093,Public,0.004805,200
0,2023-03-16 07:33:29.602409,Public,0.004966,200
0,2023-03-16 07:33:29.709737,Public,0.005813,200
0,2023-03-16 07:33:29.817122,Public,0.005723,200
0,2023-03-16 07:33:29.924384,Public,0.005566,200
0,2023-03-16 07:33:30.031751,Public,0.005685,200
0,2023-03-16 07:33:30.138213,Public,0.004975,200
0,2023-03-16 07:33:30.245077,Public,0.005537,200
0,2023-03-16 07:33:30.351252,Public,0.004866,200
0,2023-03-16 07:33:30.458494,Public,0.005715,200
0,2023-03-16 07:33:30.565214,Public,0.005201,200
0,2023-03-16 07:33:30.672371,Public,0.005785,200
0,2023-03-16 07:33:30.779136,Public,0.005257,200
0,2023-03-16 07:33:30.885492,Public,0.005018,200
0,2023-03-16 07:33:30.992519,Public,0.005686,200
0,2023-03-16 07:33:31.099771,Public,0.005626,200
0,2023-03-16 07:33:31.208904,Public,0.007449,200
0,2023-03-16 07:33:31.316684,Public,0.006093,200
0,2023-03-16 07:33:31.423778,Public,0.005694,200
0,2023-03-16 07:33:31.530173,Public,0.005069,200
0,2023-03-16 07:33:31.636681,Public,0.005154,200
0,2023-03-16 07:33:31.744088,Public,0.005865,200
0,2023-03-16 07:33:31.851677,Public,0.005842,200
0,2023-03-16 07:33:31.959192,Public,0.005833,200
0,2023-03-16 07:33:32.066380,Public,0.005627,200
0,2023-03-16 07:33:32.172902,Public,0.005194,200
0,2023-03-16 07:33:32.279468,Public,0.005185,200
0,2023-03-16 07:33:32.385638,Public,0.004849,200
0,2023-03-16 07:33:32.491993,Public,0.005016,200
0,2023-03-16 07:33:32.598332,Public,0.00501,200
0,2023-03-16 07:33:32.704944,Public,0.005298,200
0,2023-03-16 07:33:32.811195,Public,0.004947,200
0,2023-03-16 07:33:32.919328,Public,0.006627,200
0,2023-03-16 07:33:33.033248,Public,0.012503,200
0,2023-03-16 07:33:33.139900,Public,0.005288,200
0,2023-03-16 07:33:33.246439,Public,0.005135,200
0,2023-03-16 07:33:33.353280,Public,0.005484,200
0,2023-03-16 07:33:33.460138,Public,0.005476,200
0,2023-03-16 07:33:33.566226,Public,0.0048,200
0,2023-03-16 07:33:33.672876,Public,0.005295,200
0,2023-03-16 07:33:33.779226,Public,0.004917,200
0,2023-03-16 07:33:33.885539,Public,0.004983,200
0,2023-03-16 07:33:33.992126,Public,0.005218,200
0,2023-03-16 07:33:34.098246,Public,0.004793,200
0,2023-03-16 07:33:34.204602,Public,0.00504,200
0,2023-03-16 07:33:34.311232,Public,0.005161,200
0,2023-03-16 07:33:34.417669,Public,0.005018,200
0,2023-03-16 07:33:34.523681,Public,0.004673,200
0,2023-03-16 07:33:34.630210,Public,0.00518,200
0,2023-03-16 07:33:34.736704,Public,0.005152,200
0,2023-03-16 07:33:34.843079,Public,0.004995,200
0,2023-03-16 07:33:34.949632,Public,0.005211,200
0,2023-03-16 07:33:35.055886,Public,0.004899,200
0,2023-03-16 07:33:35.162007,Public,0.004743,200
0,2023-03-16 07:33:35.268269,Public,0.004922,200
0,2023-03-16 07:33:35.374755,Public,0.005118,200
0,2023-03-16 07:33:35.480847,Public,0.004751,200
0,2023-03-16 07:33:35.588508,Public,0.006316,200
0,2023-03-16 07:33:35.695094,Public,0.005207,200
0,2023-03-16 07:33:35.801498,Public,0.005016,200
0,2023-03-16 07:33:35.907867,Public,0.004946,200
0,2023-03-16 07:33:36.014136,Public,0.004921,200
0,2023-03-16 07:33:36.120141,Public,0.004645,200
0,2023-03-16 07:33:36.226377,Public,0.00495,200
0,2023-03-16 07:33:36.332682,Public,0.004957,200
0,2023-03-16 07:33:36.438791,Public,0.00477,200
0,2023-03-16 07:33:36.544785,Public,0.004641,200
0,2023-03-16 07:33:36.651158,Public,0.005008,200
0,2023-03-16 07:33:36.757701,Public,0.005169,200
0,2023-03-16 07:33:36.864045,Public,0.00495,200
0,2023-03-16 07:33:36.970203,Public,0.004835,200
0,2023-03-16 07:33:37.076319,Public,0.004826,200
0,2023-03-16 07:33:37.182678,Public,0.005041,200
0,2023-03-16 07:33:37.289100,Public,0.005085,200
0,2023-03-16 07:33:37.395706,Public,0.005286,200
0,2023-03-16 07:33:37.502162,Public,0.005107,200
0,2023-03-16 07:33:37.608326,Public,0.004913,200
0,2023-03-16 07:33:37.714535,Public,0.004887,200
0,2023-03-16 07:33:37.820965,Public,0.005065,200
0,2023-03-16 07:33:37.927047,Public,0.004793,200
0,2023-03-16 07:33:38.033362,Public,0.004996,200
0,2023-03-16 07:33:38.139397,Public,0.004751,200
0,2023-03-16 07:33:38.245546,Public,0.004795,200
0,2023-03-16 07:33:38.351734,Public,0.004888,200
0,2023-03-16 07:33:38.458269,Public,0.005131,200
0,2023-03-16 07:33:38.564420,Public,0.004724,200
0,2023-03-16 07:33:38.670626,Public,0.004859,200
0,2023-03-16 07:33:38.776748,Public,0.004763,200
0,2023-03-16 07:33:38.883130,Public,0.005067,200
0,2023-03-16 07:33:38.989084,Public,0.004669,200
0,2023-03-16 07:33:39.095176,Public,0.004787,200
0,2023-03-16 07:33:39.201148,Public,0.004667,200
0,2023-03-16 07:33:39.307107,Public,0.004615,200
0,2023-03-16 07:33:39.413709,Public,0.005257,200
0,2023-03-16 07:33:39.519903,Public,0.004865,200
0,2023-03-16 07:33:39.625997,Public,0.004746,200
0,2023-03-16 07:33:39.732483,Public,0.005109,200
0,2023-03-16 07:33:39.838682,Public,0.004896,200
0,2023-03-16 07:33:39.944794,Public,0.0047,200
0,2023-03-16 07:33:40.050877,Public,0.004767,200
0,2023-03-16 07:33:40.156857,Public,0.00467,200
0,2023-03-16 07:33:40.263519,Public,0.005343,200
0,2023-03-16 07:33:40.370168,Public,0.005303,200
0,2023-03-16 07:33:40.476215,Public,0.004733,200
0,2023-03-16 07:33:40.582103,Public,0.004593,200
0,2023-03-16 07:33:40.688076,Public,0.004672,200
0,2023-03-16 07:33:40.794578,Public,0.005123,200
0,2023-03-16 07:33:40.900937,Public,0.004962,200
0,2023-03-16 07:33:41.007252,Public,0.005011,200
0,2023-03-16 07:33:41.113680,Public,0.005047,200
0,2023-03-16 07:33:41.220095,Public,0.005089,200
0,2023-03-16 07:33:41.326159,Public,0.004742,200
0,2023-03-16 07:33:41.432086,Public,0.004616,200
0,2023-03-16 07:33:41.539141,Public,0.005662,200
0,2023-03-16 07:33:41.645460,Public,0.004869,200
0,2023-03-16 07:33:41.751542,Public,0.004738,200
0,2023-03-16 07:33:41.858480,Public,0.005442,200
0,2023-03-16 07:33:41.965111,Public,0.005089,200
0,2023-03-16 07:33:42.071153,Public,0.00475,200
0,2023-03-16 07:33:42.177353,Public,0.004872,200
0,2023-03-16 07:33:42.283454,Public,0.004752,200
0,2023-03-16 07:33:42.389527,Public,0.004694,200
0,2023-03-16 07:33:42.495636,Public,0.004754,200
0,2023-03-16 07:33:42.601396,Public,0.004442,200
0,2023-03-16 07:33:42.707884,Public,0.00516,200
0,2023-03-16 07:33:42.814095,Public,0.004847,200
0,2023-03-16 07:33:42.920941,Public,0.005544,200
0,2023-03-16 07:33:43.027665,Public,0.005358,200
0,2023-03-16 07:33:43.133850,Public,0.004816,200
0,2023-03-16 07:33:43.240214,Public,0.004992,200
0,2023-03-16 07:33:43.346967,Public,0.005409,200
0,2023-03-16 07:33:43.453138,Public,0.004758,200
0,2023-03-16 07:33:43.559195,Public,0.004755,200
0,2023-03-16 07:33:43.665267,Public,0.004777,200
0,2023-03-16 07:33:43.771495,Public,0.004867,200
0,2023-03-16 07:33:43.877877,Public,0.004939,200
0,2023-03-16 07:33:43.983937,Public,0.004717,200
0,2023-03-16 07:33:44.089972,Public,0.004737,200
0,2023-03-16 07:33:44.196131,Public,0.004825,200
0,2023-03-16 07:33:44.303239,Public,0.005749,200
0,2023-03-16 07:33:44.410400,Public,0.005715,200
0,2023-03-16 07:33:44.516938,Public,0.005159,200
0,2023-03-16 07:33:44.623534,Public,0.005209,200
0,2023-03-16 07:33:44.730580,Public,0.005517,200
0,2023-03-16 07:33:44.837264,Public,0.00519,200
0,2023-03-16 07:33:44.943702,Public,0.005066,200
0,2023-03-16 07:33:45.050074,Public,0.005029,200
0,2023-03-16 07:33:45.156364,Public,0.005003,200
0,2023-03-16 07:33:45.262579,Public,0.004902,200
0,2023-03-16 07:33:45.369249,Public,0.005275,200
0,2023-03-16 07:33:45.475729,Public,0.005142,200
0,2023-03-16 07:33:45.581771,Public,0.004722,200
0,2023-03-16 07:33:45.687969,Public,0.00492,200
0,2023-03-16 07:33:45.794164,Public,0.004885,200
0,2023-03-16 07:33:45.900354,Public,0.004886,200
0,2023-03-16 07:33:46.006987,Public,0.005145,200
0,2023-03-16 07:33:46.113065,Public,0.004775,200
0,2023-03-16 07:33:46.219196,Public,0.00481,200
0,2023-03-16 07:33:46.325118,Public,0.004645,200
0,2023-03-16 07:33:46.431674,Public,0.005239,200
0,2023-03-16 07:33:46.538128,Public,0.005108,200
0,2023-03-16 07:33:46.644491,Public,0.00501,200
0,2023-03-16 07:33:46.751205,Public,0.005362,200
0,2023-03-16 07:33:46.857105,Public,0.004582,200
0,2023-03-16 07:33:46.963131,Public,0.004769,200
0,2023-03-16 07:33:47.069804,Public,0.005326,200
0,2023-03-16 07:33:47.176002,Public,0.004869,200
0,2023-03-16 07:33:47.282267,Public,0.004933,200
0,2023-03-16 07:33:47.388650,Public,0.004971,200
0,2023-03-16 07:33:47.495074,Public,0.005084,200
0,2023-03-16 07:33:47.601390,Public,0.004936,200
0,2023-03-16 07:33:47.707708,Public,0.004913,200
0,2023-03-16 07:33:47.814219,Public,0.005122,200
0,2023-03-16 07:33:47.920156,Public,0.00461,200
0,2023-03-16 07:33:48.026243,Public,0.004767,200
0,2023-03-16 07:33:48.132733,Public,0.005144,200
0,2023-03-16 07:33:48.239106,Public,0.004932,200
0,2023-03-16 07:33:48.346023,Public,0.005578,200
0,2023-03-16 07:33:48.452307,Public,0.004982,200
0,2023-03-16 07:33:48.559507,Public,0.005836,200
0,2023-03-16 07:33:48.666144,Public,0.004991,200
0,2023-03-16 07:33:48.772392,Public,0.004847,200
0,2023-03-16 07:33:48.878573,Public,0.004853,200
0,2023-03-16 07:33:48.985246,Public,0.005225,200
0,2023-03-16 07:33:49.100651,Cart (POST),0.013901,201
0,2023-03-16 07:33:49.114899,Cart (POST),0.013069,201
0,2023-03-16 07:33:49.125996,Cart (POST),0.009945,201
0,2023-03-16 07:33:49.135870,Cart (POST),0.008679,201
0,2023-03-16 07:33:49.146440,Cart (POST),0.009473,201
0,2023-03-16 07:33:49.192200,Cart (GET),0.003843,200
0,2023-03-16 07:33:49.205200,Cart (POST),0.011841,201
0,2023-03-16 07:33:49.214069,Cart (POST),0.007797,201
0,2023-03-16 07:33:49.222812,Cart (POST),0.007699,201
0,2023-03-16 07:33:49.232926,Cart (POST),0.009003,201
0,2023-03-16 07:33:49.242113,Cart (POST),0.008114,201
0,2023-03-16 07:33:49.288909,Cart (GET),0.003697,200
0,2023-03-16 07:33:49.302468,Cart (POST),0.012434,201
0,2023-03-16 07:33:49.312671,Cart (POST),0.00906,201
0,2023-03-16 07:33:49.322772,Cart (POST),0.008957,201
0,2023-03-16 07:33:49.334101,Cart (POST),0.010107,201
0,2023-03-16 07:33:49.344086,Cart (POST),0.008834,201
0,2023-03-16 07:33:49.396254,Cart (GET),0.004759,200
0,2023-03-16 07:33:49.410649,Cart (POST),0.01314,201
0,2023-03-16 07:33:49.424050,Cart (POST),0.012211,201
0,2023-03-16 07:33:49.434403,Cart (POST),0.009152,201
0,2023-03-16 07:33:49.444453,Cart (POST),0.008894,201
0,2023-03-16 07:33:49.454139,Cart (POST),0.008537,201
0,2023-03-16 07:33:49.500181,Cart (GET),0.004617,200
0,2023-03-16 07:43:39.606644,Public,0.004961,200
0,2023-03-16 07:43:39.713519,Public,0.005466,200
0,2023-03-16 07:43:39.819802,Public,0.004961,200
0,2023-03-16 07:43:39.926024,Public,0.004903,200
0,2023-03-16 07:43:40.032070,Public,0.004721,200
0,2023-03-16 07:43:40.138320,Public,0.004915,200
0,2023-03-16 07:43:40.244651,Public,0.004993,200
0,2023-03-16 07:43:40.350729,Public,0.004757,200
0,2023-03-16 07:43:40.456947,Public,0.004844,200
0,2023-03-16 07:43:40.563235,Public,0.00491,200
0,2023-03-16 07:43:40.669416,Public,0.004828,200
0,2023-03-16 07:43:40.775978,Public,0.005183,200
0,2023-03-16 07:43:40.882640,Public,0.005178,200
0,2023-03-16 07:43:40.992417,Public,0.008052,200
0,2023-03-16 07:43:41.098481,Public,0.004752,200
0,2023-03-16 07:43:41.204616,Public,0.004815,200
0,2023-03-16 07:43:41.311311,Public,0.005351,200
0,2023-03-16 07:43:41.417495,Public,0.004824,200
0,2023-03-16 07:43:41.524580,Public,0.005767,200
0,2023-03-16 07:43:41.640639,Public,0.014699,200
0,2023-03-16 07:43:41.746968,Public,0.004941,200
0,2023-03-16 07:43:41.853550,Public,0.005206,200
0,2023-03-16 07:43:41.959748,Public,0.004836,200
0,2023-03-16 07:43:42.066454,Public,0.005382,200
0,2023-03-16 07:43:42.173437,Public,0.005626,200
0,2023-03-16 07:43:42.279491,Public,0.004685,200
0,2023-03-16 07:43:42.386255,Public,0.005435,200
0,2023-03-16 07:43:42.492179,Public,0.004583,200
0,2023-03-16 07:43:42.598220,Public,0.004708,200
0,2023-03-16 07:43:42.704261,Public,0.004716,200
0,2023-03-16 07:43:42.810556,Public,0.00493,200
0,2023-03-16 07:43:42.916691,Public,0.004741,200
0,2023-03-16 07:43:43.022722,Public,0.004707,200
0,2023-03-16 07:43:43.128794,Public,0.0047,200
0,2023-03-16 07:43:43.235116,Public,0.004978,200
0,2023-03-16 07:43:43.341588,Public,0.005041,200
0,2023-03-16 07:43:43.447821,Public,0.004892,200
0,2023-03-16 07:43:43.554380,Public,0.005183,200
0,2023-03-16 07:43:43.660635,Public,0.004902,200
0,2023-03-16 07:43:43.768015,Public,0.005746,200
0,2023-03-16 07:43:43.874299,Public,0.004911,200
0,2023-03-16 07:43:43.980459,Public,0.004851,200
0,2023-03-16 07:43:44.086703,Public,0.004933,200
0,2023-03-16 07:43:44.193073,Public,0.00501,200
0,2023-03-16 07:43:44.299739,Public,0.005288,200
0,2023-03-16 07:43:44.406861,Public,0.005747,200
0,2023-03-16 07:43:44.513275,Public,0.005006,200
0,2023-03-16 07:43:44.619545,Public,0.004962,200
0,2023-03-16 07:43:44.727262,Public,0.006228,200
0,2023-03-16 07:43:44.833393,Public,0.00474,200
0,2023-03-16 07:43:44.939909,Public,0.005207,200
0,2023-03-16 07:43:45.046258,Public,0.004994,200
0,2023-03-16 07:43:45.152297,Public,0.004735,200
0,2023-03-16 07:43:45.258501,Public,0.004887,200
0,2023-03-16 07:43:45.364835,Public,0.004977,200
0,2023-03-16 07:43:45.471218,Public,0.00502,200
0,2023-03-16 07:43:45.577367,Public,0.004827,200
0,2023-03-16 07:43:45.683434,Public,0.004765,200
0,2023-03-16 07:43:45.789632,Public,0.004864,200
0,2023-03-16 07:43:45.895860,Public,0.004902,200
0,2023-03-16 07:43:46.002296,Public,0.005082,200
0,2023-03-16 07:43:46.108510,Public,0.004876,200
0,2023-03-16 07:43:46.215101,Public,0.005278,200
0,2023-03-16 07:43:46.321293,Public,0.00485,200
0,2023-03-16 07:43:46.427668,Public,0.005028,200
0,2023-03-16 07:43:46.533744,Public,0.004777,200
0,2023-03-16 07:43:46.640742,Public,0.005589,200
0,2023-03-16 07:43:46.747431,Public,0.00521,200
0,2023-03-16 07:43:46.853734,Public,0.004721,200
0,2023-03-16 07:43:46.959998,Public,0.004835,200
0,2023-03-16 07:43:47.066202,Public,0.00487,200
0,2023-03-16 07:43:47.172298,Public,0.004759,200
0,2023-03-16 07:43:47.278689,Public,0.005047,200
0,2023-03-16 07:43:47.384968,Public,0.004909,200
0,2023-03-16 07:43:47.491880,Public,0.005349,200
0,2023-03-16 07:43:47.598235,Public,0.004989,200
0,2023-03-16 07:43:47.704703,Public,0.005147,200
0,2023-03-16 07:43:47.811027,Public,0.004925,200
0,2023-03-16 07:43:47.917458,Public,0.005047,200
0,2023-03-16 07:43:48.023668,Public,0.004855,200
0,2023-03-16 07:43:48.130399,Public,0.005278,200
0,2023-03-16 07:43:48.236799,Public,0.005013,200
0,2023-03-16 07:43:48.343188,Public,0.004738,200
0,2023-03-16 07:43:48.449281,Public,0.004774,200
0,2023-03-16 07:43:48.555498,Public,0.004913,200
0,2023-03-16 07:43:48.661778,Public,0.004889,200
0,2023-03-16 07:43:48.768174,Public,0.005019,200
0,2023-03-16 07:43:48.874648,Public,0.005106,200
0,2023-03-16 07:43:48.981157,Public,0.005105,200
0,2023-03-16 07:43:49.087493,Public,0.004974,200
0,2023-03-16 07:43:49.193527,Public,0.004698,200
0,2023-03-16 07:43:49.299524,Public,0.004699,200
0,2023-03-16 07:43:49.406723,Public,0.005854,200
0,2023-03-16 07:43:49.512900,Public,0.004862,200
0,2023-03-16 07:43:49.619179,Public,0.004947,200
0,2023-03-16 07:43:49.725393,Public,0.004869,200
0,2023-03-16 07:43:49.831620,Public,0.004852,200
0,2023-03-16 07:43:49.941673,Public,0.008458,200
0,2023-03-16 07:43:50.050729,Public,0.007135,200
0,2023-03-16 07:43:50.157205,Public,0.004798,200
0,2023-03-16 07:43:50.263470,Public,0.004969,200
0,2023-03-16 07:43:50.382461,Public,0.016599,200
0,2023-03-16 07:43:50.504315,Public,0.017902,200
0,2023-03-16 07:43:50.612198,Public,0.004923,200
0,2023-03-16 07:43:50.718362,Public,0.004794,200
0,2023-03-16 07:43:50.831951,Public,0.011641,200
0,2023-03-16 07:43:50.939096,Public,0.00503,200
0,2023-03-16 07:43:51.045309,Public,0.004836,200
0,2023-03-16 07:43:51.151428,Public,0.004819,200
0,2023-03-16 07:43:51.257699,Public,0.004911,200
0,2023-03-16 07:43:51.364998,Public,0.005725,200
0,2023-03-16 07:43:51.471146,Public,0.004836,200
0,2023-03-16 07:43:51.583558,Public,0.010527,200
0,2023-03-16 07:43:51.690590,Public,0.005205,200
0,2023-03-16 07:43:51.796803,Public,0.004818,200
0,2023-03-16 07:43:51.903068,Public,0.004905,200
0,2023-03-16 07:43:52.009318,Public,0.004884,200
0,2023-03-16 07:43:52.115504,Public,0.004874,200
0,2023-03-16 07:43:52.221839,Public,0.00496,200
0,2023-03-16 07:43:52.328026,Public,0.004867,200
0,2023-03-16 07:43:52.434258,Public,0.004843,200
0,2023-03-16 07:43:52.540495,Public,0.004933,200
0,2023-03-16 07:43:52.646606,Public,0.004766,200
0,2023-03-16 07:43:52.753184,Public,0.005211,200
0,2023-03-16 07:43:52.859285,Public,0.00475,200
0,2023-03-16 07:43:52.965736,Public,0.005071,200
0,2023-03-16 07:43:53.072367,Public,0.005171,200
0,2023-03-16 07:43:53.178559,Public,0.004889,200
0,2023-03-16 07:43:53.285755,Public,0.00584,200
0,2023-03-16 07:43:53.392592,Public,0.005488,200
0,2023-03-16 07:43:53.498831,Public,0.004877,200
0,2023-03-16 07:43:53.605243,Public,0.005034,200
0,2023-03-16 07:43:53.711523,Public,0.004956,200
0,2023-03-16 07:43:53.817766,Public,0.004874,200
0,2023-03-16 07:43:53.923973,Public,0.004869,200
0,2023-03-16 07:43:54.030207,Public,0.004916,200
0,2023-03-16 07:43:54.136401,Public,0.004871,200
0,2023-03-16 07:43:54.243991,Public,0.006267,200
0,2023-03-16 07:43:54.350506,Public,0.005102,200
0,2023-03-16 07:43:54.456975,Public,0.005028,200
0,2023-03-16 07:43:54.563149,Public,0.004795,200
0,2023-03-16 07:43:54.669256,Public,0.004735,200
0,2023-03-16 07:43:54.776265,Public,0.005647,200
0,2023-03-16 07:43:54.882988,Public,0.005157,200
0,2023-03-16 07:43:54.989767,Public,0.005301,200
0,2023-03-16 07:43:55.096715,Public,0.005518,200
0,2023-03-16 07:43:55.203012,Public,0.004973,200
0,2023-03-16 07:43:55.309247,Public,0.00491,200
0,2023-03-16 07:43:55.415495,Public,0.004909,200
0,2023-03-16 07:43:55.530106,Public,0.012354,200
0,2023-03-16 07:43:55.637007,Public,0.005306,200
0,2023-03-16 07:43:55.743588,Public,0.004967,200
0,2023-03-16 07:43:55.850142,Public,0.005162,200
0,2023-03-16 07:43:55.956202,Public,0.004769,200
0,2023-03-16 07:43:56.062373,Public,0.004832,200
0,2023-03-16 07:43:56.171783,Public,0.007832,200
0,2023-03-16 07:43:56.278278,Public,0.004854,200
0,2023-03-16 07:43:56.386925,Public,0.007061,200
0,2023-03-16 07:43:56.493276,Public,0.004978,200
0,2023-03-16 07:43:56.601943,Public,0.00714,200
0,2023-03-16 07:43:56.708044,Public,0.004569,200
0,2023-03-16 07:43:56.814145,Public,0.004801,200
0,2023-03-16 07:43:56.921379,Public,0.005795,200
0,2023-03-16 07:43:57.027953,Public,0.005125,200
0,2023-03-16 07:43:57.134368,Public,0.004996,200
0,2023-03-16 07:43:57.240740,Public,0.005033,200
0,2023-03-16 07:43:57.346867,Public,0.004785,200
0,2023-03-16 07:43:57.453630,Public,0.005425,200
0,2023-03-16 07:43:57.560414,Public,0.00543,200
0,2023-03-16 07:43:57.666365,Public,0.004647,200
0,2023-03-16 07:43:57.773468,Public,0.005556,200
0,2023-03-16 07:43:57.879831,Public,0.004817,200
0,2023-03-16 07:43:57.986408,Public,0.005229,200
0,2023-03-16 07:43:58.092316,Public,0.004611,200
0,2023-03-16 07:43:58.198496,Public,0.004862,200
0,2023-03-16 07:43:58.317018,Public,0.01632,200
0,2023-03-16 07:43:58.425913,Public,0.005971,200
0,2023-03-16 07:43:58.532280,Public,0.005008,200
0,2023-03-16 07:43:58.638432,Public,0.004826,200
0,2023-03-16 07:43:58.744772,Public,0.004958,200
0,2023-03-16 07:43:58.851903,Public,0.005682,200
0,2023-03-16 07:43:58.962593,Public,0.009065,200
0,2023-03-16 07:43:59.069731,Public,0.005728,200
0,2023-03-16 07:43:59.178193,Public,0.006907,200
0,2023-03-16 07:43:59.286213,Public,0.006387,200
0,2023-03-16 07:43:59.393539,Public,0.005772,200
0,2023-03-16 07:43:59.510539,Public,0.015532,200
0,2023-03-16 07:43:59.619562,Public,0.007617,200
0,2023-03-16 07:43:59.726532,Public,0.005562,200
0,2023-03-16 07:43:59.833016,Public,0.005069,200
0,2023-03-16 07:43:59.939960,Public,0.005586,200
0,2023-03-16 07:44:00.046385,Public,0.0051,200
0,2023-03-16 07:44:00.152501,Public,0.004786,200
0,2023-03-16 07:44:00.258905,Public,0.00505,200
0,2023-03-16 07:44:00.365816,Public,0.005505,200
0,2023-03-16 07:44:00.472480,Public,0.00526,200
0,2023-03-16 07:44:00.579616,Public,0.005789,200
0,2023-03-16 07:44:00.685957,Public,0.004919,200
0,2023-03-16 07:44:00.792072,Public,0.004796,200
0,2023-03-16 07:44:00.898355,Public,0.004979,200
0,2023-03-16 07:44:01.004922,Public,0.00524,200
0,2023-03-16 07:44:01.111128,Public,0.004887,200
0,2023-03-16 07:44:01.217445,Public,0.004958,200
0,2023-03-16 07:44:01.323920,Public,0.005034,200
0,2023-03-16 07:44:01.430152,Public,0.004901,200
0,2023-03-16 07:44:01.536389,Public,0.004924,200
0,2023-03-16 07:44:01.643676,Public,0.00574,200
0,2023-03-16 07:44:01.750931,Public,0.005606,200
0,2023-03-16 07:44:01.857392,Public,0.00506,200
0,2023-03-16 07:44:01.963653,Public,0.004921,200
0,2023-03-16 07:44:02.072265,Public,0.007085,200
0,2023-03-16 07:44:02.179390,Public,0.005316,200
0,2023-03-16 07:44:02.285660,Public,0.004855,200
0,2023-03-16 07:44:02.391880,Public,0.004896,200
0,2023-03-16 07:44:02.498323,Public,0.005044,200
0,2023-03-16 07:44:02.604521,Public,0.004873,200
0,2023-03-16 07:44:02.711632,Public,0.005718,200
0,2023-03-16 07:44:02.817942,Public,0.004974,200
0,2023-03-16 07:44:02.924872,Public,0.005471,200
0,2023-03-16 07:44:03.031033,Public,0.00475,200
0,2023-03-16 07:44:03.137845,Public,0.005426,200
0,2023-03-16 07:44:03.244592,Public,0.005373,200
0,2023-03-16 07:44:03.351364,Public,0.005435,200
0,2023-03-16 07:44:03.458774,Public,0.005953,200
0,2023-03-16 07:44:03.565153,Public,0.004973,200
0,2023-03-16 07:44:03.671338,Public,0.004834,200
0,2023-03-16 07:44:03.777385,Public,0.00469,200
0,2023-03-16 07:44:03.883565,Public,0.004843,200
0,2023-03-16 07:44:03.990016,Public,0.005098,200
0,2023-03-16 07:44:04.096123,Public,0.004768,200
0,2023-03-16 07:44:04.202217,Public,0.004784,200
0,2023-03-16 07:44:04.309194,Public,0.005485,200
0,2023-03-16 07:44:04.415607,Public,0.004854,200
0,2023-03-16 07:44:04.521899,Public,0.004976,200
0,2023-03-16 07:44:04.628005,Public,0.004783,200
0,2023-03-16 07:44:04.734322,Public,0.004949,200
0,2023-03-16 07:44:04.844519,Public,0.008811,200
0,2023-03-16 07:44:04.950754,Public,0.004868,200
0,2023-03-16 07:44:05.058442,Public,0.006352,200
0,2023-03-16 07:44:05.165185,Public,0.005362,200
0,2023-03-16 07:44:05.271913,Public,0.005343,200
0,2023-03-16 07:44:05.378262,Public,0.004892,200
0,2023-03-16 07:44:05.484782,Public,0.005193,200
0,2023-03-16 07:44:05.591958,Public,0.005792,200
0,2023-03-16 07:44:05.698083,Public,0.004777,200
0,2023-03-16 07:44:05.804221,Public,0.004812,200
0,2023-03-16 07:44:05.910301,Public,0.004759,200
0,2023-03-16 07:44:06.016765,Public,0.005113,200
0,2023-03-16 07:44:06.124417,Public,0.006133,200
0,2023-03-16 07:44:06.231316,Public,0.005452,200
0,2023-03-16 07:44:06.338244,Public,0.005494,200
0,2023-03-16 07:44:06.444552,Public,0.005003,200
0,2023-03-16 07:44:06.550996,Public,0.005095,200
0,2023-03-16 07:44:06.657117,Public,0.004746,200
0,2023-03-16 07:44:06.774765,Public,0.015296,200
0,2023-03-16 07:44:06.881981,Public,0.004781,200
0,2023-03-16 07:44:06.988187,Public,0.004821,200
0,2023-03-16 07:44:07.095618,Public,0.005971,200
0,2023-03-16 07:44:07.202218,Public,0.004909,200
0,2023-03-16 07:44:07.308240,Public,0.004702,200
0,2023-03-16 07:44:07.414489,Public,0.004918,200
0,2023-03-16 07:44:07.520795,Public,0.004968,200
0,2023-03-16 07:44:07.627127,Public,0.005016,200
0,2023-03-16 07:44:07.733378,Public,0.004798,200
0,2023-03-16 07:44:07.839403,Public,0.004689,200
0,2023-03-16 07:44:07.946015,Public,0.005218,200
0,2023-03-16 07:44:08.053041,Public,0.005529,200
0,2023-03-16 07:44:08.159397,Public,0.004916,200
0,2023-03-16 07:44:08.265538,Public,0.004796,200
0,2023-03-16 07:44:08.372238,Public,0.005363,200
0,2023-03-16 07:44:08.478253,Public,0.004702,200
0,2023-03-16 07:44:08.584247,Public,0.004693,200
0,2023-03-16 07:44:08.690437,Public,0.004884,200
0,2023-03-16 07:44:08.796500,Public,0.004739,200
0,2023-03-16 07:44:08.903792,Public,0.005672,200
0,2023-03-16 07:44:09.010381,Public,0.005057,200
0,2023-03-16 07:44:09.116755,Public,0.005026,200
0,2023-03-16 07:44:09.224095,Public,0.005901,200
0,2023-03-16 07:44:09.330330,Public,0.004834,200
0,2023-03-16 07:44:09.437434,Public,0.005728,200
0,2023-03-16 07:44:09.543575,Public,0.00477,200
0,2023-03-16 07:44:09.649819,Public,0.004904,200
0,2023-03-16 07:44:09.756502,Public,0.005326,200
0,2023-03-16 07:44:09.862842,Public,0.004962,200
0,2023-03-16 07:44:09.970517,Public,0.006289,200
0,2023-03-16 07:44:10.076942,Public,0.004914,200
0,2023-03-16 07:44:10.183078,Public,0.004805,200
0,2023-03-16 07:44:10.289333,Public,0.004909,200
0,2023-03-16 07:44:10.395831,Public,0.00513,200
0,2023-03-16 07:44:10.501917,Public,0.004774,200
0,2023-03-16 07:44:10.608586,Public,0.00526,200
0,2023-03-16 07:44:10.714796,Public,0.004833,200
0,2023-03-16 07:44:10.823161,Public,0.006773,200
0,2023-03-16 07:44:10.930049,Public,0.005013,200
0,2023-03-16 07:44:11.036271,Public,0.00488,200
0,2023-03-16 07:44:11.142317,Public,0.004714,200
0,2023-03-16 07:44:11.250828,Public,0.007149,200
0,2023-03-16 07:44:11.357070,Public,0.004903,200
0,2023-03-16 07:44:11.463487,Public,0.00509,200
0,2023-03-16 07:44:11.572028,Public,0.006946,200
0,2023-03-16 07:44:11.686625,Cart (POST),0.013072,201
0,2023-03-16 07:44:11.697357,Cart (POST),0.009589,201
0,2023-03-16 07:44:11.707576,Cart (POST),0.009104,201
0,2023-03-16 07:44:11.718029,Cart (POST),0.00929,201
0,2023-03-16 07:44:11.728442,Cart (POST),0.009276,201
0,2023-03-16 07:44:11.779852,Cart (GET),0.004238,200
0,2023-03-16 07:44:11.793620,Cart (POST),0.012561,201
0,2023-03-16 07:44:11.803492,Cart (POST),0.008744,201
0,2023-03-16 07:44:11.816412,Cart (POST),0.011724,201
0,2023-03-16 07:44:11.826826,Cart (POST),0.009275,201
0,2023-03-16 07:44:11.837896,Cart (POST),0.009907,201
0,2023-03-16 07:44:11.883853,Cart (GET),0.004566,200
0,2023-03-16 07:44:11.902989,Cart (POST),0.017907,201
0,2023-03-16 07:44:11.914704,Cart (POST),0.010564,201
0,2023-03-16 07:44:11.931829,Cart (POST),0.01591,201
0,2023-03-16 07:44:11.943831,Cart (POST),0.010711,201
0,2023-03-16 07:44:11.954177,Cart (POST),0.009215,201
0,2023-03-16 07:44:11.999808,Cart (GET),0.003991,200
0,2023-03-16 07:44:12.012583,Cart (POST),0.011566,201
0,2023-03-16 07:44:12.022095,Cart (POST),0.008424,201
0,2023-03-16 07:44:12.031355,Cart (POST),0.008178,201
0,2023-03-16 07:44:12.040763,Cart (POST),0.008259,201
0,2023-03-16 07:44:12.050261,Cart (POST),0.00843,201
0,2023-03-16 07:44:12.099757,Cart (GET),0.003514,200
