"Time","cattle-fleet-local-system","cattle-fleet-system","cattle-monitoring-system","cattle-system","cert-manager","cilium-monitoring","default","falco","kube-system","longhorn-system","sock-shop"
2023-03-11 08:00:00,1460,1379,4250,1989,167,3523,0,77.9,4300,84.7,557
2023-03-11 08:02:00,1460,1379,4250,1989,167,3523,0,77.9,4300,84.7,557
2023-03-11 08:04:00,1460,1379,4250,1989,167,3523,0,77.9,4300,84.7,557
2023-03-11 08:06:00,1388,1358,5089,1957,151,3033,0.0467,92.3,4805,80.8,1446
2023-03-11 08:08:00,1388,1358,5089,1957,151,3033,0.0467,92.3,4805,80.8,1446
2023-03-11 08:10:00,1357,1340,4493,1863,140,3004,0.0933,81.0,5169,86.0,559
2023-03-11 08:12:00,1357,1340,4493,1863,140,3004,0.0933,81.0,5169,86.0,559
2023-03-11 08:14:00,1357,1340,4493,1863,140,3004,0.0933,81.0,5169,86.0,559
2023-03-11 08:16:00,1375,1352,7546,2294,174,2949,0.0933,82.3,7692,89.9,1460
2023-03-11 08:18:00,1375,1352,7546,2294,174,2949,0.0933,82.3,7692,89.9,1460
2023-03-11 08:20:00,1357,1349,4242,1988,151,2986,0,95.7,4328,84.7,560
2023-03-11 08:22:00,1357,1349,4242,1988,151,2986,0,95.7,4328,84.7,560
2023-03-11 08:24:00,1357,1349,4242,1988,151,2986,0,95.7,4328,84.7,560
2023-03-11 08:26:00,1765,1344,5506,1946,149,2913,0,87.4,5195,89.8,1469
2023-03-11 08:28:00,1765,1344,5506,1946,149,2913,0,87.4,5195,89.8,1469
2023-03-11 08:30:00,1438,1343,4796,2026,162,2812,0,87.4,5663,86.4,559
2023-03-11 08:32:00,1438,1343,4796,2026,162,2812,0,87.4,5663,86.4,559
2023-03-11 08:34:00,1438,1343,4796,2026,162,2812,0,87.4,5663,86.4,559
2023-03-11 08:36:00,1386,1351,7359,2044,181,2999,0,75.9,7453,89.5,1466
2023-03-11 08:38:00,1386,1351,7359,2044,181,2999,0,75.9,7453,89.5,1466
2023-03-11 08:40:00,1345,1372,4239,2096,148,2976,0.0467,78.4,4924,86.5,566
2023-03-11 08:42:00,1345,1372,4239,2096,148,2976,0.0467,78.4,4924,86.5,566
2023-03-11 08:44:00,1345,1372,4239,2096,148,2976,0.0467,78.4,4924,86.5,566
2023-03-11 08:46:00,1776,1376,5484,1951,146,3214,0.0933,85.4,5314,86.4,1445
2023-03-11 08:48:00,1776,1376,5484,1951,146,3214,0.0933,85.4,5314,86.4,1445
2023-03-11 08:50:00,1388,1335,4307,1872,168,2980,0.0467,68.2,4575,84.6,560
2023-03-11 08:52:00,1388,1335,4307,1872,168,2980,0.0467,68.2,4575,84.6,560
2023-03-11 08:54:00,1388,1335,4307,1872,168,2980,0.0467,68.2,4575,84.6,560
2023-03-11 08:56:00,1390,1315,4983,1986,138,2941,0.0467,91.5,4971,86.3,1481
2023-03-11 08:58:00,1390,1315,4983,1986,138,2941,0.0467,91.5,4971,86.3,1481
2023-03-11 09:00:00,1451,1352,4279,1865,144,2594,0,79.5,4376,81.8,563
2023-03-11 09:02:00,1451,1352,4279,1865,144,2594,0,79.5,4376,81.8,563
2023-03-11 09:04:00,1451,1352,4279,1865,144,2594,0,79.5,4376,81.8,563
2023-03-11 09:06:00,1711,1343,5252,1966,164,3357,0,93.9,5448,86.0,1451
2023-03-11 09:08:00,1711,1343,5252,1966,164,3357,0,93.9,5448,86.0,1451
2023-03-11 09:10:00,1402,1357,4201,1886,162,2977,0,89.9,4540,82.6,570
2023-03-11 09:12:00,1402,1357,4201,1886,162,2977,0,89.9,4540,82.6,570
2023-03-11 09:14:00,1402,1357,4201,1886,162,2977,0,89.9,4540,82.6,570
2023-03-11 09:16:00,1361,1338,5075,1965,142,2934,0,75.8,5275,84.8,1453
2023-03-11 09:18:00,1361,1338,5075,1965,142,2934,0,75.8,5275,84.8,1453
2023-03-11 09:20:00,1356,1382,4321,1923,165,3068,0,74.8,4300,87.2,570
2023-03-11 09:22:00,1356,1382,4321,1923,165,3068,0,74.8,4300,87.2,570
2023-03-11 09:24:00,1356,1382,4321,1923,165,3068,0,74.8,4300,87.2,570
2023-03-11 09:26:00,1750,1319,5323,1868,141,2969,0,87.7,5595,84.7,1450
2023-03-11 09:28:00,1750,1319,5323,1868,141,2969,0,87.7,5595,84.7,1450
2023-03-11 09:30:00,1451,1363,4119,1995,160,2978,0,79.7,4323,85.5,559
2023-03-11 09:32:00,1451,1363,4119,1995,160,2978,0,79.7,4323,85.5,559
2023-03-11 09:34:00,1451,1363,4119,1995,160,2978,0,79.7,4323,85.5,559
2023-03-11 09:36:00,1383,1315,5155,1921,156,2649,0,85.6,5553,82.6,1457
2023-03-11 09:38:00,1383,1315,5155,1921,156,2649,0,85.6,5553,82.6,1457
2023-03-11 09:40:00,1759,1382,4508,1934,154,2938,0.0933,82.1,4354,82.5,584
2023-03-11 09:42:00,1759,1382,4508,1934,154,2938,0.0933,82.1,4354,82.5,584
2023-03-11 09:44:00,1759,1382,4508,1934,154,2938,0.0933,82.1,4354,82.5,584
2023-03-11 09:46:00,1315,1339,4902,1908,152,2961,0,88.0,5433,86.5,1445
2023-03-11 09:48:00,1315,1339,4902,1908,152,2961,0,88.0,5433,86.5,1445
2023-03-11 09:50:00,1428,1332,4084,1934,154,2989,0.0933,76.8,4282,83.3,579
2023-03-11 09:52:00,1428,1332,4084,1934,154,2989,0.0933,76.8,4282,83.3,579
2023-03-11 09:54:00,1428,1332,4084,1934,154,2989,0.0933,76.8,4282,83.3,579
2023-03-11 09:56:00,1349,1313,5231,1895,144,3280,0,85.8,5282,84.4,1445
2023-03-11 09:58:00,1349,1313,5231,1895,144,3280,0,85.8,5282,84.4,1445
2023-03-11 10:00:00,1825,1365,4643,1930,160,3033,0.0467,85.5,4869,86.6,574
2023-03-11 10:02:00,1825,1365,4643,1930,160,3033,0.0467,85.5,4869,86.6,574
2023-03-11 10:04:00,1825,1365,4643,1930,160,3033,0.0467,85.5,4869,86.6,574
2023-03-11 10:06:00,1382,1359,4896,1944,151,2662,0,83.7,4971,86.2,1470
2023-03-11 10:08:00,1382,1359,4896,1944,151,2662,0,83.7,4971,86.2,1470
2023-03-11 10:10:00,1392,1326,4234,1946,139,3214,0,83.5,4585,84.5,546
2023-03-11 10:12:00,1392,1326,4234,1946,139,3214,0,83.5,4585,84.5,546
2023-03-11 10:14:00,1392,1326,4234,1946,139,3214,0,83.5,4585,84.5,546
2023-03-11 10:16:00,1745,1380,5288,1931,157,3068,0,77.5,5655,86.0,1464
2023-03-11 10:18:00,1745,1380,5288,1931,157,3068,0,77.5,5655,86.0,1464
2023-03-11 10:20:00,1304,1343,4429,1870,161,2583,0,79.9,4225,82.1,555
2023-03-11 10:22:00,1304,1343,4429,1870,161,2583,0,79.9,4225,82.1,555
2023-03-11 10:24:00,1304,1343,4429,1870,161,2583,0,79.9,4225,82.1,555
2023-03-11 10:26:00,1411,1353,5017,1722,146,3349,0,72.8,5284,83.3,1466
2023-03-11 10:28:00,1411,1353,5017,1722,146,3349,0,72.8,5284,83.3,1466
2023-03-11 10:30:00,1466,1352,4009,2068,142,2406,0,86.6,4322,84.0,566
2023-03-11 10:32:00,1466,1352,4009,2068,142,2406,0,86.6,4322,84.0,566
2023-03-11 10:34:00,1466,1352,4009,2068,142,2406,0,86.6,4322,84.0,566
2023-03-11 10:36:00,1311,1312,5365,1858,150,3622,0,82.5,5384,82.1,1465
2023-03-11 10:38:00,1311,1312,5365,1858,150,3622,0,82.5,5384,82.1,1465
2023-03-11 10:40:00,1779,1357,4233,1841,163,2922,0.0933,92.7,4269,89.3,560
2023-03-11 10:42:00,1779,1357,4233,1841,163,2922,0.0933,92.7,4269,89.3,560
2023-03-11 10:44:00,1779,1357,4233,1841,163,2922,0.0933,92.7,4269,89.3,560
2023-03-11 10:46:00,1351,1348,5240,1779,166,2993,0,83.8,5592,83.6,1458
2023-03-11 10:48:00,1351,1348,5240,1779,166,2993,0,83.8,5592,83.6,1458
2023-03-11 10:50:00,1371,1346,4076,1933,141,2660,0.0933,79.4,4079,84.8,573
2023-03-11 10:52:00,1371,1346,4076,1933,141,2660,0.0933,79.4,4079,84.8,573
2023-03-11 10:54:00,1371,1346,4076,1933,141,2660,0.0933,79.4,4079,84.8,573
2023-03-11 10:56:00,1433,1329,5125,1974,166,3241,0,83.2,5248,89.4,1451
2023-03-11 10:58:00,1433,1329,5125,1974,166,3241,0,83.2,5248,89.4,1451
2023-03-11 11:00:00,1794,1396,4581,1893,148,2444,0,83.6,4943,83.4,575
2023-03-11 11:02:00,1794,1396,4581,1893,148,2444,0,83.6,4943,83.4,575
2023-03-11 11:04:00,1794,1396,4581,1893,148,2444,0,83.6,4943,83.4,575
2023-03-11 11:06:00,1359,1343,4945,1943,146,3540,0.0467,81.7,5211,83.8,1469
2023-03-11 11:08:00,1359,1343,4945,1943,146,3540,0.0467,81.7,5211,83.8,1469
2023-03-11 11:10:00,1393,1323,4070,1940,140,2612,0,83.3,4034,84.5,552
2023-03-11 11:12:00,1393,1323,4070,1940,140,2612,0,83.3,4034,84.5,552
2023-03-11 11:14:00,1393,1323,4070,1940,140,2612,0,83.3,4034,84.5,552
2023-03-11 11:16:00,1746,1333,5590,1936,172,3318,0,84.4,5604,84.7,1465
2023-03-11 11:18:00,1746,1333,5590,1936,172,3318,0,84.4,5604,84.7,1465
2023-03-11 11:20:00,1388,1371,4152,1948,148,2665,0,73.3,4291,84.1,555
2023-03-11 11:22:00,1388,1371,4152,1948,148,2665,0,73.3,4291,84.1,555
2023-03-11 11:24:00,1388,1371,4152,1948,148,2665,0,73.3,4291,84.1,555
2023-03-11 11:26:00,1361,1333,4804,1898,153,3327,0,89.7,5461,83.8,1472
2023-03-11 11:28:00,1361,1333,4804,1898,153,3327,0,89.7,5461,83.8,1472
2023-03-11 11:30:00,1447,1343,4191,1933,161,3003,0,77.8,3795,81.8,554
2023-03-11 11:32:00,1447,1343,4191,1933,161,3003,0,77.8,3795,81.8,554
2023-03-11 11:34:00,1447,1343,4191,1933,161,3003,0,77.8,3795,81.8,554
2023-03-11 11:36:00,1360,1353,5016,1956,137,2992,0,87.2,5722,83.3,1447
2023-03-11 11:38:00,1360,1353,5016,1956,137,2992,0,87.2,5722,83.3,1447
2023-03-11 11:40:00,1728,1347,4550,1903,167,2328,0.0467,88.7,4916,89.0,571
2023-03-11 11:42:00,1728,1347,4550,1903,167,2328,0.0467,88.7,4916,89.0,571
2023-03-11 11:44:00,1728,1347,4550,1903,167,2328,0.0467,88.7,4916,89.0,571
2023-03-11 11:46:00,1378,1350,5417,1905,147,2983,0.0933,81.9,5017,83.2,1464
2023-03-11 11:48:00,1378,1350,5417,1905,147,2983,0.0933,81.9,5017,83.2,1464
2023-03-11 11:50:00,1401,1334,4013,1926,148,3313,0,75.1,4329,86.6,575
2023-03-11 11:52:00,1401,1334,4013,1926,148,3313,0,75.1,4329,86.6,575
2023-03-11 11:54:00,1401,1334,4013,1926,148,3313,0,75.1,4329,86.6,575
2023-03-11 11:56:00,1377,1352,4910,1947,155,3281,0.0467,86.3,5487,83.6,1441
2023-03-11 11:58:00,1377,1352,4910,1947,155,3281,0.0467,86.3,5487,83.6,1441
2023-03-11 12:00:00,1769,1354,4656,1926,151,2696,0,81.0,4702,87.0,575
2023-03-11 12:02:00,1769,1354,4656,1926,151,2696,0,81.0,4702,87.0,575
2023-03-11 12:04:00,1769,1354,4656,1926,151,2696,0,81.0,4702,87.0,575
2023-03-11 12:06:00,1402,1339,4666,1917,135,3163,0,85.7,4627,82.9,1443
2023-03-11 12:08:00,1402,1339,4666,1917,135,3163,0,85.7,4627,82.9,1443
2023-03-11 12:10:00,1396,1355,4740,1921,176,2809,0.0467,81.5,4944,85.7,580
2023-03-11 12:12:00,1396,1355,4740,1921,176,2809,0.0467,81.5,4944,85.7,580
2023-03-11 12:14:00,1396,1355,4740,1921,176,2809,0.0467,81.5,4944,85.7,580
2023-03-11 12:16:00,1389,1343,4800,1901,142,3212,0,79.1,4827,86.3,1429
2023-03-11 12:18:00,1389,1343,4800,1901,142,3212,0,79.1,4827,86.3,1429
2023-03-11 12:20:00,1329,1341,4230,1908,166,2963,0,83.2,4753,84.2,585
2023-03-11 12:22:00,1329,1341,4230,1908,166,2963,0,83.2,4753,84.2,585
2023-03-11 12:24:00,1329,1341,4230,1908,166,2963,0,83.2,4753,84.2,585
2023-03-11 12:26:00,1704,1333,5628,1955,131,2998,0,88.2,5647,82.7,1454
2023-03-11 12:28:00,1704,1333,5628,1955,131,2998,0,88.2,5647,82.7,1454
2023-03-11 12:30:00,1491,1357,4076,1907,172,2933,0,83.5,4347,87.9,572
2023-03-11 12:32:00,1491,1357,4076,1907,172,2933,0,83.5,4347,87.9,572
2023-03-11 12:34:00,1491,1357,4076,1907,172,2933,0,83.5,4347,87.9,572
2023-03-11 12:36:00,1380,1346,4689,1933,155,2965,0,80.8,5283,86.4,1329
2023-03-11 12:38:00,1380,1346,4689,1933,155,2965,0,80.8,5283,86.4,1329
2023-03-11 12:40:00,1332,1363,5036,1918,153,3014,0,87.8,4632,85.0,692
2023-03-11 12:42:00,1332,1363,5036,1918,153,3014,0,87.8,4632,85.0,692
2023-03-11 12:44:00,1332,1363,5036,1918,153,3014,0,87.8,4632,85.0,692
2023-03-11 12:46:00,1783,1304,4913,1917,143,2753,0,79.8,4648,84.2,986
2023-03-11 12:48:00,1783,1304,4913,1917,143,2753,0,79.8,4648,84.2,986
2023-03-11 12:50:00,1399,1363,4120,1873,162,2597,0.187,72.6,4609,84.7,1055
2023-03-11 12:52:00,1399,1363,4120,1873,162,2597,0.187,72.6,4609,84.7,1055
2023-03-11 12:54:00,1399,1363,4120,1873,162,2597,0.187,72.6,4609,84.7,1055
2023-03-11 12:56:00,1367,1337,5052,1900,150,3516,0,77.7,5434,84.3,903
2023-03-11 12:58:00,1367,1337,5052,1900,150,3516,0,77.7,5434,84.3,903
2023-03-11 13:00:00,1825,1381,4640,1992,146,3080,0,83.5,4515,86.0,1127
2023-03-11 13:02:00,1825,1381,4640,1992,146,3080,0,83.5,4515,86.0,1127
2023-03-11 13:04:00,1825,1381,4640,1992,146,3080,0,83.5,4515,86.0,1127
2023-03-11 13:06:00,1366,1325,4914,1899,161,2694,0,84.6,4904,83.3,840
2023-03-11 13:08:00,1366,1325,4914,1899,161,2694,0,84.6,4904,83.3,840
2023-03-11 13:10:00,1385,1349,4408,1931,152,3173,0.0467,83.9,4516,86.6,1177
2023-03-11 13:12:00,1385,1349,4408,1931,152,3173,0.0467,83.9,4516,86.6,1177
2023-03-11 13:14:00,1385,1349,4408,1931,152,3173,0.0467,83.9,4516,86.6,1177
2023-03-11 13:16:00,1370,1372,4877,1840,152,2783,0,84.7,5008,82.0,620
2023-03-11 13:18:00,1370,1372,4877,1840,152,2783,0,84.7,5008,82.0,620
2023-03-11 13:20:00,1388,1335,4331,2001,139,2877,0,79.4,5174,84.8,1402
2023-03-11 13:22:00,1388,1335,4331,2001,139,2877,0,79.4,5174,84.8,1402
2023-03-11 13:24:00,1388,1335,4331,2001,139,2877,0,79.4,5174,84.8,1402
2023-03-11 13:26:00,1328,1331,4695,1853,153,3071,0,89.5,4764,82.8,562
2023-03-11 13:28:00,1328,1331,4695,1853,153,3071,0,89.5,4764,82.8,562
2023-03-11 13:30:00,1815,1364,4984,1969,166,3269,0,82.6,4840,86.6,1459
2023-03-11 13:32:00,1815,1364,4984,1969,166,3269,0,82.6,4840,86.6,1459
2023-03-11 13:34:00,1815,1364,4984,1969,166,3269,0,82.6,4840,86.6,1459
2023-03-11 13:36:00,1427,1345,4568,1943,138,2523,0,94.3,4579,84.9,565
2023-03-11 13:38:00,1427,1345,4568,1943,138,2523,0,94.3,4579,84.9,565
2023-03-11 13:40:00,1349,1354,4527,1932,167,3408,0,79.0,5317,84.8,1454
2023-03-11 13:42:00,1349,1354,4527,1932,167,3408,0,79.0,5317,84.8,1454
2023-03-11 13:44:00,1349,1354,4527,1932,167,3408,0,79.0,5317,84.8,1454
2023-03-11 13:46:00,1344,1334,4358,1907,152,2964,0.0933,78.3,4221,85.9,563
2023-03-11 13:48:00,1344,1334,4358,1907,152,2964,0.0933,78.3,4221,85.9,563
2023-03-11 13:50:00,1703,1354,5352,1911,155,3000,0.0933,78.5,5437,83.7,1484
2023-03-11 13:52:00,1703,1354,5352,1911,155,3000,0.0933,78.5,5437,83.7,1484
2023-03-11 13:54:00,1703,1354,5352,1911,155,3000,0.0933,78.5,5437,83.7,1484
2023-03-11 13:56:00,1438,1329,4230,1930,148,2942,0,90.0,4854,84.9,567
2023-03-11 13:58:00,1438,1329,4230,1930,148,2942,0,90.0,4854,84.9,567
2023-03-11 14:00:00,1451,1363,5009,1909,156,2994,0,81.2,5163,84.3,1448
2023-03-11 14:02:00,1451,1363,5009,1909,156,2994,0,81.2,5163,84.3,1448
2023-03-11 14:04:00,1451,1363,5009,1909,156,2994,0,81.2,5163,84.3,1448
2023-03-11 14:06:00,1731,1354,4740,1939,123,2931,0,89.7,4547,86.9,560
2023-03-11 14:08:00,1731,1354,4740,1939,123,2931,0,89.7,4547,86.9,560
2023-03-11 14:10:00,1382,1312,4980,1838,167,2669,0.0467,73.1,5007,85.9,1447
2023-03-11 14:12:00,1382,1312,4980,1838,167,2669,0.0467,73.1,5007,85.9,1447
2023-03-11 14:14:00,1382,1312,4980,1838,167,2669,0.0467,73.1,5007,85.9,1447
2023-03-11 14:16:00,1355,1399,4049,1941,168,3297,0,83.7,4590,83.3,582
2023-03-11 14:18:00,1355,1399,4049,1941,168,3297,0,83.7,4590,83.3,582
2023-03-11 14:20:00,1339,1321,5149,1912,138,3021,0,78.8,4996,85.9,1454
2023-03-11 14:22:00,1339,1321,5149,1912,138,3021,0,78.8,4996,85.9,1454
2023-03-11 14:24:00,1339,1321,5149,1912,138,3021,0,78.8,4996,85.9,1454
2023-03-11 14:26:00,1764,1355,4521,1842,152,2913,0,82.6,4413,86.8,564
2023-03-11 14:28:00,1764,1355,4521,1842,152,2913,0,82.6,4413,86.8,564
2023-03-11 14:30:00,1448,1321,4802,1938,164,2761,0,81.4,5782,85.8,1453
2023-03-11 14:32:00,1448,1321,4802,1938,164,2761,0,81.4,5782,85.8,1453
2023-03-11 14:34:00,1448,1321,4802,1938,164,2761,0,81.4,5782,85.8,1453
2023-03-11 14:36:00,1362,1380,4426,1715,140,3054,0,86.6,4279,85.7,563
2023-03-11 14:38:00,1362,1380,4426,1715,140,3054,0,86.6,4279,85.7,563
2023-03-11 14:40:00,1381,1304,5051,1992,167,3174,0,70.0,5373,87.6,1486
2023-03-11 14:42:00,1381,1304,5051,1992,167,3174,0,70.0,5373,87.6,1486
2023-03-11 14:44:00,1381,1304,5051,1992,167,3174,0,70.0,5373,87.6,1486
2023-03-11 14:46:00,1360,1348,4200,1835,155,2956,0.0467,85.7,4227,85.1,543
2023-03-11 14:48:00,1360,1348,4200,1835,155,2956,0.0467,85.7,4227,85.1,543
2023-03-11 14:50:00,1731,1339,5438,1782,150,2979,0.0467,87.5,5697,84.4,1482
2023-03-11 14:52:00,1731,1339,5438,1782,150,2979,0.0467,87.5,5697,84.4,1482
2023-03-11 14:54:00,1731,1339,5438,1782,150,2979,0.0467,87.5,5697,84.4,1482
2023-03-11 14:56:00,1360,1376,3928,1986,149,2964,0.0933,87.8,4032,87.5,551
2023-03-11 14:58:00,1360,1376,3928,1986,149,2964,0.0933,87.8,4032,87.5,551
2023-03-11 15:00:00,1481,1324,5196,1925,143,3055,0,85.5,5321,85.5,1454
2023-03-11 15:02:00,1481,1324,5196,1925,143,3055,0,85.5,5321,85.5,1454
2023-03-11 15:04:00,1481,1324,5196,1925,143,3055,0,85.5,5321,85.5,1454
2023-03-11 15:06:00,1374,1361,4398,1906,158,2973,0,81.6,4272,83.5,570
2023-03-11 15:08:00,1374,1361,4398,1906,158,2973,0,81.6,4272,83.5,570
2023-03-11 15:10:00,1340,1360,5001,1922,164,2974,0,85.7,5219,84.9,1455
2023-03-11 15:12:00,1340,1360,5001,1922,164,2974,0,85.7,5219,84.9,1455
2023-03-11 15:14:00,1340,1360,5001,1922,164,2974,0,85.7,5219,84.9,1455
2023-03-11 15:16:00,1391,1333,4267,1879,153,2981,0.0467,72.2,4419,82.0,579
2023-03-11 15:18:00,1391,1333,4267,1879,153,2981,0.0467,72.2,4419,82.0,579
2023-03-11 15:20:00,1776,1353,5117,1939,131,2879,0,90.1,5551,84.7,1471
2023-03-11 15:22:00,1776,1353,5117,1939,131,2879,0,90.1,5551,84.7,1471
2023-03-11 15:24:00,1776,1353,5117,1939,131,2879,0,90.1,5551,84.7,1471
2023-03-11 15:26:00,1333,1340,4356,1870,165,3073,0,77.2,4243,85.6,571
2023-03-11 15:28:00,1333,1340,4356,1870,165,3073,0,77.2,4243,85.6,571
2023-03-11 15:30:00,1485,1369,4990,1953,141,2367,0,78.1,5404,82.1,1447
2023-03-11 15:32:00,1485,1369,4990,1953,141,2367,0,78.1,5404,82.1,1447
2023-03-11 15:34:00,1485,1369,4990,1953,141,2367,0,78.1,5404,82.1,1447
2023-03-11 15:36:00,1373,1327,4398,1856,166,3588,0,86.7,4360,85.6,570
2023-03-11 15:38:00,1373,1327,4398,1856,166,3588,0,86.7,4360,85.6,570
2023-03-11 15:40:00,1359,1358,5020,1999,160,2335,0,80.5,5581,83.5,1434
2023-03-11 15:42:00,1359,1358,5020,1999,160,2335,0,80.5,5581,83.5,1434
2023-03-11 15:44:00,1359,1358,5020,1999,160,2335,0,80.5,5581,83.5,1434
2023-03-11 15:46:00,1401,1347,4075,1855,154,3232,0,84.9,3790,87.8,584
2023-03-11 15:48:00,1401,1347,4075,1855,154,3232,0,84.9,3790,87.8,584
2023-03-11 15:50:00,1737,1342,5286,1940,138,3117,0.0467,76.6,6094,85.1,1476
2023-03-11 15:52:00,1737,1342,5286,1940,138,3117,0.0467,76.6,6094,85.1,1476
2023-03-11 15:54:00,1737,1342,5286,1940,138,3117,0.0467,76.6,6094,85.1,1476
2023-03-11 15:56:00,1317,1367,4225,1953,160,2888,0.0933,84.7,4282,87.6,537
2023-03-11 15:58:00,1317,1367,4225,1953,160,2888,0.0933,84.7,4282,87.6,537
2023-03-11 16:00:00,1471,1328,5072,1864,156,3074,0,83.5,5325,85.4,1485
2023-03-11 16:02:00,1471,1328,5072,1864,156,3074,0,83.5,5325,85.4,1485
2023-03-11 16:04:00,1471,1328,5072,1864,156,3074,0,83.5,5325,85.4,1485
2023-03-11 16:06:00,1350,1327,4398,1904,132,3024,0.0467,87.4,4030,85.7,548
2023-03-11 16:08:00,1350,1327,4398,1904,132,3024,0.0467,87.4,4030,85.7,548
2023-03-11 16:10:00,1722,1372,5371,1981,169,2851,0.0467,81.4,5837,87.2,1460
2023-03-11 16:12:00,1722,1372,5371,1981,169,2851,0.0467,81.4,5837,87.2,1460
2023-03-11 16:14:00,1722,1372,5371,1981,169,2851,0.0467,81.4,5837,87.2,1460
2023-03-11 16:16:00,1418,1350,3950,1885,146,3241,0,75.1,4064,84.2,557
2023-03-11 16:18:00,1418,1350,3950,1885,146,3241,0,75.1,4064,84.2,557
2023-03-11 16:20:00,1405,1333,5303,1943,159,3080,0,89.9,5593,86.4,1471
2023-03-11 16:22:00,1405,1333,5303,1943,159,3080,0,89.9,5593,86.4,1471
2023-03-11 16:24:00,1405,1333,5303,1943,159,3080,0,89.9,5593,86.4,1471
2023-03-11 16:26:00,1377,1355,4264,1899,155,2609,0,81.3,4078,83.8,563
2023-03-11 16:28:00,1377,1355,4264,1899,155,2609,0,81.3,4078,83.8,563
2023-03-11 16:30:00,1383,1335,4910,1884,148,3010,0,81.9,5596,86.0,1463
2023-03-11 16:32:00,1383,1335,4910,1884,148,3010,0,81.9,5596,86.0,1463
2023-03-11 16:34:00,1383,1335,4910,1884,148,3010,0,81.9,5596,86.0,1463
2023-03-11 16:36:00,1376,1340,4468,2000,145,2914,0,85.3,4078,85.9,565
2023-03-11 16:38:00,1376,1340,4468,2000,145,2914,0,85.3,4078,85.9,565
2023-03-11 16:40:00,1760,1369,5110,1868,139,3366,0,90.3,5883,84.6,1464
2023-03-11 16:42:00,1760,1369,5110,1868,139,3366,0,90.3,5883,84.6,1464
2023-03-11 16:44:00,1760,1369,5110,1868,139,3366,0,90.3,5883,84.6,1464
2023-03-11 16:46:00,1337,1321,4406,1914,162,2960,0,70.3,4290,84.2,569
2023-03-11 16:48:00,1337,1321,4406,1914,162,2960,0,70.3,4290,84.2,569
2023-03-11 16:50:00,1402,1360,5043,1951,170,3015,0,90.2,5230,85.0,1465
2023-03-11 16:52:00,1402,1360,5043,1951,170,3015,0,90.2,5230,85.0,1465
2023-03-11 16:54:00,1402,1360,5043,1951,170,3015,0,90.2,5230,85.0,1465
2023-03-11 16:56:00,1382,1314,4144,1883,136,2959,0.0933,76.5,4398,83.8,559
2023-03-11 16:58:00,1382,1314,4144,1883,136,2959,0.0933,76.5,4398,83.8,559
2023-03-11 17:00:00,1420,1358,4955,1892,167,2413,0.0467,78.9,5056,85.4,1449
2023-03-11 17:02:00,1420,1358,4955,1892,167,2413,0.0467,78.9,5056,85.4,1449
2023-03-11 17:04:00,1420,1358,4955,1892,167,2413,0.0467,78.9,5056,85.4,1449
2023-03-11 17:06:00,1786,1350,4622,1902,153,3557,0,81.6,4533,83.4,571
2023-03-11 17:08:00,1786,1350,4622,1902,153,3557,0,81.6,4533,83.4,571
2023-03-11 17:10:00,1328,1378,5164,1898,154,2628,0,78.0,5672,84.5,1446
2023-03-11 17:12:00,1328,1378,5164,1898,154,2628,0,78.0,5672,84.5,1446
2023-03-11 17:14:00,1328,1378,5164,1898,154,2628,0,78.0,5672,84.5,1446
2023-03-11 17:16:00,1400,1344,4131,2005,132,3056,0.0933,94.6,4080,86.4,587
2023-03-11 17:18:00,1400,1344,4131,2005,132,3056,0.0933,94.6,4080,86.4,587
2023-03-11 17:20:00,1343,1355,5125,1909,168,2824,0,80.9,5290,86.0,1454
2023-03-11 17:22:00,1343,1355,5125,1909,168,2824,0,80.9,5290,86.0,1454
2023-03-11 17:24:00,1343,1355,5125,1909,168,2824,0,80.9,5290,86.0,1454
2023-03-11 17:26:00,1393,1330,4279,1905,157,3157,0,80.0,4280,85.9,548
2023-03-11 17:28:00,1393,1330,4279,1905,157,3157,0,80.0,4280,85.9,548
2023-03-11 17:30:00,2570,1779,6875,3149,149,2666,0,92.4,7401,89.4,1462
2023-03-11 17:32:00,2570,1779,6875,3149,149,2666,0,92.4,7401,89.4,1462
2023-03-11 17:34:00,2570,1779,6875,3149,149,2666,0,92.4,7401,89.4,1462
2023-03-11 17:36:00,1763,1345,4560,1856,163,3512,0,83.5,4697,82.6,563
2023-03-11 17:38:00,1763,1345,4560,1856,163,3512,0,83.5,4697,82.6,563
2023-03-11 17:40:00,1311,1356,5335,1969,134,2729,0,76.6,5617,94.0,1469
2023-03-11 17:42:00,1311,1356,5335,1969,134,2729,0,76.6,5617,94.0,1469
2023-03-11 17:44:00,1311,1356,5335,1969,134,2729,0,76.6,5617,94.0,1469
2023-03-11 17:46:00,1401,1349,4166,1921,174,3246,0,84.1,4266,85.2,564
2023-03-11 17:48:00,1401,1349,4166,1921,174,3246,0,84.1,4266,85.2,564
2023-03-11 17:50:00,1389,1329,5036,1923,140,2991,0,83.5,4982,84.3,1456
2023-03-11 17:52:00,1389,1329,5036,1923,140,2991,0,83.5,4982,84.3,1456
2023-03-11 17:54:00,1389,1329,5036,1923,140,2991,0,83.5,4982,84.3,1456
2023-03-11 17:56:00,1739,1369,4506,1915,158,2692,0,82.6,4730,83.0,565
2023-03-11 17:58:00,1739,1369,4506,1915,158,2692,0,82.6,4730,83.0,565
2023-03-11 18:00:00,1472,1365,5138,1917,137,3211,0.0933,84.1,5553,84.8,1453
2023-03-11 18:02:00,1472,1365,5138,1917,137,3211,0.0933,84.1,5553,84.8,1453
2023-03-11 18:04:00,1472,1365,5138,1917,137,3211,0.0933,84.1,5553,84.8,1453
2023-03-11 18:06:00,1292,1332,4282,1916,177,3005,0.0933,83.1,4077,87.0,572
2023-03-11 18:08:00,1292,1332,4282,1916,177,3005,0.0933,83.1,4077,87.0,572
2023-03-11 18:10:00,1414,1333,4979,1826,143,2742,0,79.2,5241,86.2,1452
2023-03-11 18:12:00,1414,1333,4979,1826,143,2742,0,79.2,5241,86.2,1452
2023-03-11 18:14:00,1414,1333,4979,1826,143,2742,0,79.2,5241,86.2,1452
2023-03-11 18:16:00,1408,1352,4280,2016,158,3240,0,84.2,4411,86.9,569
2023-03-11 18:18:00,1408,1352,4280,2016,158,3240,0,84.2,4411,86.9,569
2023-03-11 18:20:00,1743,1371,5360,1925,157,2958,0.0467,84.4,5835,86.8,1457
2023-03-11 18:22:00,1743,1371,5360,1925,157,2958,0.0467,84.4,5835,86.8,1457
2023-03-11 18:24:00,1743,1371,5360,1925,157,2958,0.0467,84.4,5835,86.8,1457
2023-03-11 18:26:00,1372,1317,3919,1846,152,2963,0,78.9,3975,84.0,571
2023-03-11 18:28:00,1372,1317,3919,1846,152,2963,0,78.9,3975,84.0,571
2023-03-11 18:30:00,1478,1336,5282,1873,131,2942,0,81.8,5322,84.4,1451
2023-03-11 18:32:00,1478,1336,5282,1873,131,2942,0,81.8,5322,84.4,1451
2023-03-11 18:34:00,1478,1336,5282,1873,131,2942,0,81.8,5322,84.4,1451
2023-03-11 18:36:00,1366,1351,4211,1906,142,2718,0,84.6,4337,83.7,572
2023-03-11 18:38:00,1366,1351,4211,1906,142,2718,0,84.6,4337,83.7,572
2023-03-11 18:40:00,1741,1339,5460,1748,183,2974,0,78.0,5962,87.0,1461
2023-03-11 18:42:00,1741,1339,5460,1748,183,2974,0,78.0,5962,87.0,1461
2023-03-11 18:44:00,1741,1339,5460,1748,183,2974,0,78.0,5962,87.0,1461
2023-03-11 18:46:00,1371,1374,4182,1902,145,3320,0,86.0,4275,87.0,566
2023-03-11 18:48:00,1371,1374,4182,1902,145,3320,0,86.0,4275,87.0,566
2023-03-11 18:50:00,1363,1328,4786,1918,146,2979,0,83.0,5010,84.4,1450
2023-03-11 18:52:00,1363,1328,4786,1918,146,2979,0,83.0,5010,84.4,1450
2023-03-11 18:54:00,1363,1328,4786,1918,146,2979,0,83.0,5010,84.4,1450
2023-03-11 18:56:00,1358,1371,4461,1768,145,2772,0.0467,85.1,4595,84.2,560
2023-03-11 18:58:00,1358,1371,4461,1768,145,2772,0.0467,85.1,4595,84.2,560
2023-03-11 19:00:00,1440,1365,4977,1996,176,2903,0.0467,77.6,5266,86.9,1463
2023-03-11 19:02:00,1440,1365,4977,1996,176,2903,0.0467,77.6,5266,86.9,1463
2023-03-11 19:04:00,1440,1365,4977,1996,176,2903,0.0467,77.6,5266,86.9,1463
2023-03-11 19:06:00,1768,1283,4562,1882,132,3009,0.0467,86.1,4637,84.8,572
2023-03-11 19:08:00,1768,1283,4562,1882,132,3009,0.0467,86.1,4637,84.8,572
2023-03-11 19:10:00,1388,1359,4806,1941,163,2925,0.0467,83.5,4716,86.3,1472
2023-03-11 19:12:00,1388,1359,4806,1941,163,2925,0.0467,83.5,4716,86.3,1472
2023-03-11 19:14:00,1388,1359,4806,1941,163,2925,0.0467,83.5,4716,86.3,1472
2023-03-11 19:16:00,1386,1374,4211,1906,157,3325,0,82.3,4593,85.3,562
2023-03-11 19:18:00,1386,1374,4211,1906,157,3325,0,82.3,4593,85.3,562
2023-03-11 19:20:00,1310,1326,5320,1912,149,2915,0.0467,81.3,5653,85.3,1440
2023-03-11 19:22:00,1310,1326,5320,1912,149,2915,0.0467,81.3,5653,85.3,1440
2023-03-11 19:24:00,1310,1326,5320,1912,149,2915,0.0467,81.3,5653,85.3,1440
2023-03-11 19:26:00,1825,1366,4420,1905,146,3040,0,73.7,4594,84.4,582
2023-03-11 19:28:00,1825,1366,4420,1905,146,3040,0,73.7,4594,84.4,582
2023-03-11 19:30:00,1431,1332,5319,1905,165,2651,0,96.5,5475,86.5,1434
2023-03-11 19:32:00,1431,1332,5319,1905,165,2651,0,96.5,5475,86.5,1434
2023-03-11 19:34:00,1431,1332,5319,1905,165,2651,0,96.5,5475,86.5,1434
2023-03-11 19:36:00,1397,1362,4295,1899,159,3227,0,88.1,4365,84.6,570
2023-03-11 19:38:00,1397,1362,4295,1899,159,3227,0,88.1,4365,84.6,570
2023-03-11 19:40:00,1339,1338,4915,1982,154,3025,0,78.0,5255,84.4,1467
2023-03-11 19:42:00,1339,1338,4915,1982,154,3025,0,78.0,5255,84.4,1467
2023-03-11 19:44:00,1339,1338,4915,1982,154,3025,0,78.0,5255,84.4,1467
2023-03-11 19:46:00,1742,1361,4548,1892,138,2736,0,83.6,4124,84.6,570
2023-03-11 19:48:00,1742,1361,4548,1892,138,2736,0,83.6,4124,84.6,570
2023-03-11 19:50:00,1383,1326,4750,1930,159,3229,0,81.9,5233,87.6,1446
2023-03-11 19:52:00,1383,1326,4750,1930,159,3229,0,81.9,5233,87.6,1446
2023-03-11 19:54:00,1383,1326,4750,1930,159,3229,0,81.9,5233,87.6,1446
2023-03-11 19:56:00,1386,1380,4650,1918,144,2961,0.0933,84.6,4687,85.3,574
2023-03-11 19:58:00,1386,1380,4650,1918,144,2961,0.0933,84.6,4687,85.3,574
2023-03-11 20:00:00,1844,1329,5300,1853,132,2921,0,84.3,5915,83.8,1172
2023-03-11 20:02:00,1844,1329,5300,1853,132,2921,0,84.3,5915,83.8,1172
2023-03-11 20:04:00,1844,1329,5300,1853,132,2921,0,84.3,5915,83.8,1172
2023-03-11 20:06:00,1310,1378,4273,1993,183,2701,0,82.1,4079,86.0,845
2023-03-11 20:08:00,1310,1378,4273,1993,183,2701,0,82.1,4079,86.0,845
2023-03-11 20:10:00,1394,1310,4964,1894,138,3262,0.0467,83.7,5478,83.2,1074
2023-03-11 20:12:00,1394,1310,4964,1894,138,3262,0.0467,83.7,5478,83.2,1074
2023-03-11 20:14:00,1394,1310,4964,1894,138,3262,0.0467,83.7,5478,83.2,1074
2023-03-11 20:16:00,1391,1367,4150,1920,155,2665,0.0467,81.4,4061,82.9,961
2023-03-11 20:18:00,1391,1367,4150,1920,155,2665,0.0467,81.4,4061,82.9,961
2023-03-11 20:20:00,1366,1358,5142,1932,161,3088,0.0467,77.9,5484,83.5,700
2023-03-11 20:22:00,1366,1358,5142,1932,161,3088,0.0467,77.9,5484,83.5,700
2023-03-11 20:24:00,1366,1358,5142,1932,161,3088,0.0467,77.9,5484,83.5,700
2023-03-11 20:26:00,1338,1326,4107,1892,161,3260,0,89.0,4432,83.9,1307
2023-03-11 20:28:00,1338,1326,4107,1892,161,3260,0,89.0,4432,83.9,1307
2023-03-11 20:30:00,1856,1363,5272,1872,151,2943,0,84.5,4888,85.4,911
2023-03-11 20:32:00,1856,1363,5272,1872,151,2943,0,84.5,4888,85.4,911
2023-03-11 20:34:00,1856,1363,5272,1872,151,2943,0,84.5,4888,85.4,911
2023-03-11 20:36:00,1378,1331,4388,1953,152,2961,0,78.8,5134,87.0,1108
2023-03-11 20:38:00,1378,1331,4388,1953,152,2961,0,78.8,5134,87.0,1108
2023-03-11 20:40:00,1381,1339,4969,1908,154,3033,0,79.1,5017,82.7,843
2023-03-11 20:42:00,1381,1339,4969,1908,154,3033,0,79.1,5017,82.7,843
2023-03-11 20:44:00,1381,1339,4969,1908,154,3033,0,79.1,5017,82.7,843
2023-03-11 20:46:00,1333,1345,4419,1923,144,2968,0,84.8,4655,84.0,1188
2023-03-11 20:48:00,1333,1345,4419,1923,144,2968,0,84.8,4655,84.0,1188
2023-03-11 20:50:00,1404,1372,4676,1904,150,2762,0,85.4,4326,85.4,570
2023-03-11 20:52:00,1404,1372,4676,1904,150,2762,0,85.4,4326,85.4,570
2023-03-11 20:54:00,1404,1372,4676,1904,150,2762,0,85.4,4326,85.4,570
2023-03-11 20:56:00,1765,1359,4900,1959,164,3199,0,80.0,5217,80.6,1461
2023-03-11 20:58:00,1765,1359,4900,1959,164,3199,0,80.0,5217,80.6,1461
2023-03-11 21:00:00,1437,1310,4189,1910,142,2914,0.0467,76.9,4703,86.1,575
2023-03-11 21:02:00,1437,1310,4189,1910,142,2914,0.0467,76.9,4703,86.1,575
2023-03-11 21:04:00,1437,1310,4189,1910,142,2914,0.0467,76.9,4703,86.1,575
2023-03-11 21:06:00,1355,1379,4954,1899,161,2738,0.0467,84.6,5249,83.4,1441
2023-03-11 21:08:00,1355,1379,4954,1899,161,2738,0.0467,84.6,5249,83.4,1441
2023-03-11 21:10:00,1379,1315,4673,1922,134,3247,0.0467,84.4,4288,85.1,561
2023-03-11 21:12:00,1379,1315,4673,1922,134,3247,0.0467,84.4,4288,85.1,561
2023-03-11 21:14:00,1379,1315,4673,1922,134,3247,0.0467,84.4,4288,85.1,561
2023-03-11 21:16:00,1810,1351,4953,1904,170,2947,0.0467,80.2,5646,87.3,1477
2023-03-11 21:18:00,1810,1351,4953,1904,170,2947,0.0467,80.2,5646,87.3,1477
2023-03-11 21:20:00,1311,1360,4271,1949,154,3016,0,81.0,4207,84.9,563
2023-03-11 21:22:00,1311,1360,4271,1949,154,3016,0,81.0,4207,84.9,563
2023-03-11 21:24:00,1311,1360,4271,1949,154,3016,0,81.0,4207,84.9,563
2023-03-11 21:26:00,1380,1343,5210,1925,123,3005,0.0467,91.4,5217,86.6,1465
2023-03-11 21:28:00,1380,1343,5210,1925,123,3005,0.0467,91.4,5217,86.6,1465
2023-03-11 21:30:00,1481,1337,4205,1871,171,2637,0,83.3,4759,85.5,564
2023-03-11 21:32:00,1481,1337,4205,1871,171,2637,0,83.3,4759,85.5,564
2023-03-11 21:34:00,1481,1337,4205,1871,171,2637,0,83.3,4759,85.5,564
2023-03-11 21:36:00,1724,1357,5109,1945,149,2968,0,73.5,5419,83.7,1457
2023-03-11 21:38:00,1724,1357,5109,1945,149,2968,0,73.5,5419,83.7,1457
2023-03-11 21:40:00,1438,1337,4270,1942,147,3321,0,89.3,4288,86.1,575
2023-03-11 21:42:00,1438,1337,4270,1942,147,3321,0,89.3,4288,86.1,575
2023-03-11 21:44:00,1438,1337,4270,1942,147,3321,0,89.3,4288,86.1,575
2023-03-11 21:46:00,1315,1365,5061,1895,173,2750,0,79.3,5403,85.1,1463
2023-03-11 21:48:00,1315,1365,5061,1895,173,2750,0,79.3,5403,85.1,1463
2023-03-11 21:50:00,1424,1353,4417,1904,150,3198,0,85.7,4231,85.7,556
2023-03-11 21:52:00,1424,1353,4417,1904,150,3198,0,85.7,4231,85.7,556
2023-03-11 21:54:00,1424,1353,4417,1904,150,3198,0,85.7,4231,85.7,556
2023-03-11 21:56:00,1751,1301,5300,1940,140,3049,0,82.2,5050,83.5,1459
2023-03-11 21:58:00,1751,1301,5300,1940,140,3049,0,82.2,5050,83.5,1459
2023-03-11 22:00:00,1413,1374,4218,1890,168,2946,0,80.9,4883,83.4,576
2023-03-11 22:02:00,1413,1374,4218,1890,168,2946,0,80.9,4883,83.4,576
2023-03-11 22:04:00,1413,1374,4218,1890,168,2946,0,80.9,4883,83.4,576
2023-03-11 22:06:00,1428,1334,4995,1962,144,2615,0.0933,81.0,5113,85.9,1440
2023-03-11 22:08:00,1428,1334,4995,1962,144,2615,0.0933,81.0,5113,85.9,1440
2023-03-11 22:10:00,1367,1348,4436,1890,137,3345,0.0467,86.5,4613,86.3,581
2023-03-11 22:12:00,1367,1348,4436,1890,137,3345,0.0467,86.5,4613,86.3,581
2023-03-11 22:14:00,1367,1348,4436,1890,137,3345,0.0467,86.5,4613,86.3,581
2023-03-11 22:16:00,1751,1367,5113,1832,178,2884,0.0467,82.7,5613,87.6,1456
2023-03-11 22:18:00,1751,1367,5113,1832,178,2884,0.0467,82.7,5613,87.6,1456
2023-03-11 22:20:00,1348,1329,4443,1971,155,2804,0,79.9,4324,83.9,561
2023-03-11 22:22:00,1348,1329,4443,1971,155,2804,0,79.9,4324,83.9,561
2023-03-11 22:24:00,1348,1329,4443,1971,155,2804,0,79.9,4324,83.9,561
2023-03-11 22:26:00,1402,1344,4989,1835,152,3256,0.0467,83.5,4924,86.5,1465
2023-03-11 22:28:00,1402,1344,4989,1835,152,3256,0.0467,83.5,4924,86.5,1465
2023-03-11 22:30:00,1383,1324,4048,1866,152,2936,0,78.5,4665,84.1,548
2023-03-11 22:32:00,1383,1324,4048,1866,152,2936,0,78.5,4665,84.1,548
2023-03-11 22:34:00,1383,1324,4048,1866,152,2936,0,78.5,4665,84.1,548
2023-03-11 22:36:00,1770,1375,5590,1959,151,3008,0,84.2,5293,83.1,1481
2023-03-11 22:38:00,1770,1375,5590,1959,151,3008,0,84.2,5293,83.1,1481
2023-03-11 22:40:00,1393,1359,3892,1922,141,2905,0,78.1,4532,84.2,556
2023-03-11 22:42:00,1393,1359,3892,1922,141,2905,0,78.1,4532,84.2,556
2023-03-11 22:44:00,1393,1359,3892,1922,141,2905,0,78.1,4532,84.2,556
2023-03-11 22:46:00,1354,1333,5271,1812,161,2790,0,82.0,5289,86.9,1450
2023-03-11 22:48:00,1354,1333,5271,1812,161,2790,0,82.0,5289,86.9,1450
2023-03-11 22:50:00,1370,1345,4224,1914,156,3253,0,95.6,4359,82.5,567
2023-03-11 22:52:00,1370,1345,4224,1914,156,3253,0,95.6,4359,82.5,567
2023-03-11 22:54:00,1370,1345,4224,1914,156,3253,0,95.6,4359,82.5,567
2023-03-11 22:56:00,1719,1359,5386,1827,136,2533,0,81.2,5636,87.2,1459
2023-03-11 22:58:00,1719,1359,5386,1827,136,2533,0,81.2,5636,87.2,1459
2023-03-11 23:00:00,1431,1359,4086,1902,171,3368,0.0933,72.7,4438,82.9,565
2023-03-11 23:02:00,1431,1359,4086,1902,171,3368,0.0933,72.7,4438,82.9,565
2023-03-11 23:04:00,1431,1359,4086,1902,171,3368,0.0933,72.7,4438,82.9,565
2023-03-11 23:06:00,1396,1325,4987,1960,149,3051,0,83.4,4934,86.1,1475
2023-03-11 23:08:00,1396,1325,4987,1960,149,3051,0,83.4,4934,86.1,1475
2023-03-11 23:10:00,1350,1331,4488,1802,150,2917,0,86.6,4575,85.9,554
2023-03-11 23:12:00,1350,1331,4488,1802,150,2917,0,86.6,4575,85.9,554
2023-03-11 23:14:00,1350,1331,4488,1802,150,2917,0,86.6,4575,85.9,554
2023-03-11 23:16:00,1359,1360,5000,1912,144,2711,0.0933,78.7,5282,81.5,1480
2023-03-11 23:18:00,1359,1360,5000,1912,144,2711,0.0933,78.7,5282,81.5,1480
2023-03-11 23:20:00,1717,1309,4500,1911,162,2969,0,84.7,4573,86.1,565
2023-03-11 23:22:00,1717,1309,4500,1911,162,2969,0,84.7,4573,86.1,565
2023-03-11 23:24:00,1717,1309,4500,1911,162,2969,0,84.7,4573,86.1,565
2023-03-11 23:26:00,1382,1378,5106,1941,153,3301,0.0467,80.9,5375,83.1,1446
2023-03-11 23:28:00,1382,1378,5106,1941,153,3301,0.0467,80.9,5375,83.1,1446
2023-03-11 23:30:00,1500,1333,4212,1883,152,2585,0,86.3,4043,83.4,574
2023-03-11 23:32:00,1500,1333,4212,1883,152,2585,0,86.3,4043,83.4,574
2023-03-11 23:34:00,1500,1333,4212,1883,152,2585,0,86.3,4043,83.4,574
2023-03-11 23:36:00,1364,1352,5081,1930,154,3119,0,88.5,5366,82.8,1463
2023-03-11 23:38:00,1364,1352,5081,1930,154,3119,0,88.5,5366,82.8,1463
2023-03-11 23:40:00,1741,1382,4238,1948,156,3238,0,80.8,4768,85.8,565
2023-03-11 23:42:00,1741,1382,4238,1948,156,3238,0,80.8,4768,85.8,565
2023-03-11 23:44:00,1741,1382,4238,1948,156,3238,0,80.8,4768,85.8,565
2023-03-11 23:46:00,1408,1323,5181,1918,135,3000,0,75.8,5407,85.0,1445
2023-03-11 23:48:00,1408,1323,5181,1918,135,3000,0,75.8,5407,85.0,1445
2023-03-11 23:50:00,1360,1357,4174,1897,170,2926,0,79.9,4015,86.8,564
2023-03-11 23:52:00,1360,1357,4174,1897,170,2926,0,79.9,4015,86.8,564
2023-03-11 23:54:00,1360,1357,4174,1897,170,2926,0,79.9,4015,86.8,564
2023-03-11 23:56:00,1396,1344,5230,1942,150,2945,0,83.0,5584,84.3,1477
2023-03-11 23:58:00,1396,1344,5230,1942,150,2945,0,83.0,5584,84.3,1477
2023-03-12 00:00:00,1386,1377,4088,1853,154,2999,0.0467,77.7,4049,85.5,552
2023-03-12 00:02:00,1386,1377,4088,1853,154,2999,0.0467,77.7,4049,85.5,552
2023-03-12 00:04:00,1386,1377,4088,1853,154,2999,0.0467,77.7,4049,85.5,552
2023-03-12 00:06:00,1351,1330,5143,1982,144,2797,0,88.3,5275,87.2,1463
2023-03-12 00:08:00,1351,1330,5143,1982,144,2797,0,88.3,5275,87.2,1463
2023-03-12 00:10:00,1790,1331,4375,1915,159,3196,0.0467,85.0,4958,83.8,578
2023-03-12 00:12:00,1790,1331,4375,1915,159,3196,0.0467,85.0,4958,83.8,578
2023-03-12 00:14:00,1790,1331,4375,1915,159,3196,0.0467,85.0,4958,83.8,578
2023-03-12 00:16:00,1393,1362,5235,1900,153,2586,0.0467,81.4,5266,84.5,1436
2023-03-12 00:18:00,1393,1362,5235,1900,153,2586,0.0467,81.4,5266,84.5,1436
2023-03-12 00:20:00,1375,1338,3977,1920,154,3023,0.0467,87.8,4048,83.6,580
2023-03-12 00:22:00,1375,1338,3977,1920,154,3023,0.0467,87.8,4048,83.6,580
2023-03-12 00:24:00,1375,1338,3977,1920,154,3023,0.0467,87.8,4048,83.6,580
2023-03-12 00:26:00,1346,1336,5378,1923,146,3354,0.0467,82.2,5641,83.0,1464
2023-03-12 00:28:00,1346,1336,5378,1923,146,3354,0.0467,82.2,5641,83.0,1464
2023-03-12 00:30:00,1847,1362,4357,1899,144,2632,0,82.7,4417,88.0,554
2023-03-12 00:32:00,1847,1362,4357,1899,144,2632,0,82.7,4417,88.0,554
2023-03-12 00:34:00,1847,1362,4357,1899,144,2632,0,82.7,4417,88.0,554
2023-03-12 00:36:00,1377,1355,5247,1955,169,2983,0,79.7,5524,87.6,1465
2023-03-12 00:38:00,1377,1355,5247,1955,169,2983,0,79.7,5524,87.6,1465
2023-03-12 00:40:00,1349,1314,4204,1908,152,2970,0,79.0,4043,88.7,553
2023-03-12 00:42:00,1349,1314,4204,1908,152,2970,0,79.0,4043,88.7,553
2023-03-12 00:44:00,1349,1314,4204,1908,152,2970,0,79.0,4043,88.7,553
2023-03-12 00:46:00,1369,1360,5026,1894,153,3008,0,74.1,5599,84.6,1453
2023-03-12 00:48:00,1369,1360,5026,1894,153,3008,0,74.1,5599,84.6,1453
2023-03-12 00:50:00,1402,1358,4456,1937,135,2962,0,93.3,4187,82.6,574
2023-03-12 00:52:00,1402,1358,4456,1937,135,2962,0,93.3,4187,82.6,574
2023-03-12 00:54:00,1402,1358,4456,1937,135,2962,0,93.3,4187,82.6,574
2023-03-12 00:56:00,1696,1363,5202,1892,156,3275,0,74.7,5200,85.8,1457
2023-03-12 00:58:00,1696,1363,5202,1892,156,3275,0,74.7,5200,85.8,1457
2023-03-12 01:00:00,1429,1338,4165,1922,165,3055,0.0933,90.2,4930,84.5,572
2023-03-12 01:02:00,1429,1338,4165,1922,165,3055,0.0933,90.2,4930,84.5,572
2023-03-12 01:04:00,1429,1338,4165,1922,165,3055,0.0933,90.2,4930,84.5,572
2023-03-12 01:06:00,1398,1329,4697,1953,131,2768,0,78.1,5252,88.3,1466
2023-03-12 01:08:00,1398,1329,4697,1953,131,2768,0,78.1,5252,88.3,1466
2023-03-12 01:10:00,1743,1352,4847,1901,164,3170,0.0467,79.9,3850,83.0,551
2023-03-12 01:12:00,1743,1352,4847,1901,164,3170,0.0467,79.9,3850,83.0,551
2023-03-12 01:14:00,1743,1352,4847,1901,164,3170,0.0467,79.9,3850,83.0,551
2023-03-12 01:16:00,1381,1364,5069,1887,164,2959,0.0467,80.1,5981,83.9,1456
2023-03-12 01:18:00,1381,1364,5069,1887,164,2959,0.0467,80.1,5981,83.9,1456
2023-03-12 01:20:00,1419,1340,4223,1960,152,3001,0,91.7,4259,86.3,584
2023-03-12 01:22:00,1419,1340,4223,1960,152,3001,0,91.7,4259,86.3,584
2023-03-12 01:24:00,1419,1340,4223,1960,152,3001,0,91.7,4259,86.3,584
2023-03-12 01:26:00,1313,1306,4934,1868,151,2614,0.0467,74.7,5510,85.4,1428
2023-03-12 01:28:00,1313,1306,4934,1868,151,2614,0.0467,74.7,5510,85.4,1428
2023-03-12 01:30:00,1459,1361,4338,1954,151,3101,0,93.0,3864,84.3,576
2023-03-12 01:32:00,1459,1361,4338,1954,151,3101,0,93.0,3864,84.3,576
2023-03-12 01:34:00,1459,1361,4338,1954,151,3101,0,93.0,3864,84.3,576
2023-03-12 01:36:00,1387,1384,5123,1899,144,2892,0,83.7,5754,83.3,1458
2023-03-12 01:38:00,1387,1384,5123,1899,144,2892,0,83.7,5754,83.3,1458
2023-03-12 01:40:00,1743,1347,4540,1942,160,3285,0,85.2,4569,86.3,573
2023-03-12 01:42:00,1743,1347,4540,1942,160,3285,0,85.2,4569,86.3,573
2023-03-12 01:44:00,1743,1347,4540,1942,160,3285,0,85.2,4569,86.3,573
2023-03-12 01:46:00,1383,1323,5104,1901,127,2622,0,85.4,5358,83.9,1465
2023-03-12 01:48:00,1383,1323,5104,1901,127,2622,0,85.4,5358,83.9,1465
2023-03-12 01:50:00,1353,1370,4195,1897,168,3128,0,80.0,4302,85.9,564
2023-03-12 01:52:00,1353,1370,4195,1897,168,3128,0,80.0,4302,85.9,564
2023-03-12 01:54:00,1353,1370,4195,1897,168,3128,0,80.0,4302,85.9,564
2023-03-12 01:56:00,1361,1355,5011,1933,156,3122,0,74.6,5262,86.5,1450
2023-03-12 01:58:00,1361,1355,5011,1933,156,3122,0,74.6,5262,86.5,1450
2023-03-12 02:00:00,1502,1335,4248,1841,160,3051,0.0467,91.0,4082,83.7,558
2023-03-12 02:02:00,1502,1335,4248,1841,160,3051,0.0467,91.0,4082,83.7,558
2023-03-12 02:04:00,1502,1335,4248,1841,160,3051,0.0467,91.0,4082,83.7,558
2023-03-12 02:06:00,1708,1314,5478,1994,153,3003,0.0467,88.6,5763,86.2,1474
2023-03-12 02:08:00,1708,1314,5478,1994,153,3003,0.0467,88.6,5763,86.2,1474
2023-03-12 02:10:00,1344,1364,4036,1884,153,2953,0.0467,81.4,4283,86.0,570
2023-03-12 02:12:00,1344,1364,4036,1884,153,2953,0.0467,81.4,4283,86.0,570
2023-03-12 02:14:00,1344,1364,4036,1884,153,2953,0.0467,81.4,4283,86.0,570
2023-03-12 02:16:00,1451,1355,5202,1804,138,2771,0,82.1,5309,87.0,1437
2023-03-12 02:18:00,1451,1355,5202,1804,138,2771,0,82.1,5309,87.0,1437
2023-03-12 02:20:00,1355,1358,4199,1953,168,3193,0.0467,83.7,4569,87.3,580
2023-03-12 02:22:00,1355,1358,4199,1953,168,3193,0.0467,83.7,4569,87.3,580
2023-03-12 02:24:00,1355,1358,4199,1953,168,3193,0.0467,83.7,4569,87.3,580
2023-03-12 02:26:00,1354,1342,4631,1964,144,2715,0.0467,76.7,5291,83.3,1460
2023-03-12 02:28:00,1354,1342,4631,1964,144,2715,0.0467,76.7,5291,83.3,1460
2023-03-12 02:30:00,1407,1359,4674,1900,157,3281,0,83.7,4411,83.7,562
2023-03-12 02:32:00,1407,1359,4674,1900,157,3281,0,83.7,4411,83.7,562
2023-03-12 02:34:00,1407,1359,4674,1900,157,3281,0,83.7,4411,83.7,562
2023-03-12 02:36:00,1795,1336,5117,1906,134,2934,0,79.8,4849,87.6,1467
2023-03-12 02:38:00,1795,1336,5117,1906,134,2934,0,79.8,4849,87.6,1467
2023-03-12 02:40:00,1380,1357,4188,1886,179,2690,0,78.4,4996,86.3,565
2023-03-12 02:42:00,1380,1357,4188,1886,179,2690,0,78.4,4996,86.3,565
2023-03-12 02:44:00,1380,1357,4188,1886,179,2690,0,78.4,4996,86.3,565
2023-03-12 02:46:00,1356,1361,5214,1937,137,3201,0,85.3,5121,83.5,1449
2023-03-12 02:48:00,1356,1361,5214,1937,137,3201,0,85.3,5121,83.5,1449
2023-03-12 02:50:00,1396,1305,4290,1769,157,3051,0,84.0,4277,89.5,559
2023-03-12 02:52:00,1396,1305,4290,1769,157,3051,0,84.0,4277,89.5,559
2023-03-12 02:54:00,1396,1305,4290,1769,157,3051,0,84.0,4277,89.5,559
2023-03-12 02:56:00,1751,1371,5465,1977,162,2653,0,84.6,5939,85.8,1473
2023-03-12 02:58:00,1751,1371,5465,1977,162,2653,0,84.6,5939,85.8,1473
2023-03-12 03:00:00,1456,1359,4050,1858,136,3309,0.0467,78.8,4351,82.8,546
2023-03-12 03:02:00,1456,1359,4050,1858,136,3309,0.0467,78.8,4351,82.8,546
2023-03-12 03:04:00,1456,1359,4050,1858,136,3309,0.0467,78.8,4351,82.8,546
2023-03-12 03:06:00,1282,1314,5176,1816,176,2749,0,96.1,5252,85.7,1481
2023-03-12 03:08:00,1282,1314,5176,1816,176,2749,0,96.1,5252,85.7,1481
2023-03-12 03:10:00,1438,1373,4263,1910,148,3131,0.0467,80.7,4272,84.7,556
2023-03-12 03:12:00,1438,1373,4263,1910,148,3131,0.0467,80.7,4272,84.7,556
2023-03-12 03:14:00,1438,1373,4263,1910,148,3131,0.0467,80.7,4272,84.7,556
2023-03-12 03:16:00,1727,1317,5045,1925,151,2701,0.0467,73.2,5650,83.5,1454
2023-03-12 03:18:00,1727,1317,5045,1925,151,2701,0.0467,73.2,5650,83.5,1454
2023-03-12 03:20:00,1366,1363,4249,1896,155,2692,0.0933,83.7,4266,86.7,575
2023-03-12 03:22:00,1366,1363,4249,1896,155,2692,0.0933,83.7,4266,86.7,575
2023-03-12 03:24:00,1366,1363,4249,1896,155,2692,0.0933,83.7,4266,86.7,575
2023-03-12 03:26:00,1392,1355,5296,1901,153,3210,0,80.8,4846,86.5,1467
2023-03-12 03:28:00,1392,1355,5296,1901,153,3210,0,80.8,4846,86.5,1467
2023-03-12 03:30:00,1985,1570,5874,3040,160,3328,0,72.3,6122,85.0,569
2023-03-12 03:32:00,1985,1570,5874,3040,160,3328,0,72.3,6122,85.0,569
2023-03-12 03:34:00,1985,1570,5874,3040,160,3328,0,72.3,6122,85.0,569
2023-03-12 03:36:00,2002,1519,5259,2052,153,3003,0,87.1,6233,89.7,1450
2023-03-12 03:38:00,2002,1519,5259,2052,153,3003,0,87.1,6233,89.7,1450
2023-03-12 03:40:00,1321,1362,4646,1881,168,2988,0,91.9,4297,92.6,564
2023-03-12 03:42:00,1321,1362,4646,1881,168,2988,0,91.9,4297,92.6,564
2023-03-12 03:44:00,1321,1362,4646,1881,168,2988,0,91.9,4297,92.6,564
2023-03-12 03:46:00,1747,1347,5293,1930,137,2955,0,82.1,5603,84.2,1166
2023-03-12 03:48:00,1747,1347,5293,1930,137,2955,0,82.1,5603,84.2,1166
2023-03-12 03:50:00,1441,1369,4217,1905,159,2931,0,86.1,4287,83.5,870
2023-03-12 03:52:00,1441,1369,4217,1905,159,2931,0,86.1,4287,83.5,870
2023-03-12 03:54:00,1441,1369,4217,1905,159,2931,0,86.1,4287,83.5,870
2023-03-12 03:56:00,1355,1311,4592,1965,156,2834,0,80.7,5320,88.7,1213
2023-03-12 03:58:00,1355,1311,4592,1965,156,2834,0,80.7,5320,88.7,1213
2023-03-12 04:00:00,1778,1381,4972,1892,157,2600,0.0467,86.4,4677,84.0,809
2023-03-12 04:02:00,1778,1381,4972,1892,157,2600,0.0467,86.4,4677,84.0,809
2023-03-12 04:04:00,1778,1381,4972,1892,157,2600,0.0467,86.4,4677,84.0,809
2023-03-12 04:06:00,1409,1317,4612,1931,136,3174,0.0467,76.9,5217,85.6,904
2023-03-12 04:08:00,1409,1317,4612,1931,136,3174,0.0467,76.9,5217,85.6,904
2023-03-12 04:10:00,1395,1361,4724,1920,154,3321,0,80.2,4462,84.3,1102
2023-03-12 04:12:00,1395,1361,4724,1920,154,3321,0,80.2,4462,84.3,1102
2023-03-12 04:14:00,1395,1361,4724,1920,154,3321,0,80.2,4462,84.3,1102
2023-03-12 04:16:00,1326,1367,4843,1925,164,2992,0.0933,83.8,5118,82.5,560
2023-03-12 04:18:00,1326,1367,4843,1925,164,2992,0.0933,83.8,5118,82.5,560
2023-03-12 04:20:00,1409,1333,4471,1903,160,2356,0.0467,87.2,4277,85.6,1471
2023-03-12 04:22:00,1409,1333,4471,1903,160,2356,0.0467,87.2,4277,85.6,1471
2023-03-12 04:24:00,1409,1333,4471,1903,160,2356,0.0467,87.2,4277,85.6,1471
2023-03-12 04:26:00,1365,1347,4356,1930,149,3619,0,84.5,5328,84.0,774
2023-03-12 04:28:00,1365,1347,4356,1930,149,3619,0,84.5,5328,84.0,774
2023-03-12 04:30:00,1788,1336,5255,1911,146,2440,0,89.4,4590,84.9,1240
2023-03-12 04:32:00,1788,1336,5255,1911,146,2440,0,89.4,4590,84.9,1240
2023-03-12 04:34:00,1788,1336,5255,1911,146,2440,0,89.4,4590,84.9,1240
2023-03-12 04:36:00,1416,1370,3886,1916,147,3142,0,81.3,5291,84.1,574
2023-03-12 04:38:00,1416,1370,3886,1916,147,3142,0,81.3,5291,84.1,574
2023-03-12 04:40:00,1332,1308,5307,1883,169,2764,0,85.5,4466,84.7,1454
2023-03-12 04:42:00,1332,1308,5307,1883,169,2764,0,85.5,4466,84.7,1454
2023-03-12 04:44:00,1332,1308,5307,1883,169,2764,0,85.5,4466,84.7,1454
2023-03-12 04:46:00,1448,1360,4873,1941,142,3623,0,75.6,4506,87.5,560
2023-03-12 04:48:00,1448,1360,4873,1941,142,3623,0,75.6,4506,87.5,560
2023-03-12 04:50:00,1363,1354,4403,1855,151,2884,0,83.1,5074,83.1,1469
2023-03-12 04:52:00,1363,1354,4403,1855,151,2884,0,83.1,5074,83.1,1469
2023-03-12 04:54:00,1363,1354,4403,1855,151,2884,0,83.1,5074,83.1,1469
2023-03-12 04:56:00,1378,1348,4718,1921,142,2610,0,84.5,4929,82.3,576
2023-03-12 04:58:00,1378,1348,4718,1921,142,2610,0,84.5,4929,82.3,576
2023-03-12 05:00:00,1818,1341,4759,1983,151,3350,0.0467,80.0,5270,86.5,1444
2023-03-12 05:02:00,1818,1341,4759,1983,151,3350,0.0467,80.0,5270,86.5,1444
2023-03-12 05:04:00,1818,1341,4759,1983,151,3350,0.0467,80.0,5270,86.5,1444
2023-03-12 05:06:00,1305,1337,4338,1874,168,2983,0.0467,77.7,4525,84.1,559
2023-03-12 05:08:00,1305,1337,4338,1874,168,2983,0.0467,77.7,4525,84.1,559
2023-03-12 05:10:00,1387,1360,5265,1870,162,3098,0,90.8,4815,82.8,1466
2023-03-12 05:12:00,1387,1360,5265,1870,162,3098,0,90.8,4815,82.8,1466
2023-03-12 05:14:00,1387,1360,5265,1870,162,3098,0,90.8,4815,82.8,1466
2023-03-12 05:16:00,1357,1321,4139,1991,150,2880,0.0933,76.9,4964,82.4,565
2023-03-12 05:18:00,1357,1321,4139,1991,150,2880,0.0933,76.9,4964,82.4,565
2023-03-12 05:20:00,1444,1391,5246,1922,149,2687,0.0467,81.6,5064,86.6,1448
2023-03-12 05:22:00,1444,1391,5246,1922,149,2687,0.0467,81.6,5064,86.6,1448
2023-03-12 05:24:00,1444,1391,5246,1922,149,2687,0.0467,81.6,5064,86.6,1448
2023-03-12 05:26:00,1726,1354,4044,1938,144,2949,0,87.8,4623,86.9,567
2023-03-12 05:28:00,1726,1354,4044,1938,144,2949,0,87.8,4623,86.9,567
2023-03-12 05:30:00,1410,1306,5270,1914,158,3023,0,78.3,5079,86.9,1451
2023-03-12 05:32:00,1410,1306,5270,1914,158,3023,0,78.3,5079,86.9,1451
2023-03-12 05:34:00,1410,1306,5270,1914,158,3023,0,78.3,5079,86.9,1451
2023-03-12 05:36:00,1403,1358,4289,1893,157,2766,0,89.8,4267,83.9,584
2023-03-12 05:38:00,1403,1358,4289,1893,157,2766,0,89.8,4267,83.9,584
2023-03-12 05:40:00,1316,1348,5036,1914,146,3499,0,83.7,5291,85.5,1446
2023-03-12 05:42:00,1316,1348,5036,1914,146,3499,0,83.7,5291,85.5,1446
2023-03-12 05:44:00,1316,1348,5036,1914,146,3499,0,83.7,5291,85.5,1446
2023-03-12 05:46:00,1424,1327,4222,1921,145,2776,0,83.5,4575,83.0,559
2023-03-12 05:48:00,1424,1327,4222,1921,145,2776,0,83.5,4575,83.0,559
2023-03-12 05:50:00,1739,1337,5236,1904,164,2905,0,73.5,5560,87.5,1465
2023-03-12 05:52:00,1739,1337,5236,1904,164,2905,0,73.5,5560,87.5,1465
2023-03-12 05:54:00,1739,1337,5236,1904,164,2905,0,73.5,5560,87.5,1465
2023-03-12 05:56:00,1391,1376,4457,1916,157,2733,0,87.9,4294,86.6,556
2023-03-12 05:58:00,1391,1376,4457,1916,157,2733,0,87.9,4294,86.6,556
2023-03-12 06:00:00,1445,1359,5072,1929,151,3575,0.0467,82.2,5141,82.4,1466
2023-03-12 06:02:00,1445,1359,5072,1929,151,3575,0.0467,82.2,5141,82.4,1466
2023-03-12 06:04:00,1445,1359,5072,1929,151,3575,0.0467,82.2,5141,82.4,1466
2023-03-12 06:06:00,1780,1351,4611,1900,150,2558,0.0467,71.8,4961,86.9,580
2023-03-12 06:08:00,1780,1351,4611,1900,150,2558,0.0467,71.8,4961,86.9,580
2023-03-12 06:10:00,1306,1356,4722,1815,154,3375,0.0467,85.7,5281,87.5,1458
2023-03-12 06:12:00,1306,1356,4722,1815,154,3375,0.0467,85.7,5281,87.5,1458
2023-03-12 06:14:00,1306,1356,4722,1815,154,3375,0.0467,85.7,5281,87.5,1458
2023-03-12 06:16:00,1407,1341,4657,2029,154,2966,0,87.8,4312,82.9,555
2023-03-12 06:18:00,1407,1341,4657,2029,154,2966,0,87.8,4312,82.9,555
2023-03-12 06:20:00,1351,1346,4743,1858,156,2972,0.0933,80.1,5033,85.5,1469
2023-03-12 06:22:00,1351,1346,4743,1858,156,2972,0.0933,80.1,5033,85.5,1469
2023-03-12 06:24:00,1351,1346,4743,1858,156,2972,0.0933,80.1,5033,85.5,1469
2023-03-12 06:26:00,1365,1333,4241,1835,148,3026,0,80.5,4611,86.1,568
2023-03-12 06:28:00,1365,1333,4241,1835,148,3026,0,80.5,4611,86.1,568
2023-03-12 06:30:00,1841,1350,5248,1914,141,2888,0,87.2,5604,87.0,1448
2023-03-12 06:32:00,1841,1350,5248,1914,141,2888,0,87.2,5604,87.0,1448
2023-03-12 06:34:00,1841,1350,5248,1914,141,2888,0,87.2,5604,87.0,1448
2023-03-12 06:36:00,1386,1327,4321,1930,168,3062,0,81.6,4270,82.5,570
2023-03-12 06:38:00,1386,1327,4321,1930,168,3062,0,81.6,4270,82.5,570
2023-03-12 06:40:00,1342,1354,5259,1867,155,2950,0,83.1,5316,88.1,1469
2023-03-12 06:42:00,1342,1354,5259,1867,155,2950,0,83.1,5316,88.1,1469
2023-03-12 06:44:00,1342,1354,5259,1867,155,2950,0,83.1,5316,88.1,1469
2023-03-12 06:46:00,1406,1377,3935,1955,147,2720,0,83.6,3989,83.5,548
2023-03-12 06:48:00,1406,1377,3935,1955,147,2720,0,83.6,3989,83.5,548
2023-03-12 06:50:00,1726,1318,5303,1869,157,3235,0,77.0,5850,83.2,1469
2023-03-12 06:52:00,1726,1318,5303,1869,157,3235,0,77.0,5850,83.2,1469
2023-03-12 06:54:00,1726,1318,5303,1869,157,3235,0,77.0,5850,83.2,1469
2023-03-12 06:56:00,1393,1352,4293,1847,152,2938,0,85.0,4426,87.2,571
2023-03-12 06:58:00,1393,1352,4293,1847,152,2938,0,85.0,4426,87.2,571
2023-03-12 07:00:00,1458,1341,5256,1851,152,2999,0,72.5,5239,86.7,1455
2023-03-12 07:02:00,1458,1341,5256,1851,152,2999,0,72.5,5239,86.7,1455
2023-03-12 07:04:00,1458,1341,5256,1851,152,2999,0,72.5,5239,86.7,1455
2023-03-12 07:06:00,1371,1347,4325,1932,138,2438,0.0933,87.2,4368,86.6,564
2023-03-12 07:08:00,1371,1347,4325,1932,138,2438,0.0933,87.2,4368,86.6,564
2023-03-12 07:10:00,1334,1363,4734,1799,162,3543,0,87.4,5285,85.4,1450
2023-03-12 07:12:00,1334,1363,4734,1799,162,3543,0,87.4,5285,85.4,1450
2023-03-12 07:14:00,1334,1363,4734,1799,162,3543,0,87.4,5285,85.4,1450
2023-03-12 07:16:00,1793,1313,4778,1943,138,2889,0.0467,84.1,4630,83.5,555
2023-03-12 07:18:00,1793,1313,4778,1943,138,2889,0.0467,84.1,4630,83.5,555
2023-03-12 07:20:00,1382,1360,4571,1897,166,2986,0.0933,87.2,4680,85.4,1456
2023-03-12 07:22:00,1382,1360,4571,1897,166,2986,0.0933,87.2,4680,85.4,1456
2023-03-12 07:24:00,1382,1360,4571,1897,166,2986,0.0933,87.2,4680,85.4,1456
2023-03-12 07:26:00,1383,1323,4247,1929,159,2834,0,75.6,4675,83.7,562
2023-03-12 07:28:00,1383,1323,4247,1929,159,2834,0,75.6,4675,83.7,562
2023-03-12 07:30:00,1428,1388,6248,2047,153,3161,0,82.0,6366,84.8,1466
2023-03-12 07:32:00,1428,1388,6248,2047,153,3161,0,82.0,6366,84.8,1466
2023-03-12 07:34:00,1428,1388,6248,2047,153,3161,0,82.0,6366,84.8,1466
2023-03-12 07:36:00,1721,1314,4605,1891,137,2986,0,81.2,4783,84.5,579
2023-03-12 07:38:00,1721,1314,4605,1891,137,2986,0,81.2,4783,84.5,579
2023-03-12 07:40:00,1403,1340,5263,1947,154,2985,0,91.5,5286,83.1,1447
2023-03-12 07:42:00,1403,1340,5263,1947,154,2985,0,91.5,5286,83.1,1447
2023-03-12 07:44:00,1403,1340,5263,1947,154,2985,0,91.5,5286,83.1,1447
2023-03-12 07:46:00,1307,1405,4061,1877,147,2949,0,87.7,4154,86.5,557
2023-03-12 07:48:00,1307,1405,4061,1877,147,2949,0,87.7,4154,86.5,557
2023-03-12 07:50:00,1793,1308,5408,1921,174,2758,0,77.9,5597,86.2,1464
2023-03-12 07:52:00,1793,1308,5408,1921,174,2758,0,77.9,5597,86.2,1464
2023-03-12 07:54:00,1793,1308,5408,1921,174,2758,0,77.9,5597,86.2,1464
2023-03-12 07:56:00,1361,1355,4265,1936,152,3254,0,90.5,4656,84.4,570
2023-03-12 07:58:00,1361,1355,4265,1936,152,3254,0,90.5,4656,84.4,570
2023-03-12 08:00:00,1448,1358,4837,1891,156,2980,0.0467,84.4,5343,82.6,1444
2023-03-12 08:02:00,1448,1358,4837,1891,156,2980,0.0467,84.4,5343,82.6,1444
2023-03-12 08:04:00,1448,1358,4837,1891,156,2980,0.0467,84.4,5343,82.6,1444
2023-03-12 08:06:00,1314,1334,4631,1944,144,2982,0,75.5,3683,83.7,571
2023-03-12 08:08:00,1314,1334,4631,1944,144,2982,0,75.5,3683,83.7,571
2023-03-12 08:10:00,1786,1331,5084,1839,160,2907,0.0467,77.6,6125,86.1,1450
2023-03-12 08:12:00,1786,1331,5084,1839,160,2907,0.0467,77.6,6125,86.1,1450
2023-03-12 08:14:00,1786,1331,5084,1839,160,2907,0.0467,77.6,6125,86.1,1450
2023-03-12 08:16:00,1407,1354,4411,1984,151,2962,0,87.6,4357,82.9,586
2023-03-12 08:18:00,1407,1354,4411,1984,151,2962,0,87.6,4357,82.9,586
2023-03-12 08:20:00,1380,1337,5048,1927,152,3012,0.0467,75.7,5288,84.6,1465
2023-03-12 08:22:00,1380,1337,5048,1927,152,3012,0.0467,75.7,5288,84.6,1465
2023-03-12 08:24:00,1380,1337,5048,1927,152,3012,0.0467,75.7,5288,84.6,1465
2023-03-12 08:26:00,1379,1381,4116,1912,145,2991,0.0933,86.1,4414,82.8,556
2023-03-12 08:28:00,1379,1381,4116,1912,145,2991,0.0933,86.1,4414,82.8,556
2023-03-12 08:30:00,1424,1341,5155,1898,160,2776,0,86.9,4820,85.9,1468
2023-03-12 08:32:00,1424,1341,5155,1898,160,2776,0,86.9,4820,85.9,1468
2023-03-12 08:34:00,1424,1341,5155,1898,160,2776,0,86.9,4820,85.9,1468
2023-03-12 08:36:00,1779,1316,4693,1888,154,2827,0,89.9,5253,86.9,570
2023-03-12 08:38:00,1779,1316,4693,1888,154,2827,0,89.9,5253,86.9,570
2023-03-12 08:40:00,1318,1390,4770,1984,154,3282,0,77.0,5189,86.8,1460
2023-03-12 08:42:00,1318,1390,4770,1984,154,3282,0,77.0,5189,86.8,1460
2023-03-12 08:44:00,1318,1390,4770,1984,154,3282,0,77.0,5189,86.8,1460
2023-03-12 08:46:00,1390,1328,4052,1803,141,2658,0,72.3,4012,85.4,549
2023-03-12 08:48:00,1390,1328,4052,1803,141,2658,0,72.3,4012,85.4,549
2023-03-12 08:50:00,1375,1346,5041,1990,163,3112,0,96.3,5599,87.1,1467
2023-03-12 08:52:00,1375,1346,5041,1990,163,3112,0,96.3,5599,87.1,1467
2023-03-12 08:54:00,1375,1346,5041,1990,163,3112,0,96.3,5599,87.1,1467
2023-03-12 08:56:00,1760,1347,4883,1958,132,3238,0,77.0,4287,83.6,562
2023-03-12 08:58:00,1760,1347,4883,1958,132,3238,0,77.0,4287,83.6,562
2023-03-12 09:00:00,1368,1341,5125,1870,158,2991,0.0467,84.0,5631,86.4,1458
2023-03-12 09:02:00,1368,1341,5125,1870,158,2991,0.0467,84.0,5631,86.4,1458
2023-03-12 09:04:00,1368,1341,5125,1870,158,2991,0.0467,84.0,5631,86.4,1458
2023-03-12 09:06:00,1442,1367,4272,1944,167,2567,0,78.4,4366,87.1,581
2023-03-12 09:08:00,1442,1367,4272,1944,167,2567,0,78.4,4366,87.1,581
2023-03-12 09:10:00,1373,1343,5036,1930,129,2955,0.0467,77.3,4726,85.3,1465
2023-03-12 09:12:00,1373,1343,5036,1930,129,2955,0.0467,77.3,4726,85.3,1465
2023-03-12 09:14:00,1373,1343,5036,1930,129,2955,0.0467,77.3,4726,85.3,1465
2023-03-12 09:16:00,1312,1328,4034,1926,177,3356,0,83.8,4930,84.0,558
2023-03-12 09:18:00,1312,1328,4034,1926,177,3356,0,83.8,4930,84.0,558
2023-03-12 09:20:00,1382,1351,5092,1901,151,2693,0,88.6,4812,87.1,1460
2023-03-12 09:22:00,1382,1351,5092,1901,151,2693,0,88.6,4812,87.1,1460
2023-03-12 09:24:00,1382,1351,5092,1901,151,2693,0,88.6,4812,87.1,1460
2023-03-12 09:26:00,1787,1335,4752,1927,147,3239,0.0933,83.6,5074,86.4,582
2023-03-12 09:28:00,1787,1335,4752,1927,147,3239,0.0933,83.6,5074,86.4,582
2023-03-12 09:30:00,1416,1365,4811,1936,161,3036,0.0467,75,5096,85.3,1437
2023-03-12 09:32:00,1416,1365,4811,1936,161,3036,0.0467,75,5096,85.3,1437
2023-03-12 09:34:00,1416,1365,4811,1936,161,3036,0.0467,75,5096,85.3,1437
2023-03-12 09:36:00,1365,1335,4440,1907,126,2945,0,93.9,4605,86.1,576
2023-03-12 09:38:00,1365,1335,4440,1907,126,2945,0,93.9,4605,86.1,576
2023-03-12 09:40:00,1761,1354,5044,1851,175,2909,0,79.6,5489,84.4,1475
2023-03-12 09:42:00,1761,1354,5044,1851,175,2909,0,79.6,5489,84.4,1475
2023-03-12 09:44:00,1761,1354,5044,1851,175,2909,0,79.6,5489,84.4,1475
2023-03-12 09:46:00,1399,1338,4307,1976,152,2458,0,85.0,4089,85.3,564
2023-03-12 09:48:00,1399,1338,4307,1976,152,2458,0,85.0,4089,85.3,564
2023-03-12 09:50:00,1403,1351,5058,1892,134,3561,0,80.0,5591,84.1,1448
2023-03-12 09:52:00,1403,1351,5058,1892,134,3561,0,80.0,5591,84.1,1448
2023-03-12 09:54:00,1403,1351,5058,1892,134,3561,0,80.0,5591,84.1,1448
2023-03-12 09:56:00,1303,1338,4494,1921,172,2941,0,83.8,4467,85.5,579
2023-03-12 09:58:00,1303,1338,4494,1921,172,2941,0,83.8,4467,85.5,579
2023-03-12 10:00:00,1483,1371,5093,1933,143,3063,0,77.8,5287,85.0,1453
2023-03-12 10:02:00,1483,1371,5093,1933,143,3063,0,77.8,5287,85.0,1453
2023-03-12 10:04:00,1483,1371,5093,1933,143,3063,0,77.8,5287,85.0,1453
2023-03-12 10:06:00,1731,1346,4240,1931,162,2903,0.0467,77.3,4602,86.6,582
2023-03-12 10:08:00,1731,1346,4240,1931,162,2903,0.0467,77.3,4602,86.6,582
2023-03-12 10:10:00,1422,1316,5338,1878,139,2822,0.0467,87.8,5080,81.3,1453
2023-03-12 10:12:00,1422,1316,5338,1878,139,2822,0.0467,87.8,5080,81.3,1453
2023-03-12 10:14:00,1422,1316,5338,1878,139,2822,0.0467,87.8,5080,81.3,1453
2023-03-12 10:16:00,1386,1353,4067,1888,166,3210,0,92.8,4608,85.4,555
2023-03-12 10:18:00,1386,1353,4067,1888,166,3210,0,92.8,4608,85.4,555
2023-03-12 10:20:00,1716,1388,5439,1926,140,2938,0,81.9,5563,87.6,1469
2023-03-12 10:22:00,1716,1388,5439,1926,140,2938,0,81.9,5563,87.6,1469
2023-03-12 10:24:00,1716,1388,5439,1926,140,2938,0,81.9,5563,87.6,1469
2023-03-12 10:26:00,1376,1311,4238,1906,146,2930,0.0467,70.9,4296,85.9,562
2023-03-12 10:28:00,1376,1311,4238,1906,146,2930,0.0467,70.9,4296,85.9,562
2023-03-12 10:30:00,1378,1376,5041,1841,155,2980,0.0467,84.9,5191,85.2,1456
2023-03-12 10:32:00,1378,1376,5041,1841,155,2980,0.0467,84.9,5191,85.2,1456
2023-03-12 10:34:00,1378,1376,5041,1841,155,2980,0.0467,84.9,5191,85.2,1456
2023-03-12 10:36:00,1395,1338,4339,1887,162,2716,0.0467,85.3,4333,86.0,581
2023-03-12 10:38:00,1395,1338,4339,1887,162,2716,0.0467,85.3,4333,86.0,581
2023-03-12 10:40:00,1753,1328,5163,1953,144,3240,0,89.2,5787,81.1,1431
2023-03-12 10:42:00,1753,1328,5163,1953,144,3240,0,89.2,5787,81.1,1431
2023-03-12 10:44:00,1753,1328,5163,1953,144,3240,0,89.2,5787,81.1,1431
2023-03-12 10:46:00,1390,1347,4168,1887,161,3001,0,77.6,4411,87.0,582
2023-03-12 10:48:00,1390,1347,4168,1887,161,3001,0,77.6,4411,87.0,582
2023-03-12 10:50:00,1400,1350,5251,1813,148,3035,0,85.3,4830,83.4,1452
2023-03-12 10:52:00,1400,1350,5251,1813,148,3035,0,85.3,4830,83.4,1452
2023-03-12 10:54:00,1400,1350,5251,1813,148,3035,0,85.3,4830,83.4,1452
2023-03-12 10:56:00,1305,1373,4030,2011,161,2607,0,79.5,4347,82.4,580
2023-03-12 10:58:00,1305,1373,4030,2011,161,2607,0,79.5,4347,82.4,580
2023-03-12 11:00:00,1857,1337,5635,1858,145,3306,0.0467,76.6,6104,88.6,1451
2023-03-12 11:02:00,1857,1337,5635,1858,145,3306,0.0467,76.6,6104,88.6,1451
2023-03-12 11:04:00,1857,1337,5635,1858,145,3306,0.0467,76.6,6104,88.6,1451
2023-03-12 11:06:00,1325,1347,4244,1835,148,2904,0,88.2,4274,84.7,551
2023-03-12 11:08:00,1325,1347,4244,1835,148,2904,0,88.2,4274,84.7,551
2023-03-12 11:10:00,1418,1343,4712,1915,159,2992,0,81.5,4819,86.7,1465
2023-03-12 11:12:00,1418,1343,4712,1915,159,2992,0,81.5,4819,86.7,1465
2023-03-12 11:14:00,1418,1343,4712,1915,159,2992,0,81.5,4819,86.7,1465
2023-03-12 11:16:00,1761,1366,4595,1854,152,2776,0.0467,87.5,4811,84.3,554
2023-03-12 11:18:00,1761,1366,4595,1854,152,2776,0.0467,87.5,4811,84.3,554
2023-03-12 11:20:00,1381,1304,5265,1867,153,3023,0,79.5,5048,87.0,1475
2023-03-12 11:22:00,1381,1304,5265,1867,153,3023,0,79.5,5048,87.0,1475
2023-03-12 11:24:00,1381,1304,5265,1867,153,3023,0,79.5,5048,87.0,1475
2023-03-12 11:26:00,1341,1352,4160,1944,162,2833,0,71.5,4136,82.0,544
2023-03-12 11:28:00,1341,1352,4160,1944,162,2833,0,71.5,4136,82.0,544
2023-03-12 11:30:00,1466,1383,5013,1910,148,3326,0.0933,93.4,5487,84.3,1240
2023-03-12 11:32:00,1466,1383,5013,1910,148,3326,0.0933,93.4,5487,84.3,1240
2023-03-12 11:34:00,1466,1383,5013,1910,148,3326,0.0933,93.4,5487,84.3,1240
2023-03-12 11:36:00,1356,1330,4245,1877,154,2999,0.0467,74.4,4784,86.9,805
2023-03-12 11:38:00,1356,1330,4245,1877,154,2999,0.0467,74.4,4784,86.9,805
2023-03-12 11:40:00,1759,1365,5184,1954,139,2399,0,87.6,4311,88.5,954
2023-03-12 11:42:00,1759,1365,5184,1954,139,2399,0,87.6,4311,88.5,954
2023-03-12 11:44:00,1759,1365,5184,1954,139,2399,0,87.6,4311,88.5,954
2023-03-12 11:46:00,1393,1338,4446,1936,166,3568,0,76.6,5321,85.0,1063
2023-03-12 11:48:00,1393,1338,4446,1936,166,3568,0,76.6,5321,85.0,1063
2023-03-12 11:50:00,1352,1301,4469,1913,151,2284,0,85.3,5445,84.4,764
2023-03-12 11:52:00,1352,1301,4469,1913,151,2284,0,85.3,5445,84.4,764
2023-03-12 11:54:00,1352,1301,4469,1913,151,2284,0,85.3,5445,84.4,764
2023-03-12 11:56:00,1390,1373,4731,1925,155,3379,0,89.5,4366,83.9,1267
2023-03-12 11:58:00,1390,1373,4731,1925,155,3379,0,89.5,4366,83.9,1267
2023-03-12 12:00:00,1418,1378,4579,1913,152,2890,0.0467,80.2,4640,84.0,771
2023-03-12 12:02:00,1418,1378,4579,1913,152,2890,0.0467,80.2,4640,84.0,771
2023-03-12 12:04:00,1418,1378,4579,1913,152,2890,0.0467,80.2,4640,84.0,771
2023-03-12 12:06:00,1775,1331,4810,1876,145,3312,0,80.6,5492,93.2,1248
2023-03-12 12:08:00,1775,1331,4810,1876,145,3312,0,80.6,5492,93.2,1248
2023-03-12 12:10:00,1380,1319,5101,1910,161,2922,0,84.2,5050,84.7,589
2023-03-12 12:12:00,1380,1319,5101,1910,161,2922,0,84.2,5050,84.7,589
2023-03-12 12:14:00,1380,1319,5101,1910,161,2922,0,84.2,5050,84.7,589
2023-03-12 12:16:00,1372,1373,4495,1938,141,2664,0.0467,86.0,4538,84.1,1433
2023-03-12 12:18:00,1372,1373,4495,1938,141,2664,0.0467,86.0,4538,84.1,1433
2023-03-12 12:20:00,1352,1351,4675,1933,171,3320,0,86.3,4949,86.0,562
2023-03-12 12:22:00,1352,1351,4675,1933,171,3320,0,86.3,4949,86.0,562
2023-03-12 12:24:00,1352,1351,4675,1933,171,3320,0,86.3,4949,86.0,562
2023-03-12 12:26:00,1780,1346,4869,1939,149,2993,0,77.6,5034,86.5,1463
2023-03-12 12:28:00,1780,1346,4869,1939,149,2993,0,77.6,5034,86.5,1463
2023-03-12 12:30:00,1459,1328,4647,1907,135,2992,0.140,88.0,4719,83.0,575
2023-03-12 12:32:00,1459,1328,4647,1907,135,2992,0.140,88.0,4719,83.0,575
2023-03-12 12:34:00,1459,1328,4647,1907,135,2992,0.140,88.0,4719,83.0,575
2023-03-12 12:36:00,1328,1346,4697,1879,161,2945,0,76.8,4861,84.9,1447
2023-03-12 12:38:00,1328,1346,4697,1879,161,2945,0,76.8,4861,84.9,1447
2023-03-12 12:40:00,1394,1371,4176,1960,165,2930,0,81.2,4722,86.5,574
2023-03-12 12:42:00,1394,1371,4176,1960,165,2930,0,81.2,4722,86.5,574
2023-03-12 12:44:00,1394,1371,4176,1960,165,2930,0,81.2,4722,86.5,574
2023-03-12 12:46:00,1741,1371,5440,1914,154,3080,0,76.6,5102,84.7,1466
2023-03-12 12:48:00,1741,1371,5440,1914,154,3080,0,76.6,5102,84.7,1466
2023-03-12 12:50:00,1386,1296,4166,1860,146,2745,0,96.0,4821,85.8,557
2023-03-12 12:52:00,1386,1296,4166,1860,146,2745,0,96.0,4821,85.8,557
2023-03-12 12:54:00,1386,1296,4166,1860,146,2745,0,96.0,4821,85.8,557
2023-03-12 12:56:00,1359,1354,4881,1997,164,2772,0,78.2,4744,85.7,1457
2023-03-12 12:58:00,1359,1354,4881,1997,164,2772,0,78.2,4744,85.7,1457
2023-03-12 13:00:00,1432,1357,4665,1910,143,3421,29.7,80.2,4585,83.4,573
2023-03-12 13:02:00,1432,1357,4665,1910,143,3421,29.7,80.2,4585,83.4,573
2023-03-12 13:04:00,1432,1357,4665,1910,143,3421,29.7,80.2,4585,83.4,573
2023-03-12 13:06:00,1720,1336,5351,1921,161,2903,0.301,80.8,5749,85.4,1460
2023-03-12 13:08:00,1720,1336,5351,1921,161,2903,0.301,80.8,5749,85.4,1460
2023-03-12 13:10:00,1396,1365,4191,1932,143,2968,9.71,84.3,4627,83.3,550
2023-03-12 13:12:00,1396,1365,4191,1932,143,2968,9.71,84.3,4627,83.3,550
2023-03-12 13:14:00,1396,1365,4191,1932,143,2968,9.71,84.3,4627,83.3,550
2023-03-12 13:16:00,1363,1330,5263,1907,157,3066,1.96,89.7,4644,85.0,1462
2023-03-12 13:18:00,1363,1330,5263,1907,157,3066,1.96,89.7,4644,85.0,1462
2023-03-12 13:20:00,1396,1351,3979,1915,154,2839,12.0,81.2,4649,82.8,578
2023-03-12 13:22:00,1396,1351,3979,1915,154,2839,12.0,81.2,4649,82.8,578
2023-03-12 13:24:00,1396,1351,3979,1915,154,2839,12.0,81.2,4649,82.8,578
2023-03-12 13:26:00,1369,1340,5255,1840,158,3018,2.17,81.6,5558,86.3,1457
2023-03-12 13:28:00,1369,1340,5255,1840,158,3018,2.17,81.6,5558,86.3,1457
2023-03-12 13:30:00,3012,1788,6438,3184,149,2986,2.17,81.1,6828,87.8,556
2023-03-12 13:32:00,3012,1788,6438,3184,149,2986,2.17,81.1,6828,87.8,556
2023-03-12 13:34:00,3012,1788,6438,3184,149,2986,2.17,81.1,6828,87.8,556
2023-03-12 13:36:00,1334,1385,5305,1965,174,2777,3.93,94.5,4981,88.0,1453
2023-03-12 13:38:00,1334,1385,5305,1965,174,2777,3.93,94.5,4981,88.0,1453
2023-03-12 13:40:00,1394,1305,4108,1925,147,2687,3.85,75.6,4687,96.2,566
2023-03-12 13:42:00,1394,1305,4108,1925,147,2687,3.85,75.6,4687,96.2,566
2023-03-12 13:44:00,1394,1305,4108,1925,147,2687,3.85,75.6,4687,96.2,566
2023-03-12 13:46:00,1354,1377,5214,1909,139,2980,1.96,89.9,5306,83.7,1472
2023-03-12 13:48:00,1354,1377,5214,1909,139,2980,1.96,89.9,5306,83.7,1472
2023-03-12 13:50:00,1804,1336,4551,1903,168,3534,2.08,88.2,4373,83.7,570
2023-03-12 13:52:00,1804,1336,4551,1903,168,3534,2.08,88.2,4373,83.7,570
2023-03-12 13:54:00,1804,1336,4551,1903,168,3534,2.08,88.2,4373,83.7,570
2023-03-12 13:56:00,1342,1313,4925,1939,139,3014,2.15,85.2,5369,84.0,1448
2023-03-12 13:58:00,1342,1313,4925,1939,139,3014,2.15,85.2,5369,84.0,1448
2023-03-12 14:00:00,1474,1364,4284,1882,165,2956,2.12,78.9,4690,85.0,574

